--
-- PostgreSQL database dump
--

\restrict 4AVKlu1aoqmlsyQ7Fbo2u34ickffGciVNwoKp6N0BJFsVik0CcTsOfRk3SLg9Ox

-- Dumped from database version 17.6
-- Dumped by pg_dump version 17.6

SET statement_timeout = 0;
SET lock_timeout = 0;
SET idle_in_transaction_session_timeout = 0;
SET transaction_timeout = 0;
SET client_encoding = 'UTF8';
SET standard_conforming_strings = on;
SELECT pg_catalog.set_config('search_path', '', false);
SET check_function_bodies = false;
SET xmloption = content;
SET client_min_messages = warning;
SET row_security = off;

--
-- Name: public; Type: SCHEMA; Schema: -; Owner: pg_database_owner
--

CREATE SCHEMA public;


ALTER SCHEMA public OWNER TO pg_database_owner;

--
-- Name: SCHEMA public; Type: COMMENT; Schema: -; Owner: pg_database_owner
--

COMMENT ON SCHEMA public IS 'standard public schema';


--
-- Name: accept_association_invitation(text); Type: FUNCTION; Schema: public; Owner: postgres
--

CREATE FUNCTION public.accept_association_invitation(target_token text) RETURNS json
    LANGUAGE plpgsql SECURITY DEFINER
    AS $$
declare
  v_invitation public.association_invitations;
  v_profile_id uuid;
  v_membership_id uuid;
  v_result json;
begin
  -- Find pending invitation
  select * into v_invitation
  from public.association_invitations
  where token = target_token and status = 'pending';

  if not found then
    raise exception 'Invitation introuvable ou déjà acceptée.';
  end if;

  -- Get calling user's profile
  select id into v_profile_id from public.user_profiles where user_id = auth.uid();
  if v_profile_id is null then
    raise exception 'Profil utilisateur introuvable.';
  end if;

  -- Add membership
  insert into public.organization_members (user_id, organization_id, role)
  values (v_profile_id, v_invitation.association_id, v_invitation.role)
  on conflict (organization_id, user_id) do update set role = excluded.role
  returning id into v_membership_id;

  -- Mark invitation accepted
  update public.association_invitations
  set status = 'accepted', accepted_by = auth.uid()::text, accepted_at = now(), updated_at = now()
  where id = v_invitation.id;

  select json_build_object(
    'invitation_id',     v_invitation.id,
    'association_id',    v_invitation.association_id,
    'invitation_role',   v_invitation.role,
    'invitation_status', 'accepted',
    'membership_id',     v_membership_id
  ) into v_result;

  return v_result;
end;
$$;


ALTER FUNCTION public.accept_association_invitation(target_token text) OWNER TO postgres;

--
-- Name: accept_pending_association_invitations(); Type: FUNCTION; Schema: public; Owner: postgres
--

CREATE FUNCTION public.accept_pending_association_invitations() RETURNS json[]
    LANGUAGE plpgsql SECURITY DEFINER
    AS $$
declare
  v_user_email text;
  v_profile_id uuid;
  v_invitation public.association_invitations;
  v_membership_id uuid;
  v_results json[] := '{}';
begin
  select email into v_user_email from auth.users where id = auth.uid();
  select id into v_profile_id from public.user_profiles where user_id = auth.uid();

  if v_user_email is null or v_profile_id is null then
    return v_results;
  end if;

  for v_invitation in
    select * from public.association_invitations
    where lower(email) = lower(v_user_email) and status = 'pending'
    order by created_at
  loop
    insert into public.organization_members (user_id, organization_id, role)
    values (v_profile_id, v_invitation.association_id, v_invitation.role)
    on conflict (organization_id, user_id) do update set role = excluded.role
    returning id into v_membership_id;

    update public.association_invitations
    set status = 'accepted', accepted_by = auth.uid()::text, accepted_at = now(), updated_at = now()
    where id = v_invitation.id;

    v_results := array_append(v_results, json_build_object(
      'invitation_id',     v_invitation.id,
      'association_id',    v_invitation.association_id,
      'invitation_role',   v_invitation.role,
      'invitation_status', 'accepted',
      'membership_id',     v_membership_id
    ));
  end loop;

  return v_results;
end;
$$;


ALTER FUNCTION public.accept_pending_association_invitations() OWNER TO postgres;

--
-- Name: activate_show_for_scoring(uuid); Type: FUNCTION; Schema: public; Owner: postgres
--

CREATE FUNCTION public.activate_show_for_scoring(target_class_id uuid) RETURNS void
    LANGUAGE plpgsql SECURITY DEFINER
    SET search_path TO 'public'
    AS $$
declare
  target_show_id uuid;
begin
  select show_id into target_show_id
  from public.blocks
  where id = target_class_id;

  if target_show_id is not null then
    update public.shows
    set status = 'open', updated_at = now()
    where id = target_show_id;
  end if;
end;
$$;


ALTER FUNCTION public.activate_show_for_scoring(target_class_id uuid) OWNER TO postgres;

--
-- Name: activate_show_score_announcer_live(uuid); Type: FUNCTION; Schema: public; Owner: postgres
--

CREATE FUNCTION public.activate_show_score_announcer_live(target_class_id uuid) RETURNS text
    LANGUAGE plpgsql SECURITY DEFINER
    SET search_path TO 'public'
    AS $$
declare
  target_show_id uuid;
  target_arena_key text;
  target_live_status text;
begin
  select
    target_block.show_id,
    coalesce(nullif(lower(trim(target_block.arena)), ''), '__default__'),
    coalesce(
      publication.planned_live_status,
      case
        when publication.status in (
          'live',
          'live_no_score',
          'live_scoring',
          'live_finished'
        ) then publication.status
        else 'live_scoring'
      end
    )
  into
    target_show_id,
    target_arena_key,
    target_live_status
  from public.blocks target_block
  join public.shows target_show on target_show.id = target_block.show_id
  join public.show_score_block_setups setup
    on setup.block_id = target_block.id
  left join public.show_score_publication_states publication
    on publication.block_id = target_block.id
  where target_block.id = target_class_id
    and setup.live_data_source = 'announcer'
    and (
      public.is_platform_admin()
      or public.is_org_member(
        target_show.organization_id,
        array['admin', 'secretary', 'announcer']
      )
      or public.has_show_role(
        target_show.id,
        array['organizer', 'secretary', 'announcer']
      )
    );

  if not found then
    raise exception 'Insufficient permissions or inactive announcer source';
  end if;

  if target_live_status not in (
    'live',
    'live_no_score',
    'live_scoring',
    'live_finished'
  ) then
    return 'hidden';
  end if;

  update public.shows
  set status = 'open'
  where id = target_show_id
    and status <> 'open';

  update public.blocks
  set schedule_is_public = true
  where id = target_class_id;

  update public.show_score_publication_states other_publication
  set
    status = 'hidden',
    published_at = null,
    published_by = null
  from public.blocks other_block
  where other_block.id = other_publication.block_id
    and other_block.show_id = target_show_id
    and other_block.id <> target_class_id
    and coalesce(
      nullif(lower(trim(other_block.arena)), ''),
      '__default__'
    ) = target_arena_key
    and other_publication.status in (
      'live',
      'live_no_score',
      'live_scoring',
      'live_finished'
    );

  update public.show_score_paid_warmups
  set is_public_live = false
  where show_id = target_show_id
    and coalesce(
      nullif(lower(trim(arena)), ''),
      '__default__'
    ) = target_arena_key
    and is_public_live = true;

  insert into public.show_score_publication_states (
    block_id,
    status,
    planned_live_status,
    published_at,
    published_by
  )
  values (
    target_class_id,
    target_live_status,
    target_live_status,
    null,
    null
  )
  on conflict (block_id) do update
  set
    status = excluded.status,
    published_at = null,
    published_by = null;

  return target_live_status;
end;
$$;


ALTER FUNCTION public.activate_show_score_announcer_live(target_class_id uuid) OWNER TO postgres;

--
-- Name: adjust_stall_option_availability(); Type: FUNCTION; Schema: public; Owner: postgres
--

CREATE FUNCTION public.adjust_stall_option_availability() RETURNS trigger
    LANGUAGE plpgsql SECURITY DEFINER
    SET search_path TO 'public'
    AS $$
declare
  old_reserved integer := 0;
  new_reserved integer := 0;
  current_available integer;
begin
  if tg_op in ('UPDATE', 'DELETE') then
    old_reserved := public.stall_booking_reserved_quantity(old.status, old.quantity, old.affects_inventory);
  end if;

  if tg_op in ('INSERT', 'UPDATE') then
    new_reserved := public.stall_booking_reserved_quantity(new.status, new.quantity, new.affects_inventory);
  end if;

  if tg_op = 'INSERT' then
    select available_quantity into current_available
    from public.stall_options
    where id = new.stall_option_id
    for update;

    if current_available < new_reserved then
      raise exception 'Not enough availability for stall option %', new.stall_option_id
        using errcode = 'check_violation';
    end if;

    update public.stall_options
    set available_quantity = available_quantity - new_reserved
    where id = new.stall_option_id;

    return new;
  end if;

  if tg_op = 'UPDATE' then
    if old.stall_option_id = new.stall_option_id then
      select available_quantity into current_available
      from public.stall_options
      where id = new.stall_option_id
      for update;

      if current_available < (new_reserved - old_reserved) then
        raise exception 'Not enough availability for stall option %', new.stall_option_id
          using errcode = 'check_violation';
      end if;

      update public.stall_options
      set available_quantity = available_quantity - new_reserved + old_reserved
      where id = new.stall_option_id;
    else
      update public.stall_options
      set available_quantity = available_quantity + old_reserved
      where id = old.stall_option_id;

      select available_quantity into current_available
      from public.stall_options
      where id = new.stall_option_id
      for update;

      if current_available < new_reserved then
        raise exception 'Not enough availability for stall option %', new.stall_option_id
          using errcode = 'check_violation';
      end if;

      update public.stall_options
      set available_quantity = available_quantity - new_reserved
      where id = new.stall_option_id;
    end if;

    return new;
  end if;

  update public.stall_options
  set available_quantity = available_quantity + old_reserved
  where id = old.stall_option_id;

  return old;
end;
$$;


ALTER FUNCTION public.adjust_stall_option_availability() OWNER TO postgres;

--
-- Name: app_event_association_uuid(text); Type: FUNCTION; Schema: public; Owner: postgres
--

CREATE FUNCTION public.app_event_association_uuid(target_association_id text) RETURNS uuid
    LANGUAGE sql IMMUTABLE
    AS $_$
  select case
    when target_association_id ~* '^[0-9a-f]{8}-[0-9a-f]{4}-[0-9a-f]{4}-[0-9a-f]{4}-[0-9a-f]{12}$'
      then target_association_id::uuid
    else null
  end;
$_$;


ALTER FUNCTION public.app_event_association_uuid(target_association_id text) OWNER TO postgres;

--
-- Name: assert_contact_insurance_review_authority(); Type: FUNCTION; Schema: public; Owner: postgres
--

CREATE FUNCTION public.assert_contact_insurance_review_authority() RETURNS trigger
    LANGUAGE plpgsql SECURITY DEFINER
    SET search_path TO 'public'
    AS $$
declare
  review_changed boolean;
begin
  review_changed := case
    when tg_op = 'INSERT' then new.status <> 'pending' or new.reviewed_at is not null or new.reviewed_by_user_id is not null
    else new.status is distinct from old.status
      or new.reviewed_at is distinct from old.reviewed_at
      or new.reviewed_by_user_id is distinct from old.reviewed_by_user_id
      or old.status <> 'pending'
  end;

  if review_changed and not public.can_review_contact_insurance_evidence(new.contact_id) then
    raise exception 'Only authorized association staff can review insurance evidence'
      using errcode = 'insufficient_privilege';
  end if;
  return new;
end;
$$;


ALTER FUNCTION public.assert_contact_insurance_review_authority() OWNER TO postgres;

--
-- Name: assert_eligibility_requirement_context(); Type: FUNCTION; Schema: public; Owner: postgres
--

CREATE FUNCTION public.assert_eligibility_requirement_context() RETURNS trigger
    LANGUAGE plpgsql SECURITY DEFINER
    SET search_path TO 'public'
    AS $$
declare
  target_organization_id uuid;
begin
  case new.scope_type
    when 'organization_discipline' then
      select organization_id into target_organization_id from public.organization_disciplines where id = new.organization_discipline_id;
    when 'block' then
      select organization_id into target_organization_id from public.blocks where id = new.block_id;
    when 'class' then
      select organization_id into target_organization_id from public.classes where id = new.class_id;
    when 'block_template' then
      select organization_id into target_organization_id from public.block_templates where id = new.block_template_id;
    when 'class_template' then
      select organization_id into target_organization_id from public.class_templates where id = new.class_template_id;
  end case;

  if target_organization_id is null or target_organization_id <> new.organization_id then
    raise exception 'Eligibility requirement scope does not belong to organization %', new.organization_id
      using errcode = 'check_violation';
  end if;

  if new.incentive_program_id is not null and not exists (
    select 1 from public.incentive_programs program
    where program.id = new.incentive_program_id
      and program.organization_id = new.organization_id
  ) then
    raise exception 'Incentive program does not belong to the requirement organization'
      using errcode = 'check_violation';
  end if;

  if new.credential_product_id is not null and not exists (
    select 1 from public.external_credential_products product
    where product.id = new.credential_product_id
      and (new.external_credential_issuer_id is null or product.external_credential_issuer_id = new.external_credential_issuer_id)
  ) then
    raise exception 'Credential product does not belong to the selected issuer'
      using errcode = 'check_violation';
  end if;

  if new.external_credential_issuer_id is not null and not exists (
    select 1
    from public.discipline_credential_issuers available
    where available.external_credential_issuer_id = new.external_credential_issuer_id
      and available.is_active
      and (
        (new.scope_type = 'organization_discipline' and exists (
          select 1 from public.organization_disciplines directory
          where directory.id = new.organization_discipline_id
            and directory.discipline_id = available.discipline_id
            and directory.is_active
        ))
        or (new.scope_type = 'class' and exists (
          select 1
          from public.classes class_record
          join public.organization_disciplines directory on directory.id = class_record.organization_discipline_id
          where class_record.id = new.class_id
            and directory.discipline_id = available.discipline_id
            and directory.is_active
        ))
        or (new.scope_type = 'block' and exists (
          select 1
          from public.classes class_record
          join public.organization_disciplines directory on directory.id = class_record.organization_discipline_id
          where class_record.block_id = new.block_id
            and directory.discipline_id = available.discipline_id
            and directory.is_active
        ))
        or (new.scope_type = 'class_template' and exists (
          select 1
          from public.class_templates class_template
          join public.organization_disciplines directory on directory.id = class_template.organization_discipline_id
          where class_template.id = new.class_template_id
            and directory.discipline_id = available.discipline_id
            and directory.is_active
        ))
        or (new.scope_type = 'block_template' and exists (
          select 1
          from public.class_templates class_template
          join public.organization_disciplines directory on directory.id = class_template.organization_discipline_id
          where class_template.block_template_id = new.block_template_id
            and directory.discipline_id = available.discipline_id
            and directory.is_active
        ))
      )
  ) then
    raise exception 'Credential issuer is not available for the requirement discipline'
      using errcode = 'check_violation';
  end if;

  return new;
end;
$$;


ALTER FUNCTION public.assert_eligibility_requirement_context() OWNER TO postgres;

--
-- Name: assert_horse_health_compliance_for_show(uuid, uuid); Type: FUNCTION; Schema: public; Owner: postgres
--

CREATE FUNCTION public.assert_horse_health_compliance_for_show(p_horse_id uuid, p_show_id uuid) RETURNS jsonb
    LANGUAGE plpgsql STABLE SECURITY DEFINER
    SET search_path TO 'public'
    AS $$
declare
  target_show record;
  compliance record;
  result jsonb;
  horse_is_in_organization boolean;
begin
  select show_record.organization_id, show_record.start_date
  into target_show
  from public.shows show_record
  where show_record.id = p_show_id;

  if not found then
    raise exception 'Show % does not exist', p_show_id
      using errcode = 'foreign_key_violation';
  end if;

  if auth.uid() is not null and not public.is_platform_admin() then
    select exists (
      select 1
      from public.directory_horses directory_horse
      join public.organization_disciplines organization_discipline
        on organization_discipline.id = directory_horse.organization_discipline_id
      where directory_horse.horse_id = p_horse_id
        and organization_discipline.organization_id = target_show.organization_id
    ) into horse_is_in_organization;

    if not horse_is_in_organization or not (
      public.can_manage_horse_identity(p_horse_id)
      or public.is_org_member(target_show.organization_id)
    ) then
      raise exception 'HSP_HEALTH_COMPLIANCE_FORBIDDEN'
        using errcode = 'insufficient_privilege';
    end if;
  end if;

  select *
  into compliance
  from public.evaluate_horse_health_compliance(
    p_horse_id,
    target_show.organization_id,
    target_show.start_date
  );

  result := jsonb_build_object(
    'horse_id', compliance.horse_id,
    'organization_id', compliance.organization_id,
    'show_id', p_show_id,
    'reference_date', compliance.reference_date,
    'policy_id', compliance.policy_id,
    'compliance_status', compliance.compliance_status,
    'can_proceed', compliance.can_proceed,
    'enforcement_mode', compliance.enforcement_mode,
    'requirements', compliance.requirements,
    'reasons', compliance.reasons
  );

  if not compliance.can_proceed then
    raise exception 'HSP_HEALTH_COMPLIANCE_BLOCKED'
      using
        errcode = 'check_violation',
        detail = result::text;
  end if;

  return result;
end;
$$;


ALTER FUNCTION public.assert_horse_health_compliance_for_show(p_horse_id uuid, p_show_id uuid) OWNER TO postgres;

--
-- Name: FUNCTION assert_horse_health_compliance_for_show(p_horse_id uuid, p_show_id uuid); Type: COMMENT; Schema: public; Owner: postgres
--

COMMENT ON FUNCTION public.assert_horse_health_compliance_for_show(p_horse_id uuid, p_show_id uuid) IS 'Returns the explainable health result for the show start date and raises HSP_HEALTH_COMPLIANCE_BLOCKED only when policy enforcement is blocking.';


--
-- Name: assert_incentive_program_nomination_context(); Type: FUNCTION; Schema: public; Owner: postgres
--

CREATE FUNCTION public.assert_incentive_program_nomination_context() RETURNS trigger
    LANGUAGE plpgsql SECURITY DEFINER
    SET search_path TO 'public'
    AS $$
declare
  target_program_type text;
  qualifying_program_id uuid;
  qualifying_role text;
begin
  select program_type
  into target_program_type
  from public.incentive_programs
  where id = new.incentive_program_id
    and organization_id = new.organization_id;

  if target_program_type is null then
    raise exception 'Incentive program does not belong to organization %', new.organization_id
      using errcode = 'check_violation';
  end if;

  if not exists (
    select 1
    from public.directory_horses directory_horse
    join public.organization_disciplines directory
      on directory.id = directory_horse.organization_discipline_id
    where directory_horse.horse_id = new.horse_id
      and directory.organization_id = new.organization_id
      and directory.is_active
  ) then
    raise exception 'Nominated horse is not in an active organization directory'
      using errcode = 'check_violation';
  end if;

  if new.nomination_role = 'stallion' and new.qualifying_stallion_nomination_id is not null then
    raise exception 'A stallion nomination cannot qualify itself'
      using errcode = 'check_violation';
  end if;

  if new.qualifying_stallion_nomination_id is not null then
    select incentive_program_id, nomination_role
    into qualifying_program_id, qualifying_role
    from public.incentive_program_nominations
    where id = new.qualifying_stallion_nomination_id;

    if qualifying_program_id is distinct from new.incentive_program_id or qualifying_role is distinct from 'stallion' then
      raise exception 'Qualifying nomination must be a stallion in the same program'
        using errcode = 'check_violation';
    end if;
  end if;

  if target_program_type in (
    'stallion_nomination',
    'stallion_subscription_foal_nomination',
    'stallion_incentive'
  ) and new.nomination_role = 'foal' and new.status = 'active'
    and new.qualifying_stallion_nomination_id is null then
    raise exception 'Foal eligibility in a stallion program requires a qualifying stallion nomination'
      using errcode = 'check_violation';
  end if;

  if target_program_type in ('horse_foal_nomination', 'performance_incentive')
    and new.nomination_role = 'stallion' then
    raise exception 'This program type accepts horse or foal nominations, not stallion subscriptions'
      using errcode = 'check_violation';
  end if;

  return new;
end;
$$;


ALTER FUNCTION public.assert_incentive_program_nomination_context() OWNER TO postgres;

--
-- Name: assert_no_open_invoice_balance_for_stall_booking(); Type: FUNCTION; Schema: public; Owner: postgres
--

CREATE FUNCTION public.assert_no_open_invoice_balance_for_stall_booking() RETURNS trigger
    LANGUAGE plpgsql SECURITY DEFINER
    SET search_path TO 'public'
    AS $$
declare
  blocking_invoice record;
begin
  if not coalesce(new.billable, true) or new.status in ('cancelled', 'completed') then
    return new;
  end if;

  select
    i.invoice_number,
    i.balance_due,
    s.name as show_name
  into blocking_invoice
  from public.invoices i
  join public.shows s on s.id = i.show_id
  where i.organization_id = new.organization_id
    and i.payer_contact_id = new.payer_contact_id
    and i.show_id <> new.show_id
    and i.status not in ('paid', 'void')
    and i.balance_due > 0
  order by i.due_date nulls first, i.issue_date, i.created_at, i.id
  limit 1;

  if blocking_invoice.invoice_number is not null then
    raise exception 'Solde de facture ouvert: impossible de creer une reservation pour un autre evenement de cette association.'
      using
        errcode = 'P0001',
        detail = format(
          'Facture #%s (%s) - solde %s.',
          blocking_invoice.invoice_number,
          blocking_invoice.show_name,
          blocking_invoice.balance_due
        );
  end if;

  return new;
end;
$$;


ALTER FUNCTION public.assert_no_open_invoice_balance_for_stall_booking() OWNER TO postgres;

--
-- Name: assert_one_horse_stall_per_show(); Type: FUNCTION; Schema: public; Owner: postgres
--

CREATE FUNCTION public.assert_one_horse_stall_per_show() RETURNS trigger
    LANGUAGE plpgsql SECURITY DEFINER
    SET search_path TO 'public'
    AS $$
declare
  is_horse_stall boolean;
  duplicate_booking_id uuid;
begin
  if new.horse_id is null or new.status = 'cancelled' then
    return new;
  end if;

  select so.category = 'stall' and so.requires_horse_assignment = true
  into is_horse_stall
  from public.stall_options so
  where so.id = new.stall_option_id;

  if not coalesce(is_horse_stall, false) then
    return new;
  end if;

  perform pg_advisory_xact_lock(hashtext(new.show_id::text || ':' || new.horse_id::text));

  select sb.id
  into duplicate_booking_id
  from public.stall_bookings sb
  join public.stall_options so on so.id = sb.stall_option_id
  where sb.organization_id = new.organization_id
    and sb.show_id = new.show_id
    and sb.horse_id = new.horse_id
    and sb.status <> 'cancelled'
    and so.category = 'stall'
    and so.requires_horse_assignment = true
    and (tg_op <> 'UPDATE' or sb.id <> new.id)
  limit 1;

  if duplicate_booking_id is not null then
    raise exception 'Horse % already has a stall booking for show %', new.horse_id, new.show_id
      using errcode = 'unique_violation';
  end if;

  return new;
end;
$$;


ALTER FUNCTION public.assert_one_horse_stall_per_show() OWNER TO postgres;

--
-- Name: assert_organization_discipline_governing_body_available(); Type: FUNCTION; Schema: public; Owner: postgres
--

CREATE FUNCTION public.assert_organization_discipline_governing_body_available() RETURNS trigger
    LANGUAGE plpgsql SECURITY DEFINER
    SET search_path TO 'public'
    AS $$
begin
  if not exists (
    select 1
    from public.organization_disciplines directory
    join public.discipline_governing_bodies available
      on available.discipline_id = directory.discipline_id
     and available.governing_body_id = new.governing_body_id
     and available.is_active
    where directory.id = new.organization_discipline_id
      and directory.is_active
  ) then
    raise exception 'Governing body is not available for this organization discipline'
      using errcode = 'check_violation';
  end if;
  return new;
end;
$$;


ALTER FUNCTION public.assert_organization_discipline_governing_body_available() OWNER TO postgres;

--
-- Name: association_memberships_delete(); Type: FUNCTION; Schema: public; Owner: postgres
--

CREATE FUNCTION public.association_memberships_delete() RETURNS trigger
    LANGUAGE plpgsql SECURITY DEFINER
    AS $$
declare
  v_profile_id uuid;
begin
  select id into v_profile_id from public.user_profiles where user_id = old.user_id::uuid;
  if v_profile_id is not null then
    delete from public.organization_members
    where user_id = v_profile_id and organization_id = old.association_id::uuid;
  end if;
  return old;
end;
$$;


ALTER FUNCTION public.association_memberships_delete() OWNER TO postgres;

--
-- Name: association_memberships_insert(); Type: FUNCTION; Schema: public; Owner: postgres
--

CREATE FUNCTION public.association_memberships_insert() RETURNS trigger
    LANGUAGE plpgsql SECURITY DEFINER
    AS $$
declare
  v_profile_id uuid;
begin
  select id into v_profile_id from public.user_profiles where user_id = new.user_id::uuid;
  if v_profile_id is null then
    raise exception 'No user_profile found for user_id %', new.user_id;
  end if;
  insert into public.organization_members (user_id, organization_id, role)
  values (v_profile_id, new.association_id::uuid, new.role)
  on conflict (organization_id, user_id) do update set role = excluded.role;
  return new;
end;
$$;


ALTER FUNCTION public.association_memberships_insert() OWNER TO postgres;

--
-- Name: associations_delete(); Type: FUNCTION; Schema: public; Owner: postgres
--

CREATE FUNCTION public.associations_delete() RETURNS trigger
    LANGUAGE plpgsql SECURITY DEFINER
    AS $$
begin
  delete from public.organizations where id = old.id;
  return old;
end;
$$;


ALTER FUNCTION public.associations_delete() OWNER TO postgres;

--
-- Name: associations_insert(); Type: FUNCTION; Schema: public; Owner: postgres
--

CREATE FUNCTION public.associations_insert() RETURNS trigger
    LANGUAGE plpgsql SECURITY DEFINER
    AS $$
begin
  insert into public.organizations (id, name, short_name, timezone, logo_url, website_url, sponsor_logos, created_at, updated_at)
  values (
    coalesce(new.id, gen_random_uuid()),
    new.name,
    new.short_name,
    new.timezone,
    new.logo_data_url,
    new.website_url,
    coalesce(new.sponsor_logos, '[]'::jsonb),
    coalesce(new.created_at, now()),
    coalesce(new.updated_at, now())
  );
  return new;
end;
$$;


ALTER FUNCTION public.associations_insert() OWNER TO postgres;

--
-- Name: associations_update(); Type: FUNCTION; Schema: public; Owner: postgres
--

CREATE FUNCTION public.associations_update() RETURNS trigger
    LANGUAGE plpgsql SECURITY DEFINER
    AS $$
begin
  update public.organizations set
    name         = new.name,
    short_name   = new.short_name,
    timezone     = new.timezone,
    logo_url     = new.logo_data_url,
    website_url  = new.website_url,
    sponsor_logos = coalesce(new.sponsor_logos, '[]'::jsonb),
    updated_at   = now()
  where id = old.id;
  return new;
end;
$$;


ALTER FUNCTION public.associations_update() OWNER TO postgres;

--
-- Name: can_access_contact(uuid); Type: FUNCTION; Schema: public; Owner: postgres
--

CREATE FUNCTION public.can_access_contact(target_contact_id uuid) RETURNS boolean
    LANGUAGE sql STABLE SECURITY DEFINER
    SET search_path TO 'public'
    AS $$
  select public.is_platform_admin()
  or exists (
    select 1
    from public.contacts c
    where c.id = target_contact_id
      and (
        c.linked_user_id = public.current_profile_id()
        or c.created_by_user_id = public.current_profile_id()
      )
  )
  or exists (
    select 1
    from public.directory_contacts dc
    join public.organization_disciplines od on od.id = dc.organization_discipline_id
    where dc.contact_id = target_contact_id
      and public.is_org_member(od.organization_id)
  )
$$;


ALTER FUNCTION public.can_access_contact(target_contact_id uuid) OWNER TO postgres;

--
-- Name: can_access_horse(uuid); Type: FUNCTION; Schema: public; Owner: postgres
--

CREATE FUNCTION public.can_access_horse(target_horse_id uuid) RETURNS boolean
    LANGUAGE sql STABLE SECURITY DEFINER
    SET search_path TO 'public'
    AS $$
  select public.is_platform_admin()
  or exists (
    select 1
    from public.horses h
    where h.id = target_horse_id
      and h.created_by_user_id = public.current_profile_id()
  )
  or exists (
    select 1
    from public.horse_contacts hc
    where hc.horse_id = target_horse_id
      and public.can_access_contact(hc.contact_id)
  )
  or exists (
    select 1
    from public.directory_horses dh
    join public.organization_disciplines od on od.id = dh.organization_discipline_id
    where dh.horse_id = target_horse_id
      and public.is_org_member(od.organization_id)
  )
$$;


ALTER FUNCTION public.can_access_horse(target_horse_id uuid) OWNER TO postgres;

--
-- Name: can_book_stalls_for_horse(uuid); Type: FUNCTION; Schema: public; Owner: postgres
--

CREATE FUNCTION public.can_book_stalls_for_horse(target_horse_id uuid) RETURNS boolean
    LANGUAGE sql STABLE SECURITY DEFINER
    SET search_path TO 'public'
    AS $$
  select exists (
    select 1
    from public.horse_contacts hc
    join public.contacts c on c.id = hc.contact_id
    where hc.horse_id = target_horse_id
      and c.linked_user_id = public.current_profile_id()
      and hc.can_book_stalls
  )
$$;


ALTER FUNCTION public.can_book_stalls_for_horse(target_horse_id uuid) OWNER TO postgres;

--
-- Name: can_claim_first_org_admin(uuid, uuid, text); Type: FUNCTION; Schema: public; Owner: postgres
--

CREATE FUNCTION public.can_claim_first_org_admin(target_organization_id uuid, target_user_id uuid, target_role text) RETURNS boolean
    LANGUAGE sql STABLE SECURITY DEFINER
    SET search_path TO 'public'
    AS $$
  select target_role = 'admin'
    and target_user_id = public.current_profile_id()
    and exists (
      select 1
      from public.organizations
      where id = target_organization_id
        and created_by_user_id = target_user_id
    )
    and not exists (
      select 1
      from public.organization_members
      where organization_id = target_organization_id
    )
$$;


ALTER FUNCTION public.can_claim_first_org_admin(target_organization_id uuid, target_user_id uuid, target_role text) OWNER TO postgres;

--
-- Name: can_correct_horse_identity(uuid); Type: FUNCTION; Schema: public; Owner: postgres
--

CREATE FUNCTION public.can_correct_horse_identity(target_horse_id uuid) RETURNS boolean
    LANGUAGE sql STABLE SECURITY DEFINER
    SET search_path TO 'public'
    AS $$
  select public.is_platform_admin()
  or exists (
    select 1
    from public.horse_contacts horse_contact
    join public.contacts contact on contact.id = horse_contact.contact_id
    where horse_contact.horse_id = target_horse_id
      and horse_contact.role in ('owner', 'co-owner', 'agent')
      and contact.linked_user_id = public.current_profile_id()
  )
$$;


ALTER FUNCTION public.can_correct_horse_identity(target_horse_id uuid) OWNER TO postgres;

--
-- Name: can_create_entries_for_horse(uuid); Type: FUNCTION; Schema: public; Owner: postgres
--

CREATE FUNCTION public.can_create_entries_for_horse(target_horse_id uuid) RETURNS boolean
    LANGUAGE sql STABLE SECURITY DEFINER
    SET search_path TO 'public'
    AS $$
  select exists (
    select 1
    from public.horse_contacts hc
    join public.contacts c on c.id = hc.contact_id
    where hc.horse_id = target_horse_id
      and c.linked_user_id = public.current_profile_id()
      and (hc.can_create_entries or hc.can_modify_entries)
  )
$$;


ALTER FUNCTION public.can_create_entries_for_horse(target_horse_id uuid) OWNER TO postgres;

--
-- Name: can_identify_horse_document(uuid); Type: FUNCTION; Schema: public; Owner: postgres
--

CREATE FUNCTION public.can_identify_horse_document(target_horse_id uuid) RETURNS boolean
    LANGUAGE sql STABLE SECURITY DEFINER
    SET search_path TO 'public'
    AS $$
  select public.is_platform_admin()
  or public.can_manage_horse_identity(target_horse_id)
  or exists (
    select 1
    from public.directory_horses directory_horse
    join public.organization_disciplines organization_discipline
      on organization_discipline.id = directory_horse.organization_discipline_id
    where directory_horse.horse_id = target_horse_id
      and public.is_org_member(organization_discipline.organization_id, array['admin', 'secretary'])
  )
$$;


ALTER FUNCTION public.can_identify_horse_document(target_horse_id uuid) OWNER TO postgres;

--
-- Name: can_manage_contact_identity(uuid); Type: FUNCTION; Schema: public; Owner: postgres
--

CREATE FUNCTION public.can_manage_contact_identity(target_contact_id uuid) RETURNS boolean
    LANGUAGE sql STABLE SECURITY DEFINER
    SET search_path TO 'public'
    AS $$
  select public.is_platform_admin()
  or exists (
    select 1
    from public.contacts c
    where c.id = target_contact_id
      and c.linked_user_id = public.current_profile_id()
  )
  or exists (
    select 1
    from public.contacts c
    where c.id = target_contact_id
      and c.created_by_user_id = public.current_profile_id()
      and not exists (
        select 1 from public.directory_contacts dc
        where dc.contact_id = c.id
      )
  )
$$;


ALTER FUNCTION public.can_manage_contact_identity(target_contact_id uuid) OWNER TO postgres;

--
-- Name: can_manage_horse_identity(uuid); Type: FUNCTION; Schema: public; Owner: postgres
--

CREATE FUNCTION public.can_manage_horse_identity(target_horse_id uuid) RETURNS boolean
    LANGUAGE sql STABLE SECURITY DEFINER
    SET search_path TO 'public'
    AS $$
  select public.is_platform_admin()
  or exists (
    select 1
    from public.horses h
    where h.id = target_horse_id
      and h.created_by_user_id = public.current_profile_id()
      and not exists (
        select 1
        from public.directory_horses dh
        where dh.horse_id = h.id
      )
  )
  or exists (
    select 1
    from public.horses h
    where h.id = target_horse_id
      and public.can_manage_contact_identity(h.primary_owner_contact_id)
  )
  or exists (
    select 1
    from public.horse_contacts hc
    where hc.horse_id = target_horse_id
      and hc.role in ('owner', 'co-owner', 'agent', 'manager')
      and public.can_manage_contact_identity(hc.contact_id)
  )
$$;


ALTER FUNCTION public.can_manage_horse_identity(target_horse_id uuid) OWNER TO postgres;

--
-- Name: can_manage_show(uuid, text[]); Type: FUNCTION; Schema: public; Owner: postgres
--

CREATE FUNCTION public.can_manage_show(target_show_id uuid, accepted_roles text[] DEFAULT ARRAY['organizer'::text, 'secretary'::text]) RETURNS boolean
    LANGUAGE sql STABLE SECURITY DEFINER
    SET search_path TO 'public'
    AS $$
  select public.is_platform_admin()
    or exists (
      select 1
      from public.shows
      where id = target_show_id
        and public.is_org_member(organization_id, array['admin'])
    )
    or public.has_show_role(target_show_id, accepted_roles)
$$;


ALTER FUNCTION public.can_manage_show(target_show_id uuid, accepted_roles text[]) OWNER TO postgres;

--
-- Name: can_manage_show_score_class(uuid, text[]); Type: FUNCTION; Schema: public; Owner: postgres
--

CREATE FUNCTION public.can_manage_show_score_class(target_class_id uuid, accepted_show_roles text[] DEFAULT ARRAY['organizer'::text, 'secretary'::text]) RETURNS boolean
    LANGUAGE sql STABLE SECURITY DEFINER
    SET search_path TO 'public'
    AS $$
  select exists (
    select 1
    from public.blocks block
    where block.id = target_class_id
      and public.can_manage_show_score_show(block.show_id, accepted_show_roles)
  );
$$;


ALTER FUNCTION public.can_manage_show_score_class(target_class_id uuid, accepted_show_roles text[]) OWNER TO postgres;

--
-- Name: can_manage_show_score_show(uuid, text[]); Type: FUNCTION; Schema: public; Owner: postgres
--

CREATE FUNCTION public.can_manage_show_score_show(target_show_id uuid, accepted_show_roles text[] DEFAULT ARRAY['organizer'::text, 'secretary'::text]) RETURNS boolean
    LANGUAGE sql STABLE SECURITY DEFINER
    SET search_path TO 'public'
    AS $$
  select exists (
    select 1
    from public.shows s
    where s.id = target_show_id
      and (
        public.is_platform_admin()
        or public.is_org_member(s.organization_id, array['admin', 'secretary'])
        or public.has_show_role(s.id, accepted_show_roles)
      )
  )
$$;


ALTER FUNCTION public.can_manage_show_score_show(target_show_id uuid, accepted_show_roles text[]) OWNER TO postgres;

--
-- Name: can_modify_entries_for_horse(uuid); Type: FUNCTION; Schema: public; Owner: postgres
--

CREATE FUNCTION public.can_modify_entries_for_horse(target_horse_id uuid) RETURNS boolean
    LANGUAGE sql STABLE SECURITY DEFINER
    SET search_path TO 'public'
    AS $$
  select exists (
    select 1
    from public.horse_contacts hc
    join public.contacts c on c.id = hc.contact_id
    where hc.horse_id = target_horse_id
      and c.linked_user_id = public.current_profile_id()
      and hc.can_modify_entries
  )
$$;


ALTER FUNCTION public.can_modify_entries_for_horse(target_horse_id uuid) OWNER TO postgres;

--
-- Name: can_pay_invoices_for_horse(uuid, uuid); Type: FUNCTION; Schema: public; Owner: postgres
--

CREATE FUNCTION public.can_pay_invoices_for_horse(target_horse_id uuid, target_contact_id uuid) RETURNS boolean
    LANGUAGE sql STABLE SECURITY DEFINER
    SET search_path TO 'public'
    AS $$
  select exists (
    select 1
    from public.horse_contacts hc
    join public.contacts c on c.id = hc.contact_id
    where hc.horse_id = target_horse_id
      and hc.contact_id = target_contact_id
      and c.linked_user_id = public.current_profile_id()
      and hc.can_pay_invoices
  )
$$;


ALTER FUNCTION public.can_pay_invoices_for_horse(target_horse_id uuid, target_contact_id uuid) OWNER TO postgres;

--
-- Name: can_review_contact_insurance_evidence(uuid); Type: FUNCTION; Schema: public; Owner: postgres
--

CREATE FUNCTION public.can_review_contact_insurance_evidence(target_contact_id uuid) RETURNS boolean
    LANGUAGE sql STABLE SECURITY DEFINER
    SET search_path TO 'public'
    AS $$
  select public.is_platform_admin()
    or exists (
      select 1
      from public.directory_contacts directory_contact
      join public.organization_disciplines directory on directory.id = directory_contact.organization_discipline_id
      where directory_contact.contact_id = target_contact_id
        and public.is_org_member(directory.organization_id, array['admin', 'secretary'])
    );
$$;


ALTER FUNCTION public.can_review_contact_insurance_evidence(target_contact_id uuid) OWNER TO postgres;

--
-- Name: can_score_show_score_class(uuid); Type: FUNCTION; Schema: public; Owner: postgres
--

CREATE FUNCTION public.can_score_show_score_class(target_class_id uuid) RETURNS boolean
    LANGUAGE sql STABLE SECURITY DEFINER
    SET search_path TO 'public'
    AS $$
  select exists (
    select 1
    from public.blocks block
    where block.id = target_class_id
      and (
        public.is_platform_admin()
        or public.is_org_member(block.organization_id, array['admin', 'secretary', 'scribe'])
        or public.has_show_role(block.show_id, array['organizer', 'secretary', 'judge', 'scribe'])
      )
  );
$$;


ALTER FUNCTION public.can_score_show_score_class(target_class_id uuid) OWNER TO postgres;

--
-- Name: can_search_global_identities(uuid); Type: FUNCTION; Schema: public; Owner: postgres
--

CREATE FUNCTION public.can_search_global_identities(target_organization_id uuid) RETURNS boolean
    LANGUAGE sql STABLE SECURITY DEFINER
    SET search_path TO 'public'
    AS $$
  select public.is_platform_admin()
    or public.is_org_member(target_organization_id, array['admin', 'secretary']);
$$;


ALTER FUNCTION public.can_search_global_identities(target_organization_id uuid) OWNER TO postgres;

--
-- Name: can_view_show_score_class(uuid); Type: FUNCTION; Schema: public; Owner: postgres
--

CREATE FUNCTION public.can_view_show_score_class(target_class_id uuid) RETURNS boolean
    LANGUAGE sql STABLE SECURITY DEFINER
    SET search_path TO 'public'
    AS $$
  select exists (
    select 1
    from public.blocks block
    where block.id = target_class_id
      and public.can_view_show_score_show(block.show_id)
  );
$$;


ALTER FUNCTION public.can_view_show_score_class(target_class_id uuid) OWNER TO postgres;

--
-- Name: can_view_show_score_show(uuid); Type: FUNCTION; Schema: public; Owner: postgres
--

CREATE FUNCTION public.can_view_show_score_show(target_show_id uuid) RETURNS boolean
    LANGUAGE sql STABLE SECURITY DEFINER
    SET search_path TO 'public'
    AS $$
  select exists (
    select 1
    from public.shows s
    where s.id = target_show_id
      and (
        public.is_platform_admin()
        or public.is_org_member(s.organization_id, array['admin', 'secretary'])
        or public.has_show_role(
          s.id,
          array['organizer', 'secretary', 'judge', 'scribe', 'announcer']
        )
      )
  )
$$;


ALTER FUNCTION public.can_view_show_score_show(target_show_id uuid) OWNER TO postgres;

SET default_tablespace = '';

SET default_table_access_method = heap;

--
-- Name: contacts; Type: TABLE; Schema: public; Owner: postgres
--

CREATE TABLE public.contacts (
    id uuid DEFAULT gen_random_uuid() NOT NULL,
    type character varying(50) NOT NULL,
    first_name character varying(100) NOT NULL,
    last_name character varying(100) NOT NULL,
    email character varying(255),
    phone character varying(20),
    address character varying(255),
    city character varying(100),
    state character varying(50),
    zip_code character varying(20),
    country character varying(2),
    linked_user_id uuid,
    barn_name character varying(255),
    notes text,
    created_by_user_id uuid,
    created_at timestamp with time zone DEFAULT now() NOT NULL,
    updated_at timestamp with time zone DEFAULT now() NOT NULL,
    date_of_birth date,
    address_line2 character varying(255),
    middle_name character varying(100),
    CONSTRAINT contacts_type_check CHECK (((type)::text = ANY ((ARRAY['owner'::character varying, 'agent'::character varying, 'rider'::character varying, 'payer'::character varying, 'other'::character varying])::text[])))
);


ALTER TABLE public.contacts OWNER TO postgres;

--
-- Name: claim_contacts_for_current_user(); Type: FUNCTION; Schema: public; Owner: postgres
--

CREATE FUNCTION public.claim_contacts_for_current_user() RETURNS SETOF public.contacts
    LANGUAGE plpgsql SECURITY DEFINER
    SET search_path TO 'public'
    AS $$
declare
  current_profile uuid;
  account_email text;
begin
  current_profile := public.current_profile_id();
  account_email := nullif(lower(btrim(coalesce(auth.jwt() ->> 'email', ''))), '');

  if account_email is null then
    select nullif(lower(btrim(email)), '')
    into account_email
    from auth.users
    where id = auth.uid();
  end if;

  if current_profile is null or account_email is null then
    return;
  end if;

  return query
  with claimed_contacts as (
    update public.contacts
    set linked_user_id = current_profile,
        updated_at = now()
    where email = account_email
      and (linked_user_id is null or linked_user_id = current_profile)
    returning public.contacts.*
  )
  select *
  from claimed_contacts
  union
  select contacts.*
  from public.contacts
  where contacts.email = account_email
    and contacts.linked_user_id = current_profile;
end;
$$;


ALTER FUNCTION public.claim_contacts_for_current_user() OWNER TO postgres;

--
-- Name: organization_back_numbers; Type: TABLE; Schema: public; Owner: postgres
--

CREATE TABLE public.organization_back_numbers (
    id uuid DEFAULT gen_random_uuid() NOT NULL,
    organization_id uuid NOT NULL,
    number integer NOT NULL,
    status character varying(30) DEFAULT 'available'::character varying NOT NULL,
    assignment_mode character varying(30) DEFAULT 'horse'::character varying NOT NULL,
    assigned_horse_id uuid,
    assigned_rider_contact_id uuid,
    assigned_at timestamp with time zone,
    created_by_user_id uuid,
    notes text,
    created_at timestamp with time zone DEFAULT now() NOT NULL,
    updated_at timestamp with time zone DEFAULT now() NOT NULL,
    CONSTRAINT organization_back_numbers_assignment_check CHECK ((((status)::text <> 'assigned'::text) OR ((((assignment_mode)::text = 'horse'::text) AND (assigned_horse_id IS NOT NULL)) OR (((assignment_mode)::text = 'rider'::text) AND (assigned_rider_contact_id IS NOT NULL)) OR (((assignment_mode)::text = 'horse_rider_team'::text) AND (assigned_horse_id IS NOT NULL) AND (assigned_rider_contact_id IS NOT NULL))))),
    CONSTRAINT organization_back_numbers_assignment_mode_check CHECK (((assignment_mode)::text = ANY ((ARRAY['horse'::character varying, 'rider'::character varying, 'horse_rider_team'::character varying])::text[]))),
    CONSTRAINT organization_back_numbers_number_check CHECK ((number > 0)),
    CONSTRAINT organization_back_numbers_status_check CHECK (((status)::text = ANY ((ARRAY['available'::character varying, 'assigned'::character varying, 'reserved'::character varying, 'lost'::character varying, 'retired'::character varying])::text[])))
);


ALTER TABLE public.organization_back_numbers OWNER TO postgres;

--
-- Name: claim_horse_back_number(uuid, uuid, integer, text, uuid); Type: FUNCTION; Schema: public; Owner: postgres
--

CREATE FUNCTION public.claim_horse_back_number(target_organization_id uuid, target_horse_id uuid, requested_number integer, target_assignment_mode text DEFAULT 'horse'::text, target_rider_contact_id uuid DEFAULT NULL::uuid) RETURNS public.organization_back_numbers
    LANGUAGE plpgsql SECURITY DEFINER
    SET search_path TO 'public'
    AS $$
declare
  existing_back_number public.organization_back_numbers;
  result_back_number public.organization_back_numbers;
  organization_policy text;
  normalized_mode text := coalesce(target_assignment_mode, 'horse');
  normalized_horse_id uuid := case when coalesce(target_assignment_mode, 'horse') in ('horse', 'horse_rider_team') then target_horse_id else null end;
  normalized_rider_contact_id uuid := case when coalesce(target_assignment_mode, 'horse') in ('rider', 'horse_rider_team') then target_rider_contact_id else null end;
  requester_profile_id uuid := public.current_profile_id();
  can_manage boolean := public.is_platform_admin() or public.is_org_member(target_organization_id, array['admin', 'secretary']);
begin
  if requester_profile_id is null then
    raise exception 'Connecte-toi avant d''ajouter un dossard.';
  end if;

  select coalesce(o.back_number_policy, 'horse')
  into organization_policy
  from public.organizations o
  where o.id = target_organization_id;

  if organization_policy is null then
    raise exception 'Association introuvable.';
  end if;

  if requested_number is null or requested_number < 1 then
    raise exception 'Le numero de dossard doit etre un entier positif.';
  end if;

  if normalized_mode not in ('horse', 'rider', 'horse_rider_team') then
    raise exception 'Mode de dossard invalide.';
  end if;

  if normalized_mode <> organization_policy then
    raise exception 'Cette association gere les dossards en mode %, pas en mode %.', organization_policy, normalized_mode;
  end if;

  if normalized_mode in ('horse', 'horse_rider_team') and normalized_horse_id is null then
    raise exception 'Choisis un cheval avant d''assigner un dossard.';
  end if;

  if normalized_mode in ('rider', 'horse_rider_team') and normalized_rider_contact_id is null then
    raise exception 'Choisis un cavalier avant d''assigner ce dossard.';
  end if;

  if normalized_horse_id is not null and not can_manage and not public.can_access_horse(normalized_horse_id) then
    raise exception 'Tu ne peux pas assigner un dossard a ce cheval.';
  end if;

  if normalized_rider_contact_id is not null and not can_manage and not public.can_access_contact(normalized_rider_contact_id) then
    raise exception 'Tu ne peux pas assigner un dossard a ce cavalier.';
  end if;

  if normalized_horse_id is not null
    and not public.horse_is_linked_to_org(normalized_horse_id, target_organization_id) then
    raise exception 'Ce cheval n''est pas lie a un repertoire actif de cette association.';
  end if;

  if normalized_rider_contact_id is not null
    and not public.contact_is_linked_to_org(normalized_rider_contact_id, target_organization_id) then
    raise exception 'Ce cavalier n''est pas lie a un repertoire actif de cette association.';
  end if;

  select * into existing_back_number
  from public.organization_back_numbers obn
  where obn.organization_id = target_organization_id
    and obn.number = requested_number
  for update;

  if existing_back_number.id is not null then
    if existing_back_number.status = 'assigned'
      and existing_back_number.assignment_mode = normalized_mode
      and (
        (normalized_mode = 'horse' and existing_back_number.assigned_horse_id = normalized_horse_id)
        or (normalized_mode = 'rider' and existing_back_number.assigned_rider_contact_id = normalized_rider_contact_id)
        or (
          normalized_mode = 'horse_rider_team'
          and existing_back_number.assigned_horse_id = normalized_horse_id
          and existing_back_number.assigned_rider_contact_id = normalized_rider_contact_id
        )
      ) then
      return existing_back_number;
    end if;

    if existing_back_number.status <> 'available' then
      raise exception 'Le dossard % est deja utilise ou indisponible.', requested_number;
    end if;
  end if;

  update public.organization_back_numbers
  set status = 'available',
      assigned_horse_id = null,
      assigned_rider_contact_id = null,
      assigned_at = null
  where organization_id = target_organization_id
    and status = 'assigned'
    and assignment_mode = normalized_mode
    and (
      (normalized_mode = 'horse' and assigned_horse_id = normalized_horse_id)
      or (normalized_mode = 'rider' and assigned_rider_contact_id = normalized_rider_contact_id)
      or (
        normalized_mode = 'horse_rider_team'
        and assigned_horse_id = normalized_horse_id
        and assigned_rider_contact_id = normalized_rider_contact_id
      )
    )
    and (existing_back_number.id is null or id <> existing_back_number.id);

  if existing_back_number.id is not null then
    update public.organization_back_numbers
    set status = 'assigned',
        assignment_mode = normalized_mode,
        assigned_horse_id = normalized_horse_id,
        assigned_rider_contact_id = normalized_rider_contact_id,
        assigned_at = now(),
        created_by_user_id = coalesce(created_by_user_id, requester_profile_id)
    where id = existing_back_number.id
    returning * into result_back_number;
  else
    insert into public.organization_back_numbers (
      organization_id,
      number,
      status,
      assignment_mode,
      assigned_horse_id,
      assigned_rider_contact_id,
      assigned_at,
      created_by_user_id
    ) values (
      target_organization_id,
      requested_number,
      'assigned',
      normalized_mode,
      normalized_horse_id,
      normalized_rider_contact_id,
      now(),
      requester_profile_id
    )
    returning * into result_back_number;
  end if;

  return result_back_number;
end;
$$;


ALTER FUNCTION public.claim_horse_back_number(target_organization_id uuid, target_horse_id uuid, requested_number integer, target_assignment_mode text, target_rider_contact_id uuid) OWNER TO postgres;

--
-- Name: organization_disciplines; Type: TABLE; Schema: public; Owner: postgres
--

CREATE TABLE public.organization_disciplines (
    id uuid DEFAULT gen_random_uuid() NOT NULL,
    organization_id uuid NOT NULL,
    discipline_id uuid NOT NULL,
    is_default boolean DEFAULT false NOT NULL,
    is_active boolean DEFAULT true NOT NULL,
    settings jsonb DEFAULT '{}'::jsonb NOT NULL,
    created_by_user_id uuid,
    created_at timestamp with time zone DEFAULT now() NOT NULL,
    updated_at timestamp with time zone DEFAULT now() NOT NULL
);


ALTER TABLE public.organization_disciplines OWNER TO postgres;

--
-- Name: configure_organization_discipline(uuid, uuid, boolean, boolean, boolean); Type: FUNCTION; Schema: public; Owner: postgres
--

CREATE FUNCTION public.configure_organization_discipline(target_organization_id uuid, target_discipline_id uuid, target_is_active boolean DEFAULT true, target_is_default boolean DEFAULT false, target_requires_host_membership boolean DEFAULT true) RETURNS public.organization_disciplines
    LANGUAGE plpgsql SECURITY DEFINER
    SET search_path TO 'public'
    AS $$
declare
  configured public.organization_disciplines;
  actor_profile_id uuid := public.current_profile_id();
begin
  if actor_profile_id is null or not (
    public.is_platform_admin()
    or public.is_org_member(target_organization_id, array['admin'])
  ) then
    raise exception 'Not authorized to configure organization disciplines'
      using errcode = 'insufficient_privilege';
  end if;

  if not target_is_active and exists (
    select 1 from public.classes where organization_discipline_id = (
      select id from public.organization_disciplines
      where organization_id = target_organization_id and discipline_id = target_discipline_id
    )
    union all
    select 1 from public.class_templates where organization_discipline_id = (
      select id from public.organization_disciplines
      where organization_id = target_organization_id and discipline_id = target_discipline_id
    )
  ) then
    raise exception 'This discipline directory is still used by classes or recurring classes'
      using errcode = 'dependent_objects_still_exist';
  end if;

  if target_is_default and target_is_active then
    update public.organization_disciplines
    set is_default = false
    where organization_id = target_organization_id
      and is_default;
  end if;

  insert into public.organization_disciplines (
    organization_id,
    discipline_id,
    is_default,
    is_active,
    created_by_user_id
  )
  values (
    target_organization_id,
    target_discipline_id,
    target_is_default and target_is_active,
    target_is_active,
    actor_profile_id
  )
  on conflict (organization_id, discipline_id) do update
  set is_default = excluded.is_default,
      is_active = excluded.is_active,
      updated_at = now()
  returning * into configured;

  if not target_is_active and not exists (
    select 1 from public.organization_disciplines
    where organization_id = target_organization_id
      and is_active
      and is_default
  ) then
    update public.organization_disciplines
    set is_default = true
    where id = (
      select id from public.organization_disciplines
      where organization_id = target_organization_id
        and is_active
      order by created_at
      limit 1
    );
  end if;

  if target_is_active and not exists (
    select 1 from public.organization_disciplines
    where organization_id = target_organization_id
      and is_active
      and is_default
  ) then
    update public.organization_disciplines
    set is_default = true
    where id = configured.id
    returning * into configured;
  end if;

  insert into public.eligibility_requirements (
    organization_id,
    scope_type,
    organization_discipline_id,
    requirement_type,
    subject_type,
    validity_rule,
    enforcement_mode,
    is_required,
    is_active,
    label,
    settings,
    created_by_user_id
  )
  values (
    target_organization_id,
    'organization_discipline',
    configured.id,
    'host_membership',
    'rider',
    'active_on_reference_date',
    'blocking',
    target_requires_host_membership,
    target_is_active and target_requires_host_membership,
    'Adhésion à l’association hôte',
    '{"source":"organization_discipline_configuration"}'::jsonb,
    actor_profile_id
  )
  on conflict (organization_discipline_id, subject_type)
    where scope_type = 'organization_discipline' and requirement_type = 'host_membership'
  do update
  set is_required = excluded.is_required,
      is_active = excluded.is_active,
      updated_at = now();

  select * into configured from public.organization_disciplines where id = configured.id;
  return configured;
end;
$$;


ALTER FUNCTION public.configure_organization_discipline(target_organization_id uuid, target_discipline_id uuid, target_is_active boolean, target_is_default boolean, target_requires_host_membership boolean) OWNER TO postgres;

--
-- Name: contact_identity_name(text, text, text); Type: FUNCTION; Schema: public; Owner: postgres
--

CREATE FUNCTION public.contact_identity_name(first_name text, middle_name text, last_name text) RETURNS text
    LANGUAGE sql IMMUTABLE
    AS $$
  select btrim(coalesce(first_name, '') || ' ' || coalesce(middle_name, '') || ' ' || coalesce(last_name, ''));
$$;


ALTER FUNCTION public.contact_identity_name(first_name text, middle_name text, last_name text) OWNER TO postgres;

--
-- Name: contact_is_linked_to_org(uuid, uuid); Type: FUNCTION; Schema: public; Owner: postgres
--

CREATE FUNCTION public.contact_is_linked_to_org(target_contact_id uuid, target_organization_id uuid) RETURNS boolean
    LANGUAGE sql STABLE SECURITY DEFINER
    SET search_path TO 'public'
    AS $$
  select exists (
    select 1
    from public.directory_contacts dc
    join public.organization_disciplines od on od.id = dc.organization_discipline_id
    where dc.contact_id = target_contact_id
      and od.organization_id = target_organization_id
      and od.is_active
  )
$$;


ALTER FUNCTION public.contact_is_linked_to_org(target_contact_id uuid, target_organization_id uuid) OWNER TO postgres;

--
-- Name: copy_block_template_eligibility_requirements(); Type: FUNCTION; Schema: public; Owner: postgres
--

CREATE FUNCTION public.copy_block_template_eligibility_requirements() RETURNS trigger
    LANGUAGE plpgsql SECURITY DEFINER
    SET search_path TO 'public'
    AS $$
begin
  if new.block_template_id is not null then
    insert into public.eligibility_requirements (
      organization_id, scope_type, block_id, requirement_type, subject_type,
      external_credential_issuer_id, credential_product_id, credential_type,
      incentive_program_id, requirement_group_code, match_rule, validity_rule,
      enforcement_mode, is_required, is_active, label, settings, created_by_user_id
    )
    select
      new.organization_id, 'block', new.id, requirement_type, subject_type,
      external_credential_issuer_id, credential_product_id, credential_type,
      incentive_program_id,
      case when requirement_group_code is null then null else requirement_group_code || ':' || new.id::text end,
      match_rule, validity_rule, enforcement_mode, is_required, is_active, label,
      settings || jsonb_build_object('copied_from_template_requirement_id', id),
      public.current_profile_id()
    from public.eligibility_requirements
    where scope_type = 'block_template'
      and block_template_id = new.block_template_id
      and is_active;
  end if;
  return new;
end;
$$;


ALTER FUNCTION public.copy_block_template_eligibility_requirements() OWNER TO postgres;

--
-- Name: copy_class_template_eligibility_requirements(); Type: FUNCTION; Schema: public; Owner: postgres
--

CREATE FUNCTION public.copy_class_template_eligibility_requirements() RETURNS trigger
    LANGUAGE plpgsql SECURITY DEFINER
    SET search_path TO 'public'
    AS $$
begin
  if new.class_template_id is not null then
    insert into public.eligibility_requirements (
      organization_id, scope_type, class_id, requirement_type, subject_type,
      external_credential_issuer_id, credential_product_id, credential_type,
      incentive_program_id, requirement_group_code, match_rule, validity_rule,
      enforcement_mode, is_required, is_active, label, settings, created_by_user_id
    )
    select
      new.organization_id, 'class', new.id, requirement_type, subject_type,
      external_credential_issuer_id, credential_product_id, credential_type,
      incentive_program_id,
      case when requirement_group_code is null then null else requirement_group_code || ':' || new.id::text end,
      match_rule, validity_rule, enforcement_mode, is_required, is_active, label,
      settings || jsonb_build_object('copied_from_template_requirement_id', id),
      public.current_profile_id()
    from public.eligibility_requirements
    where scope_type = 'class_template'
      and class_template_id = new.class_template_id
      and is_active;
  end if;
  return new;
end;
$$;


ALTER FUNCTION public.copy_class_template_eligibility_requirements() OWNER TO postgres;

--
-- Name: horse_identity_corrections; Type: TABLE; Schema: public; Owner: postgres
--

CREATE TABLE public.horse_identity_corrections (
    id uuid DEFAULT gen_random_uuid() NOT NULL,
    horse_id uuid NOT NULL,
    reason text NOT NULL,
    changed_fields text[] NOT NULL,
    before_identity jsonb NOT NULL,
    after_identity jsonb DEFAULT '{}'::jsonb NOT NULL,
    status text DEFAULT 'pending'::text NOT NULL,
    created_by_user_id uuid NOT NULL,
    created_at timestamp with time zone DEFAULT now() NOT NULL,
    applied_at timestamp with time zone,
    CONSTRAINT horse_identity_corrections_after_identity_check CHECK ((jsonb_typeof(after_identity) = 'object'::text)),
    CONSTRAINT horse_identity_corrections_before_identity_check CHECK ((jsonb_typeof(before_identity) = 'object'::text)),
    CONSTRAINT horse_identity_corrections_changed_fields_check CHECK ((cardinality(changed_fields) > 0)),
    CONSTRAINT horse_identity_corrections_reason_check CHECK ((char_length(btrim(reason)) >= 10)),
    CONSTRAINT horse_identity_corrections_status_check CHECK ((status = ANY (ARRAY['pending'::text, 'applied'::text])))
);


ALTER TABLE public.horse_identity_corrections OWNER TO postgres;

--
-- Name: TABLE horse_identity_corrections; Type: COMMENT; Schema: public; Owner: postgres
--

COMMENT ON TABLE public.horse_identity_corrections IS 'Immutable audit trail of explicit horse identity corrections with before/after snapshots and reasons.';


--
-- Name: correct_horse_identity(uuid, text, jsonb); Type: FUNCTION; Schema: public; Owner: postgres
--

CREATE FUNCTION public.correct_horse_identity(p_horse_id uuid, p_reason text, p_changes jsonb) RETURNS public.horse_identity_corrections
    LANGUAGE plpgsql SECURITY DEFINER
    SET search_path TO 'public'
    AS $$
declare
  horse_row public.horses%rowtype;
  correction public.horse_identity_corrections%rowtype;
  changed_fields text[] := array[]::text[];
  before_snapshot jsonb;
  after_snapshot jsonb;
  new_name text;
  new_date_of_birth date;
  new_birth_year smallint;
  new_gender text;
  new_breed text;
  new_registration_number text;
  new_registration_status text;
  external_change jsonb;
  issuer_id uuid;
  identifier_kind text;
  identifier_value text;
  existing_identifier public.horse_external_identifiers%rowtype;
  external_field_key text;
begin
  if not public.can_correct_horse_identity(p_horse_id) then
    raise exception 'HSP_HORSE_IDENTITY_CORRECTION_FORBIDDEN' using errcode = 'insufficient_privilege';
  end if;

  if char_length(btrim(coalesce(p_reason, ''))) < 10 then
    raise exception 'HSP_HORSE_IDENTITY_CORRECTION_REASON_REQUIRED' using errcode = 'invalid_parameter_value';
  end if;

  if jsonb_typeof(coalesce(p_changes, '{}'::jsonb)) <> 'object' then
    raise exception 'Horse identity changes must be an object' using errcode = 'invalid_parameter_value';
  end if;

  if exists (
    select 1
    from jsonb_object_keys(p_changes) key
    where key not in (
      'name', 'date_of_birth', 'birth_year', 'gender', 'breed',
      'registration_number', 'registration_status', 'external_identifiers'
    )
  ) then
    raise exception 'Horse identity correction contains an unsupported field' using errcode = 'invalid_parameter_value';
  end if;

  if jsonb_typeof(coalesce(p_changes->'external_identifiers', '[]'::jsonb)) <> 'array' then
    raise exception 'External identifier corrections must be an array' using errcode = 'invalid_parameter_value';
  end if;

  if exists (
    select 1
    from jsonb_array_elements(coalesce(p_changes->'external_identifiers', '[]'::jsonb)) item
    group by item->>'external_credential_issuer_id', coalesce(item->>'identifier_type', 'competition_license')
    having count(*) > 1
  ) then
    raise exception 'External identifier corrections contain duplicate issuers and types' using errcode = 'invalid_parameter_value';
  end if;

  perform pg_advisory_xact_lock(hashtextextended(p_horse_id::text, 1));

  select * into horse_row
  from public.horses
  where id = p_horse_id
  for update;

  if horse_row.id is null then
    raise exception 'Horse not found' using errcode = 'no_data_found';
  end if;

  before_snapshot := public.horse_identity_snapshot_for(p_horse_id);
  new_name := case when p_changes ? 'name' then nullif(btrim(p_changes->>'name'), '') else horse_row.name end;
  new_date_of_birth := case when p_changes ? 'date_of_birth' then nullif(p_changes->>'date_of_birth', '')::date else horse_row.date_of_birth end;
  new_birth_year := case
    when p_changes ? 'birth_year' then nullif(p_changes->>'birth_year', '')::smallint
    when p_changes ? 'date_of_birth' and nullif(p_changes->>'date_of_birth', '') is not null then extract(year from new_date_of_birth)::smallint
    when p_changes ? 'date_of_birth' then null
    else horse_row.birth_year
  end;
  new_gender := case when p_changes ? 'gender' then nullif(btrim(p_changes->>'gender'), '') else horse_row.gender end;
  new_breed := case when p_changes ? 'breed' then nullif(btrim(p_changes->>'breed'), '') else horse_row.breed end;
  new_registration_number := case when p_changes ? 'registration_number' then nullif(btrim(p_changes->>'registration_number'), '') else horse_row.registration_number end;
  new_registration_status := case when p_changes ? 'registration_status' then p_changes->>'registration_status' else horse_row.registration_status end;

  if new_name is null then
    raise exception 'Horse name is required' using errcode = 'not_null_violation';
  end if;

  if new_name is distinct from horse_row.name then changed_fields := array_append(changed_fields, 'name'); end if;
  if new_date_of_birth is distinct from horse_row.date_of_birth then changed_fields := array_append(changed_fields, 'date_of_birth'); end if;
  if new_birth_year is distinct from horse_row.birth_year then changed_fields := array_append(changed_fields, 'birth_year'); end if;
  if new_gender is distinct from horse_row.gender then changed_fields := array_append(changed_fields, 'gender'); end if;
  if new_breed is distinct from horse_row.breed then changed_fields := array_append(changed_fields, 'breed'); end if;
  if new_registration_number is distinct from horse_row.registration_number then changed_fields := array_append(changed_fields, 'registration_number'); end if;
  if new_registration_status is distinct from horse_row.registration_status then changed_fields := array_append(changed_fields, 'registration_status'); end if;

  for external_change in
    select value from jsonb_array_elements(coalesce(p_changes->'external_identifiers', '[]'::jsonb)) item(value)
  loop
    issuer_id := nullif(external_change->>'external_credential_issuer_id', '')::uuid;
    identifier_kind := coalesce(nullif(external_change->>'identifier_type', ''), 'competition_license');
    identifier_value := nullif(btrim(external_change->>'identifier_value'), '');

    if issuer_id is null or not exists (select 1 from public.external_credential_issuers where id = issuer_id) then
      raise exception 'External credential issuer not found' using errcode = 'foreign_key_violation';
    end if;

    select * into existing_identifier
    from public.horse_external_identifiers
    where horse_id = p_horse_id
      and external_credential_issuer_id = issuer_id
      and identifier_type = identifier_kind;

    if identifier_value is distinct from existing_identifier.identifier_value then
      external_field_key := format('external_identifier:%s:%s', issuer_id, identifier_kind);
      changed_fields := array_append(changed_fields, external_field_key);
    end if;
  end loop;

  if cardinality(changed_fields) = 0 then
    raise exception 'HSP_NO_IDENTITY_CHANGES' using errcode = 'invalid_parameter_value';
  end if;

  insert into public.horse_identity_corrections (
    horse_id,
    reason,
    changed_fields,
    before_identity,
    status,
    created_by_user_id
  ) values (
    p_horse_id,
    btrim(p_reason),
    changed_fields,
    before_snapshot,
    'pending',
    public.current_profile_id()
  )
  returning * into correction;

  with affected_validations as (
    select
      validation.id,
      array(
        select changed_field
        from unnest(changed_fields) changed_field
        where
          (changed_field = 'name' and validation.extracted_horse_name is not null)
          or (
            changed_field in ('date_of_birth', 'birth_year')
            and coalesce(
              validation.extracted_date_of_birth::text,
              validation.extracted_birth_year::text,
              validation.extracted_age_years::text
            ) is not null
          )
          or (changed_field = 'gender' and validation.extracted_gender is not null)
          or (changed_field = 'breed' and validation.extracted_breed is not null)
          or (
            changed_field = 'registration_number'
            and validation.extracted_identifier is not null
            and nullif(validation.horse_identity_snapshot->>'external_identifier', '') is null
          )
          or (
            changed_field = 'registration_status'
            and (
              validation.extracted_identifier is not null
              or validation.extracted_breed is not null
            )
          )
          or (
            validation.extracted_identifier is not null
            and document.external_credential_issuer_id is not null
            and changed_field like format(
              'external_identifier:%s:%%',
              document.external_credential_issuer_id
            )
          )
      ) as invalidated_fields
    from public.horse_document_validations validation
    join public.horse_documents document on document.id = validation.horse_document_id
    where validation.horse_id = p_horse_id
      and validation.status in ('identified', 'verified', 'mismatch')
  )
  update public.horse_document_validations validation
  set status = 'invalidated',
      invalidated_by_correction_id = correction.id,
      invalidated_at = now(),
      invalidated_fields = affected.invalidated_fields
  from affected_validations affected
  where affected.id = validation.id
    and cardinality(affected.invalidated_fields) > 0;

  perform set_config('hsp.identity_correction_id', correction.id::text, true);

  update public.horses
  set name = new_name,
      date_of_birth = new_date_of_birth,
      birth_year = new_birth_year,
      gender = new_gender,
      breed = new_breed,
      registration_number = case when new_registration_status = 'grade' then null else new_registration_number end,
      registration_status = new_registration_status
  where id = p_horse_id;

  for external_change in
    select value from jsonb_array_elements(coalesce(p_changes->'external_identifiers', '[]'::jsonb)) item(value)
  loop
    issuer_id := (external_change->>'external_credential_issuer_id')::uuid;
    identifier_kind := coalesce(nullif(external_change->>'identifier_type', ''), 'competition_license');
    identifier_value := nullif(btrim(external_change->>'identifier_value'), '');

    select * into existing_identifier
    from public.horse_external_identifiers
    where horse_id = p_horse_id
      and external_credential_issuer_id = issuer_id
      and identifier_type = identifier_kind;

    if identifier_value is not distinct from existing_identifier.identifier_value then
      continue;
    end if;

    if identifier_value is null then
      delete from public.horse_external_identifiers
      where horse_id = p_horse_id
        and external_credential_issuer_id = issuer_id
        and identifier_type = identifier_kind;
    else
      insert into public.horse_external_identifiers (
        horse_id,
        external_credential_issuer_id,
        identifier_type,
        identifier_value,
        status
      ) values (
        p_horse_id,
        issuer_id,
        identifier_kind,
        identifier_value,
        'unknown'
      )
      on conflict (horse_id, external_credential_issuer_id, identifier_type)
      do update set
        identifier_value = excluded.identifier_value,
        status = 'unknown',
        verified_at = null,
        verified_by_external_data_source_id = null,
        latest_snapshot_id = null;
    end if;
  end loop;

  if new_registration_status = 'grade' and exists (
    select 1
    from public.horse_external_identifiers identifier
    join public.external_credential_issuers issuer on issuer.id = identifier.external_credential_issuer_id
    where identifier.horse_id = p_horse_id
      and issuer.issuer_type = 'breed_registry'
  ) then
    raise exception 'A grade horse cannot retain a breed registry identifier' using errcode = 'check_violation';
  end if;

  after_snapshot := public.horse_identity_snapshot_for(p_horse_id);

  update public.horse_identity_corrections
  set after_identity = after_snapshot,
      status = 'applied',
      applied_at = now()
  where id = correction.id
  returning * into correction;

  return correction;
end;
$$;


ALTER FUNCTION public.correct_horse_identity(p_horse_id uuid, p_reason text, p_changes jsonb) OWNER TO postgres;

--
-- Name: FUNCTION correct_horse_identity(p_horse_id uuid, p_reason text, p_changes jsonb); Type: COMMENT; Schema: public; Owner: postgres
--

COMMENT ON FUNCTION public.correct_horse_identity(p_horse_id uuid, p_reason text, p_changes jsonb) IS 'Atomically invalidates affected document readings and applies an authorized, reasoned identity correction.';


--
-- Name: create_association_with_owner(text, text, text, text, text, text, jsonb); Type: FUNCTION; Schema: public; Owner: postgres
--

CREATE FUNCTION public.create_association_with_owner(target_id text, target_name text, target_short_name text DEFAULT ''::text, target_timezone text DEFAULT 'America/Toronto'::text, target_logo_data_url text DEFAULT NULL::text, target_website_url text DEFAULT NULL::text, target_sponsor_logos jsonb DEFAULT '[]'::jsonb) RETURNS json
    LANGUAGE plpgsql SECURITY DEFINER
    SET search_path TO 'pg_catalog', 'public'
    AS $$
declare
  v_org_id uuid;
  v_profile_id uuid;
  v_slug text;
  v_result json;
begin
  if auth.uid() is null then
    raise exception 'Authentication required' using errcode = '42501';
  end if;
  select id into v_profile_id from public.user_profiles where user_id = auth.uid();
  if v_profile_id is null then
    raise exception 'User profile required' using errcode = '42501';
  end if;

  v_org_id := coalesce(nullif(target_id, '')::uuid, gen_random_uuid());
  v_slug := lower(regexp_replace(coalesce(target_name, ''), '[^a-zA-Z0-9]+', '-', 'g'))
            || '-' || substring(v_org_id::text, 1, 8);

  insert into public.organizations (id, name, short_name, timezone, logo_url, website_url, sponsor_logos, slug)
  values (v_org_id, target_name, coalesce(target_short_name,''), coalesce(target_timezone,'America/Toronto'),
          target_logo_data_url, target_website_url, coalesce(target_sponsor_logos,'[]'::jsonb), v_slug);

  -- A plain INSERT rejects existing IDs, including concurrent creations.
  -- Never update an existing association or grant membership on conflict.
  insert into public.organization_members (user_id, organization_id, role)
  values (v_profile_id, v_org_id, 'admin');

  select row_to_json(o) into v_result
  from (
    select id, name, short_name, timezone, logo_url as logo_data_url, website_url, sponsor_logos, created_at, updated_at
    from public.organizations where id = v_org_id
  ) o;

  return v_result;
end;
$$;


ALTER FUNCTION public.create_association_with_owner(target_id text, target_name text, target_short_name text, target_timezone text, target_logo_data_url text, target_website_url text, target_sponsor_logos jsonb) OWNER TO postgres;

--
-- Name: horse_document_validations; Type: TABLE; Schema: public; Owner: postgres
--

CREATE TABLE public.horse_document_validations (
    id uuid DEFAULT gen_random_uuid() NOT NULL,
    horse_document_id uuid NOT NULL,
    horse_id uuid NOT NULL,
    version integer NOT NULL,
    status text NOT NULL,
    source text NOT NULL,
    comparison_profile text NOT NULL,
    extracted_horse_name text,
    extracted_date_of_birth date,
    extracted_birth_year smallint,
    extracted_age_years smallint,
    extracted_age_reference_date date,
    extracted_gender text,
    extracted_breed text,
    extracted_color text,
    extracted_identifier text,
    extracted_owner_name text,
    horse_identity_snapshot jsonb DEFAULT '{}'::jsonb NOT NULL,
    comparison_result jsonb DEFAULT '{}'::jsonb NOT NULL,
    evidence jsonb DEFAULT '[]'::jsonb NOT NULL,
    source_payload jsonb DEFAULT '{}'::jsonb NOT NULL,
    warnings text[] DEFAULT '{}'::text[] NOT NULL,
    verdict text NOT NULL,
    score smallint NOT NULL,
    confidence text NOT NULL,
    created_by_user_id uuid NOT NULL,
    created_at timestamp with time zone DEFAULT now() NOT NULL,
    superseded_by_validation_id uuid,
    superseded_at timestamp with time zone,
    invalidated_by_correction_id uuid,
    invalidated_at timestamp with time zone,
    invalidated_fields text[],
    CONSTRAINT horse_document_validations_comparison_profile_check CHECK ((comparison_profile = ANY (ARRAY['health_document_horse'::text, 'external_horse'::text]))),
    CONSTRAINT horse_document_validations_comparison_result_check CHECK ((jsonb_typeof(comparison_result) = 'object'::text)),
    CONSTRAINT horse_document_validations_confidence_check CHECK ((confidence = ANY (ARRAY['certain'::text, 'probable'::text, 'weak'::text]))),
    CONSTRAINT horse_document_validations_evidence_check CHECK ((jsonb_typeof(evidence) = 'array'::text)),
    CONSTRAINT horse_document_validations_extracted_age_years_check CHECK (((extracted_age_years IS NULL) OR ((extracted_age_years >= 0) AND (extracted_age_years <= 60)))),
    CONSTRAINT horse_document_validations_extracted_birth_year_check CHECK (((extracted_birth_year IS NULL) OR ((extracted_birth_year >= 1900) AND (extracted_birth_year <= 2200)))),
    CONSTRAINT horse_document_validations_horse_identity_snapshot_check CHECK ((jsonb_typeof(horse_identity_snapshot) = 'object'::text)),
    CONSTRAINT horse_document_validations_lifecycle_check CHECK ((((status = 'superseded'::text) AND (superseded_at IS NOT NULL) AND (invalidated_by_correction_id IS NULL) AND (invalidated_at IS NULL) AND (invalidated_fields IS NULL)) OR ((status = 'invalidated'::text) AND (superseded_at IS NULL) AND (superseded_by_validation_id IS NULL) AND (invalidated_by_correction_id IS NOT NULL) AND (invalidated_at IS NOT NULL) AND (cardinality(invalidated_fields) > 0)) OR ((status <> ALL (ARRAY['superseded'::text, 'invalidated'::text])) AND (superseded_at IS NULL) AND (superseded_by_validation_id IS NULL) AND (invalidated_by_correction_id IS NULL) AND (invalidated_at IS NULL) AND (invalidated_fields IS NULL)))),
    CONSTRAINT horse_document_validations_score_check CHECK (((score >= 0) AND (score <= 100))),
    CONSTRAINT horse_document_validations_source_check CHECK ((source = ANY (ARRAY['manual'::text, 'ocr'::text, 'qr'::text, 'external_api'::text, 'import'::text]))),
    CONSTRAINT horse_document_validations_source_payload_check CHECK ((jsonb_typeof(source_payload) = 'object'::text)),
    CONSTRAINT horse_document_validations_status_check CHECK ((status = ANY (ARRAY['identified'::text, 'verified'::text, 'mismatch'::text, 'rejected'::text, 'superseded'::text, 'invalidated'::text]))),
    CONSTRAINT horse_document_validations_status_verdict_check CHECK ((((status = 'verified'::text) AND (verdict = 'match'::text)) OR ((status = 'mismatch'::text) AND (verdict = 'mismatch'::text)) OR ((status = 'identified'::text) AND (verdict = ANY (ARRAY['possible_match'::text, 'insufficient_data'::text]))) OR (status = ANY (ARRAY['rejected'::text, 'superseded'::text, 'invalidated'::text])))),
    CONSTRAINT horse_document_validations_verdict_check CHECK ((verdict = ANY (ARRAY['match'::text, 'possible_match'::text, 'mismatch'::text, 'insufficient_data'::text]))),
    CONSTRAINT horse_document_validations_version_check CHECK ((version > 0))
);


ALTER TABLE public.horse_document_validations OWNER TO postgres;

--
-- Name: TABLE horse_document_validations; Type: COMMENT; Schema: public; Owner: postgres
--

COMMENT ON TABLE public.horse_document_validations IS 'Immutable, versioned document-to-horse identity readings. Evidence never mutates the HSP horse identity.';


--
-- Name: create_horse_document_validation(uuid, jsonb); Type: FUNCTION; Schema: public; Owner: postgres
--

CREATE FUNCTION public.create_horse_document_validation(p_horse_document_id uuid, p_validation jsonb) RETURNS public.horse_document_validations
    LANGUAGE plpgsql SECURITY DEFINER
    SET search_path TO 'public'
    AS $$
declare
  document_row public.horse_documents%rowtype;
  previous_validation_id uuid;
  next_version integer;
  new_validation public.horse_document_validations%rowtype;
  validation_warnings text[];
begin
  select * into document_row
  from public.horse_documents
  where id = p_horse_document_id;

  if document_row.id is null then
    raise exception 'Horse document not found' using errcode = 'no_data_found';
  end if;

  if not public.can_identify_horse_document(document_row.horse_id) then
    raise exception 'Not authorized to identify this horse document' using errcode = 'insufficient_privilege';
  end if;

  if public.current_profile_id() is null then
    raise exception 'A user profile is required to identify a horse document' using errcode = 'insufficient_privilege';
  end if;

  perform pg_advisory_xact_lock(hashtextextended(p_horse_document_id::text, 0));

  select id into previous_validation_id
  from public.horse_document_validations
  where horse_document_id = p_horse_document_id
    and status not in ('superseded', 'invalidated')
  for update;

  update public.horse_document_validations
  set status = 'superseded',
      superseded_at = now()
  where id = previous_validation_id;

  select coalesce(max(version), 0) + 1
  into next_version
  from public.horse_document_validations
  where horse_document_id = p_horse_document_id;

  if jsonb_typeof(coalesce(p_validation->'warnings', '[]'::jsonb)) <> 'array' then
    raise exception 'Validation warnings must be an array' using errcode = 'invalid_parameter_value';
  end if;

  select coalesce(array_agg(value), '{}')
  into validation_warnings
  from jsonb_array_elements_text(coalesce(p_validation->'warnings', '[]'::jsonb)) warning(value);

  insert into public.horse_document_validations (
    horse_document_id,
    horse_id,
    version,
    status,
    source,
    comparison_profile,
    extracted_horse_name,
    extracted_date_of_birth,
    extracted_birth_year,
    extracted_age_years,
    extracted_age_reference_date,
    extracted_gender,
    extracted_breed,
    extracted_color,
    extracted_identifier,
    extracted_owner_name,
    horse_identity_snapshot,
    comparison_result,
    evidence,
    source_payload,
    warnings,
    verdict,
    score,
    confidence,
    created_by_user_id
  ) values (
    p_horse_document_id,
    document_row.horse_id,
    next_version,
    p_validation->>'status',
    p_validation->>'source',
    p_validation->>'comparison_profile',
    nullif(btrim(p_validation->>'extracted_horse_name'), ''),
    nullif(p_validation->>'extracted_date_of_birth', '')::date,
    nullif(p_validation->>'extracted_birth_year', '')::smallint,
    nullif(p_validation->>'extracted_age_years', '')::smallint,
    nullif(p_validation->>'extracted_age_reference_date', '')::date,
    nullif(btrim(p_validation->>'extracted_gender'), ''),
    nullif(btrim(p_validation->>'extracted_breed'), ''),
    nullif(btrim(p_validation->>'extracted_color'), ''),
    nullif(btrim(p_validation->>'extracted_identifier'), ''),
    nullif(btrim(p_validation->>'extracted_owner_name'), ''),
    coalesce(p_validation->'horse_identity_snapshot', '{}'::jsonb),
    coalesce(p_validation->'comparison_result', '{}'::jsonb),
    coalesce(p_validation->'evidence', '[]'::jsonb),
    coalesce(p_validation->'source_payload', '{}'::jsonb),
    validation_warnings,
    p_validation->>'verdict',
    (p_validation->>'score')::smallint,
    p_validation->>'confidence',
    public.current_profile_id()
  )
  returning * into new_validation;

  update public.horse_document_validations
  set superseded_by_validation_id = new_validation.id
  where id = previous_validation_id;

  return new_validation;
end;
$$;


ALTER FUNCTION public.create_horse_document_validation(p_horse_document_id uuid, p_validation jsonb) OWNER TO postgres;

--
-- Name: FUNCTION create_horse_document_validation(p_horse_document_id uuid, p_validation jsonb); Type: COMMENT; Schema: public; Owner: postgres
--

COMMENT ON FUNCTION public.create_horse_document_validation(p_horse_document_id uuid, p_validation jsonb) IS 'Creates a new immutable validation version and supersedes the prior reading atomically.';


--
-- Name: organization_health_document_reviews; Type: TABLE; Schema: public; Owner: postgres
--

CREATE TABLE public.organization_health_document_reviews (
    id uuid DEFAULT gen_random_uuid() NOT NULL,
    organization_id uuid NOT NULL,
    horse_document_id uuid NOT NULL,
    health_policy_id uuid,
    version integer NOT NULL,
    status text NOT NULL,
    review_notes text,
    reviewed_by_user_id uuid NOT NULL,
    reviewed_at timestamp with time zone DEFAULT now() NOT NULL,
    created_at timestamp with time zone DEFAULT now() NOT NULL,
    CONSTRAINT organization_health_document_reviews_status_check CHECK ((status = ANY (ARRAY['approved'::text, 'rejected'::text]))),
    CONSTRAINT organization_health_document_reviews_version_check CHECK ((version > 0))
);


ALTER TABLE public.organization_health_document_reviews OWNER TO postgres;

--
-- Name: TABLE organization_health_document_reviews; Type: COMMENT; Schema: public; Owner: postgres
--

COMMENT ON TABLE public.organization_health_document_reviews IS 'Immutable association-specific document reviews that never alter the global horse document or another association decision.';


--
-- Name: create_organization_health_document_review(uuid, uuid, text, text); Type: FUNCTION; Schema: public; Owner: postgres
--

CREATE FUNCTION public.create_organization_health_document_review(p_organization_id uuid, p_horse_document_id uuid, p_status text, p_review_notes text DEFAULT NULL::text) RETURNS public.organization_health_document_reviews
    LANGUAGE plpgsql SECURITY DEFINER
    SET search_path TO 'public'
    AS $$
declare
  document_horse_id uuid;
  active_policy_id uuid;
  next_version integer;
  saved_review public.organization_health_document_reviews%rowtype;
begin
  if p_status not in ('approved', 'rejected') then
    raise exception 'Health document review status must be approved or rejected'
      using errcode = 'invalid_parameter_value';
  end if;

  if not (
    public.is_platform_admin()
    or public.is_org_member(p_organization_id, array['admin', 'secretary'])
  ) then
    raise exception 'HSP_HEALTH_REVIEW_FORBIDDEN' using errcode = 'insufficient_privilege';
  end if;

  select document.horse_id into document_horse_id
  from public.horse_documents document
  where document.id = p_horse_document_id;

  if document_horse_id is null then
    raise exception 'Horse document not found' using errcode = 'no_data_found';
  end if;

  if not exists (
    select 1
    from public.directory_horses directory_horse
    join public.organization_disciplines organization_discipline
      on organization_discipline.id = directory_horse.organization_discipline_id
    where directory_horse.horse_id = document_horse_id
      and organization_discipline.organization_id = p_organization_id
  ) then
    raise exception 'Horse is not in this association directory'
      using errcode = 'insufficient_privilege';
  end if;

  perform pg_advisory_xact_lock(hashtextextended(p_organization_id::text || ':' || p_horse_document_id::text, 6));

  select policy.id into active_policy_id
  from public.organization_health_policy_at(p_organization_id, current_date) policy;

  select coalesce(max(review.version), 0) + 1 into next_version
  from public.organization_health_document_reviews review
  where review.organization_id = p_organization_id
    and review.horse_document_id = p_horse_document_id;

  insert into public.organization_health_document_reviews (
    organization_id,
    horse_document_id,
    health_policy_id,
    version,
    status,
    review_notes,
    reviewed_by_user_id
  ) values (
    p_organization_id,
    p_horse_document_id,
    active_policy_id,
    next_version,
    p_status,
    nullif(btrim(p_review_notes), ''),
    public.current_profile_id()
  )
  returning * into saved_review;

  return saved_review;
end;
$$;


ALTER FUNCTION public.create_organization_health_document_review(p_organization_id uuid, p_horse_document_id uuid, p_status text, p_review_notes text) OWNER TO postgres;

--
-- Name: organizations; Type: TABLE; Schema: public; Owner: postgres
--

CREATE TABLE public.organizations (
    id uuid DEFAULT gen_random_uuid() NOT NULL,
    name character varying(255) NOT NULL,
    slug character varying(100) NOT NULL,
    description text,
    primary_contact_name character varying(255),
    primary_contact_email character varying(255),
    primary_contact_phone character varying(20),
    address character varying(255),
    city character varying(100),
    state character varying(50),
    zip_code character varying(20),
    country character varying(2),
    logo_url text,
    website_url text,
    subscription_plan character varying(50) DEFAULT 'premium'::character varying NOT NULL,
    subscription_status character varying(50) DEFAULT 'active'::character varying NOT NULL,
    stripe_customer_id character varying(255),
    timezone character varying(50) DEFAULT 'UTC'::character varying NOT NULL,
    currency character varying(3) DEFAULT 'USD'::character varying NOT NULL,
    modules_enabled jsonb DEFAULT '{"show_score": true}'::jsonb NOT NULL,
    tax_rate numeric(6,3) DEFAULT 0.00 NOT NULL,
    default_refund_policy character varying(50) DEFAULT 'full_refund'::character varying NOT NULL,
    created_by_user_id uuid,
    created_at timestamp with time zone DEFAULT now() NOT NULL,
    updated_at timestamp with time zone DEFAULT now() NOT NULL,
    short_name character varying(100),
    legacy_showscore_association_id text,
    back_number_policy character varying(30) DEFAULT 'horse'::character varying NOT NULL,
    billing_name character varying(255),
    billing_email character varying(255),
    billing_phone character varying(30),
    address_line2 character varying(255),
    tax_name character varying(100),
    tax_number character varying(100),
    secondary_tax_name character varying(100),
    secondary_tax_number character varying(100),
    sponsor_logos jsonb DEFAULT '[]'::jsonb NOT NULL,
    logo_data_url text GENERATED ALWAYS AS (logo_url) STORED,
    subscription_expires_at timestamp with time zone DEFAULT '2027-01-01 04:59:59+00'::timestamp with time zone,
    subscription_notes text,
    is_test_mode boolean DEFAULT false NOT NULL,
    CONSTRAINT organizations_back_number_policy_check CHECK (((back_number_policy)::text = ANY ((ARRAY['horse'::character varying, 'rider'::character varying, 'horse_rider_team'::character varying])::text[]))),
    CONSTRAINT organizations_subscription_plan_check CHECK (((subscription_plan)::text = ANY ((ARRAY['community'::character varying, 'professional'::character varying, 'premium'::character varying])::text[])))
);


ALTER TABLE public.organizations OWNER TO postgres;

--
-- Name: create_organization_with_disciplines(text, text, text, text, text, uuid[], uuid, boolean); Type: FUNCTION; Schema: public; Owner: postgres
--

CREATE FUNCTION public.create_organization_with_disciplines(target_name text, target_slug text, target_primary_contact_email text, target_timezone text, target_currency text, target_discipline_ids uuid[], target_default_discipline_id uuid, target_requires_host_membership boolean DEFAULT true) RETURNS public.organizations
    LANGUAGE plpgsql SECURITY DEFINER
    SET search_path TO 'public'
    AS $$
declare
  actor_profile_id uuid := public.current_profile_id();
  created_organization public.organizations;
  discipline_id uuid;
  directory_id uuid;
begin
  if actor_profile_id is null then
    raise exception 'Authenticated profile required' using errcode = 'insufficient_privilege';
  end if;
  if coalesce(array_length(target_discipline_ids, 1), 0) = 0 then
    raise exception 'At least one discipline is required' using errcode = 'check_violation';
  end if;
  if target_default_discipline_id is null or not (target_default_discipline_id = any(target_discipline_ids)) then
    raise exception 'Default discipline must be one of the selected disciplines' using errcode = 'check_violation';
  end if;

  insert into public.organizations (
    name,
    slug,
    primary_contact_email,
    timezone,
    currency,
    created_by_user_id
  )
  values (
    btrim(target_name),
    btrim(target_slug),
    nullif(btrim(target_primary_contact_email), ''),
    coalesce(nullif(btrim(target_timezone), ''), 'America/Toronto'),
    coalesce(nullif(btrim(target_currency), ''), 'CAD'),
    actor_profile_id
  )
  returning * into created_organization;

  insert into public.organization_members (organization_id, user_id, role)
  values (created_organization.id, actor_profile_id, 'admin');

  foreach discipline_id in array target_discipline_ids loop
    insert into public.organization_disciplines (
      organization_id, discipline_id, is_default, is_active, created_by_user_id
    )
    values (
      created_organization.id,
      discipline_id,
      discipline_id = target_default_discipline_id,
      true,
      actor_profile_id
    )
    returning id into directory_id;

    insert into public.eligibility_requirements (
      organization_id,
      scope_type,
      organization_discipline_id,
      requirement_type,
      subject_type,
      validity_rule,
      enforcement_mode,
      is_required,
      is_active,
      label,
      settings,
      created_by_user_id
    )
    values (
      created_organization.id,
      'organization_discipline',
      directory_id,
      'host_membership',
      'rider',
      'active_on_reference_date',
      'blocking',
      target_requires_host_membership,
      target_requires_host_membership,
      'Adhésion à l’association hôte',
      '{"source":"organization_creation"}'::jsonb,
      actor_profile_id
    );
  end loop;

  return created_organization;
end;
$$;


ALTER FUNCTION public.create_organization_with_disciplines(target_name text, target_slug text, target_primary_contact_email text, target_timezone text, target_currency text, target_discipline_ids uuid[], target_default_discipline_id uuid, target_requires_host_membership boolean) OWNER TO postgres;

--
-- Name: current_profile_id(); Type: FUNCTION; Schema: public; Owner: postgres
--

CREATE FUNCTION public.current_profile_id() RETURNS uuid
    LANGUAGE sql STABLE SECURITY DEFINER
    SET search_path TO 'public'
    AS $$
  select id from public.user_profiles where user_id = auth.uid()
$$;


ALTER FUNCTION public.current_profile_id() OWNER TO postgres;

--
-- Name: current_user_is_platform_admin(); Type: FUNCTION; Schema: public; Owner: postgres
--

CREATE FUNCTION public.current_user_is_platform_admin() RETURNS boolean
    LANGUAGE sql STABLE SECURITY DEFINER
    AS $$
  select public.is_platform_admin();
$$;


ALTER FUNCTION public.current_user_is_platform_admin() OWNER TO postgres;

--
-- Name: days_delete(); Type: FUNCTION; Schema: public; Owner: postgres
--

CREATE FUNCTION public.days_delete() RETURNS trigger
    LANGUAGE plpgsql SECURITY DEFINER
    AS $$
begin
  delete from public.show_days where id = old.id;
  return old;
end;
$$;


ALTER FUNCTION public.days_delete() OWNER TO postgres;

--
-- Name: days_insert(); Type: FUNCTION; Schema: public; Owner: postgres
--

CREATE FUNCTION public.days_insert() RETURNS trigger
    LANGUAGE plpgsql SECURITY DEFINER
    AS $$
begin
  insert into public.show_days (id, organization_id, show_id, day_name, day_date, sort_order, created_at, updated_at)
  values (
    coalesce(new.id, gen_random_uuid()),
    new.association_id,
    new.show_id,
    new.label,
    new.date::date,
    coalesce(new.sort_order, 1),
    coalesce(new.created_at, now()),
    coalesce(new.updated_at, now())
  );
  return new;
end;
$$;


ALTER FUNCTION public.days_insert() OWNER TO postgres;

--
-- Name: days_update(); Type: FUNCTION; Schema: public; Owner: postgres
--

CREATE FUNCTION public.days_update() RETURNS trigger
    LANGUAGE plpgsql SECURITY DEFINER
    AS $$
begin
  update public.show_days set
    organization_id = new.association_id,
    show_id         = new.show_id,
    day_name        = new.label,
    day_date        = new.date::date,
    sort_order      = coalesce(new.sort_order, 1),
    updated_at      = now()
  where id = old.id;
  return new;
end;
$$;


ALTER FUNCTION public.days_update() OWNER TO postgres;

--
-- Name: delete_show_score_paid_warmup_block(); Type: FUNCTION; Schema: public; Owner: postgres
--

CREATE FUNCTION public.delete_show_score_paid_warmup_block() RETURNS trigger
    LANGUAGE plpgsql SECURITY DEFINER
    SET search_path TO 'public'
    AS $$
begin
  delete from public.blocks
  where id = old.block_id
    and block_type = 'paid_warmup';
  return old;
end;
$$;


ALTER FUNCTION public.delete_show_score_paid_warmup_block() OWNER TO postgres;

--
-- Name: dismiss_contact_identity_candidate(uuid, uuid, text, text); Type: FUNCTION; Schema: public; Owner: postgres
--

CREATE FUNCTION public.dismiss_contact_identity_candidate(target_organization_id uuid, target_contact_id uuid, target_signature text, target_reason text DEFAULT NULL::text) RETURNS void
    LANGUAGE plpgsql SECURITY DEFINER
    SET search_path TO 'public'
    AS $$
begin
  if not public.can_search_global_identities(target_organization_id) then
    raise exception 'Only association staff can dismiss identity candidates.'
      using errcode = 'insufficient_privilege';
  end if;

  insert into public.contact_similarity_dismissals (
    organization_id, existing_contact_id, candidate_signature, reason, dismissed_by_user_id
  ) values (
    target_organization_id, target_contact_id, target_signature, nullif(btrim(target_reason), ''), public.current_profile_id()
  )
  on conflict (organization_id, existing_contact_id, candidate_signature, algorithm_version) do update
  set reason = excluded.reason,
      dismissed_by_user_id = excluded.dismissed_by_user_id,
      created_at = now();
end;
$$;


ALTER FUNCTION public.dismiss_contact_identity_candidate(target_organization_id uuid, target_contact_id uuid, target_signature text, target_reason text) OWNER TO postgres;

--
-- Name: dismiss_horse_identity_candidate(uuid, uuid, text, text); Type: FUNCTION; Schema: public; Owner: postgres
--

CREATE FUNCTION public.dismiss_horse_identity_candidate(target_organization_id uuid, target_horse_id uuid, target_signature text, target_reason text DEFAULT NULL::text) RETURNS void
    LANGUAGE plpgsql SECURITY DEFINER
    SET search_path TO 'public'
    AS $$
begin
  if not public.can_search_global_identities(target_organization_id) then
    raise exception 'Only association staff can dismiss identity candidates.'
      using errcode = 'insufficient_privilege';
  end if;

  insert into public.horse_similarity_dismissals (
    organization_id, existing_horse_id, candidate_signature, reason, dismissed_by_user_id
  ) values (
    target_organization_id, target_horse_id, target_signature, nullif(btrim(target_reason), ''), public.current_profile_id()
  )
  on conflict (organization_id, existing_horse_id, candidate_signature, algorithm_version) do update
  set reason = excluded.reason,
      dismissed_by_user_id = excluded.dismissed_by_user_id,
      created_at = now();
end;
$$;


ALTER FUNCTION public.dismiss_horse_identity_candidate(target_organization_id uuid, target_horse_id uuid, target_signature text, target_reason text) OWNER TO postgres;

--
-- Name: enforce_entry_coggins_health(); Type: FUNCTION; Schema: public; Owner: postgres
--

CREATE FUNCTION public.enforce_entry_coggins_health() RETURNS trigger
    LANGUAGE plpgsql SECURITY DEFINER
    SET search_path TO 'public'
    AS $$
begin
  if new.status in ('cancelled', 'scratched', 'scratched_pending_refund') then
    return new;
  end if;

  perform public.assert_horse_health_valid_for_show(new.horse_id, new.show_id);
  return new;
end;
$$;


ALTER FUNCTION public.enforce_entry_coggins_health() OWNER TO postgres;

--
-- Name: enforce_entry_eligibility_requirements(); Type: FUNCTION; Schema: public; Owner: postgres
--

CREATE FUNCTION public.enforce_entry_eligibility_requirements() RETURNS trigger
    LANGUAGE plpgsql SECURITY DEFINER
    SET search_path TO 'public'
    AS $$
declare
  reference_date date;
  assessment jsonb;
begin
  if new.status not in ('pending_checkout', 'active', 'completed') then
    return new;
  end if;

  select coalesce(show_record.start_date, current_date)
  into reference_date
  from public.shows show_record
  where show_record.id = new.show_id;

  assessment := public.evaluate_entry_eligibility_requirements(new.id, reference_date);
  if not coalesce((assessment ->> 'can_proceed')::boolean, true) then
    raise exception 'Entry requirements are not satisfied: %', assessment
      using errcode = 'check_violation';
  end if;
  return new;
end;
$$;


ALTER FUNCTION public.enforce_entry_eligibility_requirements() OWNER TO postgres;

--
-- Name: enforce_entry_program_limits(); Type: FUNCTION; Schema: public; Owner: postgres
--

CREATE FUNCTION public.enforce_entry_program_limits() RETURNS trigger
    LANGUAGE plpgsql SECURITY DEFINER
    SET search_path TO 'public'
    AS $$
declare
  active_rider_contact_id uuid;
  rider_entry_count integer;
begin
  if new.status in ('cancelled', 'scratched', 'scratched_pending_refund') then
    return new;
  end if;

  if exists (
    select 1
    from public.entries entry
    where entry.id <> new.id
      and entry.horse_id = new.horse_id
      and entry.class_id = new.class_id
      and entry.status not in ('cancelled', 'scratched', 'scratched_pending_refund')
  ) then
    raise exception 'The same horse cannot be entered twice in the same class.';
  end if;

  active_rider_contact_id := coalesce(new.rider_contact_id, new.owner_contact_id);

  select count(*) into rider_entry_count
  from public.entries entry
  where entry.id <> new.id
    and entry.class_id = new.class_id
    and coalesce(entry.rider_contact_id, entry.owner_contact_id) = active_rider_contact_id
    and entry.status not in ('cancelled', 'scratched', 'scratched_pending_refund');

  if rider_entry_count >= 3 then
    raise exception 'A rider cannot be entered more than three times in the same class.';
  end if;

  return new;
end;
$$;


ALTER FUNCTION public.enforce_entry_program_limits() OWNER TO postgres;

--
-- Name: enforce_horse_document_immutability(); Type: FUNCTION; Schema: public; Owner: postgres
--

CREATE FUNCTION public.enforce_horse_document_immutability() RETURNS trigger
    LANGUAGE plpgsql
    SET search_path TO 'public'
    AS $$
begin
  if new.horse_id is distinct from old.horse_id
    or new.document_category is distinct from old.document_category
    or new.document_type is distinct from old.document_type
    or new.external_credential_issuer_id is distinct from old.external_credential_issuer_id
    or new.registration_number is distinct from old.registration_number
    or new.breed_name is distinct from old.breed_name
  then
    raise exception 'Horse document identity and classification are immutable'
      using errcode = 'check_violation';
  end if;

  if old.document_url is not null and new.document_url is distinct from old.document_url then
    raise exception 'Horse document file path is immutable'
      using errcode = 'check_violation';
  end if;

  if old.content_sha256 is not null and new.content_sha256 is distinct from old.content_sha256 then
    raise exception 'Horse document checksum is immutable'
      using errcode = 'check_violation';
  end if;

  if old.original_file_name is not null and new.original_file_name is distinct from old.original_file_name then
    raise exception 'Horse document file name is immutable'
      using errcode = 'check_violation';
  end if;

  if old.mime_type is not null and new.mime_type is distinct from old.mime_type then
    raise exception 'Horse document MIME type is immutable'
      using errcode = 'check_violation';
  end if;

  if old.file_size_bytes is not null and new.file_size_bytes is distinct from old.file_size_bytes then
    raise exception 'Horse document file size is immutable'
      using errcode = 'check_violation';
  end if;

  return new;
end;
$$;


ALTER FUNCTION public.enforce_horse_document_immutability() OWNER TO postgres;

--
-- Name: enforce_horse_document_validation_integrity(); Type: FUNCTION; Schema: public; Owner: postgres
--

CREATE FUNCTION public.enforce_horse_document_validation_integrity() RETURNS trigger
    LANGUAGE plpgsql
    SET search_path TO 'public'
    AS $$
declare
  document_horse_id uuid;
begin
  if tg_op = 'INSERT' then
    select document.horse_id
    into document_horse_id
    from public.horse_documents document
    where document.id = new.horse_document_id;

    if document_horse_id is null or document_horse_id <> new.horse_id then
      raise exception 'Horse document validation must use the document horse'
        using errcode = 'foreign_key_violation';
    end if;

    return new;
  end if;

  if new.id is distinct from old.id
    or new.horse_document_id is distinct from old.horse_document_id
    or new.horse_id is distinct from old.horse_id
    or new.version is distinct from old.version
    or new.source is distinct from old.source
    or new.comparison_profile is distinct from old.comparison_profile
    or new.extracted_horse_name is distinct from old.extracted_horse_name
    or new.extracted_date_of_birth is distinct from old.extracted_date_of_birth
    or new.extracted_birth_year is distinct from old.extracted_birth_year
    or new.extracted_age_years is distinct from old.extracted_age_years
    or new.extracted_age_reference_date is distinct from old.extracted_age_reference_date
    or new.extracted_gender is distinct from old.extracted_gender
    or new.extracted_breed is distinct from old.extracted_breed
    or new.extracted_color is distinct from old.extracted_color
    or new.extracted_identifier is distinct from old.extracted_identifier
    or new.extracted_owner_name is distinct from old.extracted_owner_name
    or new.horse_identity_snapshot is distinct from old.horse_identity_snapshot
    or new.comparison_result is distinct from old.comparison_result
    or new.evidence is distinct from old.evidence
    or new.source_payload is distinct from old.source_payload
    or new.warnings is distinct from old.warnings
    or new.verdict is distinct from old.verdict
    or new.score is distinct from old.score
    or new.confidence is distinct from old.confidence
    or new.created_by_user_id is distinct from old.created_by_user_id
    or new.created_at is distinct from old.created_at
  then
    raise exception 'Horse document validation evidence is immutable'
      using errcode = 'check_violation';
  end if;

  if old.status not in ('superseded', 'invalidated')
    and new.status = 'superseded'
    and new.superseded_at is not null
    and new.superseded_by_validation_id is null
    and new.invalidated_by_correction_id is null
    and new.invalidated_at is null
    and new.invalidated_fields is null
  then
    return new;
  end if;

  if old.status = 'superseded'
    and new.status = 'superseded'
    and old.superseded_by_validation_id is null
    and new.superseded_by_validation_id is not null
    and new.superseded_at is not distinct from old.superseded_at
    and new.invalidated_by_correction_id is not distinct from old.invalidated_by_correction_id
    and new.invalidated_at is not distinct from old.invalidated_at
    and new.invalidated_fields is not distinct from old.invalidated_fields
  then
    return new;
  end if;

  if old.status not in ('superseded', 'invalidated', 'rejected')
    and new.status = 'invalidated'
    and new.superseded_at is null
    and new.superseded_by_validation_id is null
    and new.invalidated_by_correction_id is not null
    and new.invalidated_at is not null
    and cardinality(new.invalidated_fields) > 0
  then
    return new;
  end if;

  raise exception 'Horse document validations can only be superseded or invalidated by controlled workflows'
    using errcode = 'check_violation';
end;
$$;


ALTER FUNCTION public.enforce_horse_document_validation_integrity() OWNER TO postgres;

--
-- Name: enforce_horse_health_compliance_for_show(); Type: FUNCTION; Schema: public; Owner: postgres
--

CREATE FUNCTION public.enforce_horse_health_compliance_for_show() RETURNS trigger
    LANGUAGE plpgsql SECURITY DEFINER
    SET search_path TO 'public'
    AS $$
begin
  if new.horse_id is null then
    return new;
  end if;

  if tg_table_name = 'entries'
    and new.status in ('cancelled', 'scratched', 'scratched_pending_refund')
  then
    return new;
  end if;

  if tg_table_name = 'stall_bookings'
    and new.status in ('cancelled', 'completed')
  then
    return new;
  end if;

  perform public.assert_horse_health_compliance_for_show(new.horse_id, new.show_id);
  return new;
end;
$$;


ALTER FUNCTION public.enforce_horse_health_compliance_for_show() OWNER TO postgres;

--
-- Name: enforce_payout_calculation_status_transition(); Type: FUNCTION; Schema: public; Owner: postgres
--

CREATE FUNCTION public.enforce_payout_calculation_status_transition() RETURNS trigger
    LANGUAGE plpgsql
    AS $$
begin
  if old.status is not distinct from new.status then
    return new;
  end if;

  if new.status = 'draft' then
    new.reviewed_at := null;
    new.published_at := null;
    return new;
  end if;

  if old.status = 'draft' and new.status = 'reviewed' then
    new.reviewed_at := coalesce(new.reviewed_at, now());
    new.published_at := null;
    return new;
  end if;

  if old.status = 'reviewed' and new.status = 'published' then
    new.reviewed_at := coalesce(new.reviewed_at, now());
    new.published_at := coalesce(new.published_at, now());
    return new;
  end if;

  raise exception 'Invalid payout calculation status transition from % to %', old.status, new.status
    using errcode = '23514';
end;
$$;


ALTER FUNCTION public.enforce_payout_calculation_status_transition() OWNER TO postgres;

--
-- Name: enforce_verified_horse_external_identifier_lock(); Type: FUNCTION; Schema: public; Owner: postgres
--

CREATE FUNCTION public.enforce_verified_horse_external_identifier_lock() RETURNS trigger
    LANGUAGE plpgsql SECURITY DEFINER
    SET search_path TO 'public'
    AS $_$
declare
  target_horse_id uuid := old.horse_id;
  normalized_old_identifier text;
  correction_setting text;
begin
  correction_setting := current_setting('hsp.identity_correction_id', true);
  if correction_setting is not null
    and correction_setting ~* '^[0-9a-f]{8}-[0-9a-f]{4}-[0-9a-f]{4}-[0-9a-f]{4}-[0-9a-f]{12}$'
  then
    if exists (
      select 1
      from public.horse_identity_corrections correction
      where correction.id = correction_setting::uuid
        and correction.horse_id = target_horse_id
        and correction.status = 'pending'
        and correction.created_by_user_id = public.current_profile_id()
    ) then
      if tg_op = 'DELETE' then return old; end if;
      return new;
    end if;
  end if;

  normalized_old_identifier := regexp_replace(upper(coalesce(old.identifier_value, '')), '[^A-Z0-9]+', '', 'g');

  if exists (
    select 1
    from public.horse_identity_locks_for(target_horse_id) identity_lock
    join public.horse_document_validations validation
      on validation.id = identity_lock.validation_id
    where identity_lock.lock_field = 'external_identifier'
      and identity_lock.external_credential_issuer_id = old.external_credential_issuer_id
      and regexp_replace(upper(coalesce(validation.horse_identity_snapshot->>'external_identifier', '')), '[^A-Z0-9]+', '', 'g') = normalized_old_identifier
  ) then
    if tg_op = 'DELETE' then
      raise exception 'HSP_HORSE_IDENTITY_LOCKED:external_identifier' using errcode = 'check_violation';
    end if;

    if new.horse_id is distinct from old.horse_id
      or new.external_credential_issuer_id is distinct from old.external_credential_issuer_id
      or new.identifier_type is distinct from old.identifier_type
      or regexp_replace(upper(coalesce(new.identifier_value, '')), '[^A-Z0-9]+', '', 'g') <> normalized_old_identifier
    then
      raise exception 'HSP_HORSE_IDENTITY_LOCKED:external_identifier' using errcode = 'check_violation';
    end if;
  end if;

  if tg_op = 'DELETE' then
    return old;
  end if;
  return new;
end;
$_$;


ALTER FUNCTION public.enforce_verified_horse_external_identifier_lock() OWNER TO postgres;

--
-- Name: enforce_verified_horse_identity_locks(); Type: FUNCTION; Schema: public; Owner: postgres
--

CREATE FUNCTION public.enforce_verified_horse_identity_locks() RETURNS trigger
    LANGUAGE plpgsql SECURITY DEFINER
    SET search_path TO 'public'
    AS $_$
declare
  blocking_lock record;
  correction_setting text;
begin
  correction_setting := current_setting('hsp.identity_correction_id', true);
  if correction_setting is not null
    and correction_setting ~* '^[0-9a-f]{8}-[0-9a-f]{4}-[0-9a-f]{4}-[0-9a-f]{4}-[0-9a-f]{12}$'
  then
    if exists (
      select 1
      from public.horse_identity_corrections correction
      where correction.id = correction_setting::uuid
        and correction.horse_id = old.id
        and correction.status = 'pending'
        and correction.created_by_user_id = public.current_profile_id()
    ) then
      return new;
    end if;
  end if;

  if new.name is distinct from old.name then
    select * into blocking_lock from public.horse_identity_locks_for(old.id) where lock_field = 'name' limit 1;
    if found then
      raise exception 'HSP_HORSE_IDENTITY_LOCKED:name' using errcode = 'check_violation';
    end if;
  end if;

  if new.date_of_birth is distinct from old.date_of_birth
    or new.birth_year is distinct from old.birth_year
  then
    select * into blocking_lock from public.horse_identity_locks_for(old.id) where lock_field in ('date_of_birth', 'birth_year') limit 1;
    if found then
      raise exception 'HSP_HORSE_IDENTITY_LOCKED:birth' using errcode = 'check_violation';
    end if;
  end if;

  if new.gender is distinct from old.gender then
    select * into blocking_lock from public.horse_identity_locks_for(old.id) where lock_field = 'gender' limit 1;
    if found then
      raise exception 'HSP_HORSE_IDENTITY_LOCKED:gender' using errcode = 'check_violation';
    end if;
  end if;

  if new.breed is distinct from old.breed then
    select * into blocking_lock from public.horse_identity_locks_for(old.id) where lock_field = 'breed' limit 1;
    if found then
      raise exception 'HSP_HORSE_IDENTITY_LOCKED:breed' using errcode = 'check_violation';
    end if;
  end if;

  if new.registration_number is distinct from old.registration_number then
    select * into blocking_lock from public.horse_identity_locks_for(old.id) where lock_field = 'registration_number' limit 1;
    if found then
      raise exception 'HSP_HORSE_IDENTITY_LOCKED:registration_number' using errcode = 'check_violation';
    end if;
  end if;

  if new.registration_status = 'grade'
    and new.registration_status is distinct from old.registration_status
  then
    select * into blocking_lock
    from public.horse_identity_locks_for(old.id)
    where lock_field in ('registration_status', 'registration_number', 'external_identifier')
    limit 1;
    if found then
      raise exception 'HSP_HORSE_IDENTITY_LOCKED:registration_status' using errcode = 'check_violation';
    end if;
  end if;

  return new;
end;
$_$;


ALTER FUNCTION public.enforce_verified_horse_identity_locks() OWNER TO postgres;

--
-- Name: ensure_default_organization_health_policy(); Type: FUNCTION; Schema: public; Owner: postgres
--

CREATE FUNCTION public.ensure_default_organization_health_policy() RETURNS trigger
    LANGUAGE plpgsql SECURITY DEFINER
    SET search_path TO 'public'
    AS $$
begin
  insert into public.organization_health_policies (
    organization_id,
    effective_from,
    coggins_required,
    coggins_validity_rule,
    coggins_validity_months,
    influenza_required,
    rhino_required,
    combo_vaccine_accepted,
    vaccine_validity_months,
    identity_validation_requirement,
    association_review_required,
    enforcement_mode,
    created_by_user_id,
    updated_by_user_id
  ) values (
    new.id,
    '1900-01-01',
    true,
    'rolling_months',
    12,
    true,
    true,
    true,
    6,
    'identified',
    false,
    'blocking',
    new.created_by_user_id,
    new.created_by_user_id
  )
  on conflict (organization_id, effective_from) do nothing;

  return new;
end;
$$;


ALTER FUNCTION public.ensure_default_organization_health_policy() OWNER TO postgres;

--
-- Name: ensure_org_slug(); Type: FUNCTION; Schema: public; Owner: postgres
--

CREATE FUNCTION public.ensure_org_slug() RETURNS trigger
    LANGUAGE plpgsql
    AS $$
begin
  if new.slug is null or new.slug = '' then
    new.slug := lower(regexp_replace(coalesce(new.name, ''), '[^a-zA-Z0-9]+', '-', 'g'))
                || '-' || substring(new.id::text, 1, 8);
  end if;
  return new;
end;
$$;


ALTER FUNCTION public.ensure_org_slug() OWNER TO postgres;

--
-- Name: ensure_show_days_from_show_dates(); Type: FUNCTION; Schema: public; Owner: postgres
--

CREATE FUNCTION public.ensure_show_days_from_show_dates() RETURNS trigger
    LANGUAGE plpgsql SECURITY DEFINER
    SET search_path TO 'public'
    AS $$
begin
  insert into public.show_days (
    organization_id,
    show_id,
    day_date,
    day_name,
    day_number,
    sort_order
  )
  select
    new.organization_id,
    new.id,
    generated_day.day_date::date,
    'Day ' || generated_day.ordinality,
    generated_day.ordinality,
    generated_day.ordinality
  from generate_series(new.start_date, new.end_date, interval '1 day') with ordinality as generated_day(day_date, ordinality)
  on conflict (show_id, day_date) do nothing;

  return new;
end;
$$;


ALTER FUNCTION public.ensure_show_days_from_show_dates() OWNER TO postgres;

--
-- Name: ensure_show_slug(); Type: FUNCTION; Schema: public; Owner: postgres
--

CREATE FUNCTION public.ensure_show_slug() RETURNS trigger
    LANGUAGE plpgsql
    AS $$
begin
  if new.slug is null or new.slug = '' then
    new.slug := lower(regexp_replace(coalesce(new.name, ''), '[^a-zA-Z0-9]+', '-', 'g'))
                || '-' || substring(new.id::text, 1, 8);
  end if;
  return new;
end;
$$;


ALTER FUNCTION public.ensure_show_slug() OWNER TO postgres;

--
-- Name: evaluate_entry_eligibility_requirements(uuid, date); Type: FUNCTION; Schema: public; Owner: postgres
--

CREATE FUNCTION public.evaluate_entry_eligibility_requirements(target_entry_id uuid, target_reference_date date DEFAULT CURRENT_DATE) RETURNS jsonb
    LANGUAGE sql STABLE
    SET search_path TO 'public'
    AS $$
  with entry_context as (
    select
      entry.id as entry_id,
      entry.organization_id,
      entry.horse_id,
      entry.owner_contact_id,
      entry.rider_contact_id,
      class_record.id as class_id,
      class_record.block_id,
      class_record.organization_discipline_id
    from public.entries entry
    join public.classes class_record on class_record.id = entry.class_id
    where entry.id = target_entry_id
  ), effective_requirements as (
    select requirement.*
    from public.eligibility_requirements requirement
    cross join entry_context context
    where requirement.organization_id = context.organization_id
      and requirement.is_active
      and requirement.is_required
      and (
        (requirement.scope_type = 'organization_discipline' and requirement.organization_discipline_id = context.organization_discipline_id)
        or (requirement.scope_type = 'block' and requirement.block_id = context.block_id)
        or (requirement.scope_type = 'class' and requirement.class_id = context.class_id)
      )
  ), evaluated as (
    select
      requirement.*,
      case requirement.requirement_type
        when 'host_membership' then exists (
          select 1
          from public.contact_organization_memberships membership
          cross join entry_context context
          where membership.organization_id = context.organization_id
            and membership.contact_id = case requirement.subject_type when 'owner' then context.owner_contact_id else context.rider_contact_id end
            and membership.status = 'active'
            and (requirement.validity_rule = 'present' or target_reference_date between membership.valid_from and membership.valid_until)
        )
        when 'external_contact_credential' then exists (
          select 1
          from public.contact_external_identifiers identifier
          cross join entry_context context
          where identifier.contact_id = case requirement.subject_type when 'owner' then context.owner_contact_id else context.rider_contact_id end
            and (requirement.external_credential_issuer_id is null or identifier.external_credential_issuer_id = requirement.external_credential_issuer_id)
            and (requirement.credential_product_id is null or identifier.credential_product_id = requirement.credential_product_id)
            and (requirement.credential_type is null or identifier.identifier_type = requirement.credential_type)
            and (requirement.validity_rule = 'present' or (
              identifier.status = 'active'
              and (identifier.valid_from is null or identifier.valid_from <= target_reference_date)
              and (identifier.expires_on is null or identifier.expires_on >= target_reference_date)
            ))
        )
        when 'horse_registration' then exists (
          select 1
          from public.horse_external_identifiers identifier
          cross join entry_context context
          where identifier.horse_id = context.horse_id
            and identifier.identifier_type = 'registration'
            and (requirement.external_credential_issuer_id is null or identifier.external_credential_issuer_id = requirement.external_credential_issuer_id)
            and (requirement.credential_product_id is null or identifier.credential_product_id = requirement.credential_product_id)
            and (requirement.validity_rule = 'present' or (
              identifier.status = 'active'
              and (identifier.valid_from is null or identifier.valid_from <= target_reference_date)
              and (identifier.expires_on is null or identifier.expires_on >= target_reference_date)
            ))
        )
        when 'rider_insurance' then (
          exists (
            select 1
            from public.contact_external_identifiers identifier
            join public.external_credential_products product on product.id = identifier.credential_product_id
            cross join entry_context context
            where identifier.contact_id = context.rider_contact_id
              and product.includes_liability_insurance
              and product.is_active
              and (requirement.external_credential_issuer_id is null or identifier.external_credential_issuer_id = requirement.external_credential_issuer_id)
              and (requirement.credential_product_id is null or identifier.credential_product_id = requirement.credential_product_id)
              and (requirement.validity_rule = 'present' or (
                identifier.status = 'active'
                and (identifier.valid_from is null or identifier.valid_from <= target_reference_date)
                and (identifier.expires_on is null or identifier.expires_on >= target_reference_date)
              ))
          )
          or (
            requirement.external_credential_issuer_id is null
            and requirement.credential_product_id is null
            and exists (
              select 1
              from public.contact_insurance_evidence evidence
              cross join entry_context context
              where evidence.contact_id = context.rider_contact_id
                and evidence.status = 'approved'
                and (evidence.valid_from is null or evidence.valid_from <= target_reference_date)
                and evidence.expires_on >= target_reference_date
                and (
                  nullif(requirement.settings ->> 'minimum_coverage_amount', '') is null
                  or coalesce(evidence.coverage_amount, 0) >= (requirement.settings ->> 'minimum_coverage_amount')::numeric
                )
            )
          )
        )
        when 'program_nomination' then exists (
          select 1
          from public.incentive_program_nominations nomination
          join public.incentive_programs program on program.id = nomination.incentive_program_id
          cross join entry_context context
          left join public.incentive_program_nominations stallion_nomination
            on stallion_nomination.id = nomination.qualifying_stallion_nomination_id
          where nomination.incentive_program_id = requirement.incentive_program_id
            and nomination.organization_id = context.organization_id
            and nomination.horse_id = context.horse_id
            and nomination.nomination_role in ('horse', 'foal')
            and nomination.status = 'active'
            and program.is_active
            and (nomination.valid_from is null or nomination.valid_from <= target_reference_date)
            and (nomination.valid_until is null or nomination.valid_until >= target_reference_date)
            and (program.valid_from is null or program.valid_from <= target_reference_date)
            and (program.valid_until is null or program.valid_until >= target_reference_date)
            and (
              program.program_type in ('horse_foal_nomination', 'performance_incentive')
              or (
                program.program_type in ('stallion_nomination', 'stallion_subscription_foal_nomination', 'stallion_incentive')
                and stallion_nomination.incentive_program_id = program.id
                and stallion_nomination.nomination_role = 'stallion'
                and stallion_nomination.status = 'active'
                and (stallion_nomination.valid_from is null or stallion_nomination.valid_from <= target_reference_date)
                and (stallion_nomination.valid_until is null or stallion_nomination.valid_until >= target_reference_date)
              )
            )
        )
        else false
      end as passed
    from effective_requirements requirement
  ), grouped as (
    select
      coalesce(requirement_group_code, id::text) as evaluation_group,
      case when match_rule = 'all' then bool_and(passed) else bool_or(passed) end as passed,
      bool_or(enforcement_mode = 'blocking') as blocking,
      jsonb_agg(jsonb_build_object(
        'id', id,
        'scope_type', scope_type,
        'requirement_type', requirement_type,
        'subject_type', subject_type,
        'label', label,
        'passed', passed,
        'enforcement_mode', enforcement_mode
      ) order by created_at) as checks
    from evaluated
    group by coalesce(requirement_group_code, id::text), match_rule
  )
  select jsonb_build_object(
    'entry_id', target_entry_id,
    'reference_date', target_reference_date,
    'can_proceed', coalesce(bool_and(passed or not blocking), true),
    'status', case
      when count(*) = 0 then 'not_required'
      when bool_and(passed) then 'compliant'
      when bool_and(passed or not blocking) then 'warning'
      else 'non_compliant'
    end,
    'groups', coalesce(jsonb_agg(jsonb_build_object(
      'code', evaluation_group,
      'passed', passed,
      'blocking', blocking,
      'checks', checks
    )), '[]'::jsonb)
  )
  from grouped;
$$;


ALTER FUNCTION public.evaluate_entry_eligibility_requirements(target_entry_id uuid, target_reference_date date) OWNER TO postgres;

--
-- Name: evaluate_horse_health_compliance(uuid, uuid, date); Type: FUNCTION; Schema: public; Owner: postgres
--

CREATE FUNCTION public.evaluate_horse_health_compliance(p_horse_id uuid, p_organization_id uuid, p_reference_date date DEFAULT CURRENT_DATE) RETURNS TABLE(horse_id uuid, organization_id uuid, reference_date date, policy_id uuid, policy_effective_from date, compliance_status text, can_proceed boolean, enforcement_mode text, requirements jsonb, reasons jsonb)
    LANGUAGE plpgsql STABLE SECURITY DEFINER
    SET search_path TO 'public'
    AS $$
declare
  target_date date := coalesce(p_reference_date, current_date);
  active_policy public.organization_health_policies%rowtype;
begin
  select * into active_policy
  from public.organization_health_policy_at(p_organization_id, target_date);

  if active_policy.id is null then
    raise exception 'HSP_HEALTH_POLICY_NOT_FOUND' using errcode = 'no_data_found';
  end if;

  return query
  with document_assessments as (
    select
      document.id as document_id,
      document.document_type,
      document.status as document_status,
      document.test_or_administered_on,
      case
        when document.document_type = 'coggins_eia'
          and active_policy.coggins_validity_rule = 'calendar_year'
          then make_date(extract(year from document.test_or_administered_on)::integer, 12, 31)
        when document.document_type = 'coggins_eia'
          then (document.test_or_administered_on + make_interval(months => active_policy.coggins_validity_months))::date
        else (document.test_or_administered_on + make_interval(months => active_policy.vaccine_validity_months))::date
      end as expires_on,
      validation.id as validation_id,
      validation.status as validation_status,
      validation.verdict as validation_verdict,
      review.id as review_id,
      review.status as review_status
    from public.horse_documents document
    left join lateral (
      select candidate.id, candidate.status, candidate.verdict
      from public.horse_document_validations candidate
      where candidate.horse_document_id = document.id
        and candidate.status not in ('superseded', 'invalidated')
      order by candidate.version desc
      limit 1
    ) validation on true
    left join lateral (
      select candidate.id, candidate.status
      from public.organization_health_document_reviews candidate
      where candidate.organization_id = p_organization_id
        and candidate.horse_document_id = document.id
      order by candidate.version desc
      limit 1
    ) review on true
    where document.horse_id = p_horse_id
      and document.document_category = 'health'
      and document.document_type in (
        'coggins_eia', 'influenza_vaccine', 'rhino_vaccine', 'combo_vaccine'
      )
  ),
  expanded_assessments as (
    select
      mapped.requirement_code,
      assessment.*,
      case
        when assessment.document_status = 'rejected' then 'rejected'
        when assessment.test_or_administered_on is null then 'missing_date'
        when assessment.test_or_administered_on > target_date then 'future_date'
        when assessment.document_status = 'expired' or assessment.expires_on < target_date then 'expired'
        when active_policy.identity_validation_requirement = 'verified'
          and coalesce(assessment.validation_status, '') <> 'verified'
          then case
            when assessment.validation_status in ('mismatch', 'rejected') then 'identity_mismatch'
            else 'identity_pending'
          end
        when active_policy.identity_validation_requirement = 'identified'
          and coalesce(assessment.validation_status, '') not in ('identified', 'verified')
          then case
            when assessment.validation_status in ('mismatch', 'rejected') then 'identity_mismatch'
            else 'identity_pending'
          end
        when active_policy.association_review_required
          and coalesce(assessment.review_status, '') <> 'approved'
          then case
            when assessment.review_status = 'rejected' then 'review_rejected'
            else 'review_pending'
          end
        else 'valid'
      end as assessment_status
    from document_assessments assessment
    cross join lateral (
      select requirement_code
      from (
        values
          ('coggins', assessment.document_type = 'coggins_eia'),
          (
            'influenza',
            assessment.document_type = 'influenza_vaccine'
            or (active_policy.combo_vaccine_accepted and assessment.document_type = 'combo_vaccine')
          ),
          (
            'rhino',
            assessment.document_type = 'rhino_vaccine'
            or (active_policy.combo_vaccine_accepted and assessment.document_type = 'combo_vaccine')
          )
      ) mapping(requirement_code, matches_requirement)
      where matches_requirement
    ) mapped
  ),
  policy_requirements as (
    select *
    from (
      values
        ('coggins'::text, active_policy.coggins_required),
        ('influenza'::text, active_policy.influenza_required),
        ('rhino'::text, active_policy.rhino_required)
    ) requirement(requirement_code, is_required)
  ),
  evaluated_requirements as (
    select
      requirement.requirement_code,
      requirement.is_required,
      case
        when not requirement.is_required then 'not_required'
        else coalesce(best.assessment_status, 'missing')
      end as requirement_status,
      best.document_id,
      best.document_type,
      best.document_status,
      best.test_or_administered_on,
      best.expires_on,
      best.validation_id,
      best.validation_status,
      best.validation_verdict,
      best.review_id,
      best.review_status
    from policy_requirements requirement
    left join lateral (
      select assessment.*
      from expanded_assessments assessment
      where assessment.requirement_code = requirement.requirement_code
      order by
        case assessment.assessment_status
          when 'valid' then 0
          when 'review_pending' then 1
          when 'identity_pending' then 2
          when 'expired' then 3
          when 'identity_mismatch' then 4
          when 'review_rejected' then 5
          when 'rejected' then 6
          when 'missing_date' then 7
          when 'future_date' then 8
          else 8
        end,
        assessment.expires_on desc nulls last,
        assessment.test_or_administered_on desc nulls last
      limit 1
    ) best on requirement.is_required
  ),
  summary as (
    select
      case
        when bool_and(not is_required) then 'not_required'
        when bool_and(requirement_status in ('valid', 'not_required')) then 'compliant'
        when bool_or(requirement_status in (
          'missing', 'missing_date', 'future_date', 'expired', 'rejected',
          'identity_mismatch', 'review_rejected'
        )) then 'non_compliant'
        else 'pending_review'
      end as calculated_status,
      jsonb_object_agg(
        requirement_code,
        jsonb_build_object(
          'required', is_required,
          'status', requirement_status,
          'document_id', document_id,
          'document_type', document_type,
          'document_status', document_status,
          'test_or_administered_on', test_or_administered_on,
          'expires_on', expires_on,
          'identity_validation_id', validation_id,
          'identity_validation_status', validation_status,
          'identity_validation_verdict', validation_verdict,
          'association_review_id', review_id,
          'association_review_status', review_status
        ) order by requirement_code
      ) as requirement_details,
      coalesce(
        jsonb_agg(
          jsonb_build_object(
            'code', format('health.%s.%s', requirement_code, requirement_status),
            'requirement', requirement_code,
            'status', requirement_status,
            'document_id', document_id,
            'expires_on', expires_on
          ) order by requirement_code
        ) filter (where is_required and requirement_status <> 'valid'),
        '[]'::jsonb
      ) as reason_details
    from evaluated_requirements
  )
  select
    p_horse_id,
    p_organization_id,
    target_date,
    active_policy.id,
    active_policy.effective_from,
    summary.calculated_status,
    summary.calculated_status in ('compliant', 'not_required')
      or active_policy.enforcement_mode = 'warning',
    active_policy.enforcement_mode,
    summary.requirement_details,
    summary.reason_details
  from summary;
end;
$$;


ALTER FUNCTION public.evaluate_horse_health_compliance(p_horse_id uuid, p_organization_id uuid, p_reference_date date) OWNER TO postgres;

--
-- Name: FUNCTION evaluate_horse_health_compliance(p_horse_id uuid, p_organization_id uuid, p_reference_date date); Type: COMMENT; Schema: public; Owner: postgres
--

COMMENT ON FUNCTION public.evaluate_horse_health_compliance(p_horse_id uuid, p_organization_id uuid, p_reference_date date) IS 'Internal pure health compliance evaluator. It is not granted to client roles; public access goes through get_horse_health_compliance.';


--
-- Name: find_user_profile_for_association(text, text); Type: FUNCTION; Schema: public; Owner: postgres
--

CREATE FUNCTION public.find_user_profile_for_association(target_association_id text, target_email text) RETURNS json
    LANGUAGE plpgsql SECURITY DEFINER
    AS $$
declare
  v_result json;
begin
  select row_to_json(r) into v_result
  from (
    select up.user_id as id, up.display_name, up.first_name, up.last_name
    from public.user_profiles up
    join public.organization_members om on om.user_id = up.id
    where om.organization_id = target_association_id::uuid
      and lower(up.first_name || ' ' || up.last_name) like '%' || lower(target_email) || '%'
    limit 1
  ) r;
  return v_result;
end;
$$;


ALTER FUNCTION public.find_user_profile_for_association(target_association_id text, target_email text) OWNER TO postgres;

--
-- Name: get_horse_health_compliance(uuid, uuid, date); Type: FUNCTION; Schema: public; Owner: postgres
--

CREATE FUNCTION public.get_horse_health_compliance(p_horse_id uuid, p_organization_id uuid, p_reference_date date DEFAULT CURRENT_DATE) RETURNS TABLE(horse_id uuid, organization_id uuid, reference_date date, policy_id uuid, policy_effective_from date, compliance_status text, can_proceed boolean, enforcement_mode text, requirements jsonb, reasons jsonb)
    LANGUAGE plpgsql STABLE SECURITY DEFINER
    SET search_path TO 'public'
    AS $$
declare
  horse_is_in_organization boolean;
begin
  select exists (
    select 1
    from public.directory_horses directory_horse
    join public.organization_disciplines organization_discipline
      on organization_discipline.id = directory_horse.organization_discipline_id
    where directory_horse.horse_id = p_horse_id
      and organization_discipline.organization_id = p_organization_id
  ) into horse_is_in_organization;

  if not public.is_platform_admin() and not horse_is_in_organization then
    raise exception 'HSP_HEALTH_COMPLIANCE_FORBIDDEN'
      using errcode = 'insufficient_privilege';
  end if;

  if not (
    public.is_platform_admin()
    or public.can_manage_horse_identity(p_horse_id)
    or public.is_org_member(p_organization_id)
  ) then
    raise exception 'HSP_HEALTH_COMPLIANCE_FORBIDDEN'
      using errcode = 'insufficient_privilege';
  end if;

  return query
  select *
  from public.evaluate_horse_health_compliance(
    p_horse_id,
    p_organization_id,
    p_reference_date
  );
end;
$$;


ALTER FUNCTION public.get_horse_health_compliance(p_horse_id uuid, p_organization_id uuid, p_reference_date date) OWNER TO postgres;

--
-- Name: FUNCTION get_horse_health_compliance(p_horse_id uuid, p_organization_id uuid, p_reference_date date); Type: COMMENT; Schema: public; Owner: postgres
--

COMMENT ON FUNCTION public.get_horse_health_compliance(p_horse_id uuid, p_organization_id uuid, p_reference_date date) IS 'Authorized public wrapper around the internal explainable health compliance evaluator.';


--
-- Name: get_horse_identity_locks(uuid); Type: FUNCTION; Schema: public; Owner: postgres
--

CREATE FUNCTION public.get_horse_identity_locks(p_horse_id uuid) RETURNS TABLE(lock_field text, validation_id uuid, horse_document_id uuid, document_type text, external_credential_issuer_id uuid, validation_version integer)
    LANGUAGE plpgsql SECURITY DEFINER
    SET search_path TO 'public'
    AS $$
begin
  if not public.can_access_horse(p_horse_id) then
    raise exception 'Not authorized to read this horse identity lock'
      using errcode = 'insufficient_privilege';
  end if;

  return query
  select * from public.horse_identity_locks_for(p_horse_id);
end;
$$;


ALTER FUNCTION public.get_horse_identity_locks(p_horse_id uuid) OWNER TO postgres;

--
-- Name: FUNCTION get_horse_identity_locks(p_horse_id uuid); Type: COMMENT; Schema: public; Owner: postgres
--

COMMENT ON FUNCTION public.get_horse_identity_locks(p_horse_id uuid) IS 'Lists the horse fields currently protected by active verified document evidence.';


--
-- Name: global_pattern_timing_stats(integer); Type: FUNCTION; Schema: public; Owner: postgres
--

CREATE FUNCTION public.global_pattern_timing_stats(min_duration_seconds integer DEFAULT 60) RETURNS TABLE(pattern text, class_count bigint, run_count bigint, timed_run_count bigint, average_run_seconds numeric, median_run_seconds numeric)
    LANGUAGE sql STABLE SECURITY DEFINER
    SET search_path TO 'public'
    AS $_$
  with run_durations as (
    select
      coalesce(
        nullif(btrim(setup.pattern), ''),
        nullif(btrim(blocks.pattern), ''),
        'Sans pattern'
      ) as pattern,
      blocks.id as class_id,
      case
        when run.value ? 'durationSeconds'
          and nullif(run.value->>'durationSeconds', '') ~ '^[0-9]+(\.[0-9]+)?$'
          then (run.value->>'durationSeconds')::numeric
        when run.value ? 'startedAt'
          and run.value ? 'completedAt'
          and nullif(run.value->>'startedAt', '') is not null
          and nullif(run.value->>'completedAt', '') is not null
          then extract(
            epoch from (
              (run.value->>'completedAt')::timestamptz
              - (run.value->>'startedAt')::timestamptz
            )
          )
        else null
      end as duration_seconds
    from public.blocks
    left join public.show_score_block_setups setup on setup.block_id = blocks.id
    join public.show_score_scoring_sessions scoring on scoring.block_id = blocks.id
    cross join lateral jsonb_array_elements(
      coalesce(scoring.runs, '[]'::jsonb)
    ) as run(value)
  )
  select
    run_durations.pattern,
    count(distinct run_durations.class_id) as class_count,
    count(*) as run_count,
    count(*) filter (
      where run_durations.duration_seconds >= greatest(min_duration_seconds, 0)
        and run_durations.duration_seconds <= 540
    ) as timed_run_count,
    avg(run_durations.duration_seconds) filter (
      where run_durations.duration_seconds >= greatest(min_duration_seconds, 0)
        and run_durations.duration_seconds <= 540
    ) as average_run_seconds,
    percentile_cont(0.5) within group (
      order by run_durations.duration_seconds
    ) filter (
      where run_durations.duration_seconds >= greatest(min_duration_seconds, 0)
        and run_durations.duration_seconds <= 540
    ) as median_run_seconds
  from run_durations
  group by run_durations.pattern
  having count(*) filter (
    where run_durations.duration_seconds >= greatest(min_duration_seconds, 0)
      and run_durations.duration_seconds <= 540
  ) > 0
  order by run_durations.pattern;
$_$;


ALTER FUNCTION public.global_pattern_timing_stats(min_duration_seconds integer) OWNER TO postgres;

--
-- Name: handle_new_user(); Type: FUNCTION; Schema: public; Owner: postgres
--

CREATE FUNCTION public.handle_new_user() RETURNS trigger
    LANGUAGE plpgsql SECURITY DEFINER
    SET search_path TO 'public'
    AS $$
begin
  insert into public.user_profiles (user_id, first_name, last_name, display_name)
  values (
    new.id,
    coalesce(new.raw_user_meta_data->>'first_name', ''),
    coalesce(new.raw_user_meta_data->>'last_name', ''),
    coalesce(new.raw_user_meta_data->>'display_name', new.raw_user_meta_data->>'full_name', '')
  )
  on conflict (user_id) do nothing;
  return new;
end;
$$;


ALTER FUNCTION public.handle_new_user() OWNER TO postgres;

--
-- Name: has_linked_contact_in_org(uuid); Type: FUNCTION; Schema: public; Owner: postgres
--

CREATE FUNCTION public.has_linked_contact_in_org(target_organization_id uuid) RETURNS boolean
    LANGUAGE sql STABLE SECURITY DEFINER
    SET search_path TO 'public'
    AS $$
  select exists (
    select 1
    from public.contacts c
    where c.linked_user_id = public.current_profile_id()
      and public.contact_is_linked_to_org(c.id, target_organization_id)
  )
$$;


ALTER FUNCTION public.has_linked_contact_in_org(target_organization_id uuid) OWNER TO postgres;

--
-- Name: has_show_role(uuid, text[]); Type: FUNCTION; Schema: public; Owner: postgres
--

CREATE FUNCTION public.has_show_role(target_show_id uuid, accepted_roles text[] DEFAULT NULL::text[]) RETURNS boolean
    LANGUAGE sql STABLE SECURITY DEFINER
    SET search_path TO 'public'
    AS $$
  select exists (
    select 1
    from public.show_roles
    where show_id = target_show_id
      and user_id = public.current_profile_id()
      and (accepted_roles is null or role = any(accepted_roles))
  )
$$;


ALTER FUNCTION public.has_show_role(target_show_id uuid, accepted_roles text[]) OWNER TO postgres;

--
-- Name: horse_identity_locks_for(uuid); Type: FUNCTION; Schema: public; Owner: postgres
--

CREATE FUNCTION public.horse_identity_locks_for(target_horse_id uuid) RETURNS TABLE(lock_field text, validation_id uuid, horse_document_id uuid, document_type text, external_credential_issuer_id uuid, validation_version integer)
    LANGUAGE sql SECURITY DEFINER
    SET search_path TO 'public'
    AS $$
  with aligned_evidence as (
    select
      validation.id as validation_id,
      validation.horse_document_id,
      validation.version,
      validation.horse_identity_snapshot,
      document.document_type,
      document.external_credential_issuer_id,
      evidence.item
    from public.horse_document_validations validation
    join public.horse_documents document
      on document.id = validation.horse_document_id
    cross join lateral jsonb_array_elements(validation.evidence) evidence(item)
    where validation.horse_id = target_horse_id
      and validation.status = 'verified'
      and evidence.item->>'outcome' in ('exact', 'similar')
  )
  select distinct
    case
      when item->>'field' = 'name' then 'name'
      when item->>'field' = 'date_of_birth' then 'date_of_birth'
      when item->>'field' = 'birth_year' then 'birth_year'
      when item->>'field' = 'gender' then 'gender'
      when item->>'field' = 'breed' then 'breed'
      when item->>'field' = 'identifier'
        and nullif(horse_identity_snapshot->>'external_identifier', '') is not null
        then 'external_identifier'
      when item->>'field' = 'identifier'
        and nullif(horse_identity_snapshot->>'external_identifier', '') is null
        and nullif(horse_identity_snapshot->>'registration_number', '') is not null
        then 'registration_number'
      else null
    end as lock_field,
    validation_id,
    horse_document_id,
    document_type,
    external_credential_issuer_id,
    version
  from aligned_evidence
  where item->>'field' in ('name', 'date_of_birth', 'birth_year', 'gender', 'breed', 'identifier')

  union

  select distinct
    'registration_status',
    validation.id,
    validation.horse_document_id,
    document.document_type,
    document.external_credential_issuer_id,
    validation.version
  from public.horse_document_validations validation
  join public.horse_documents document
    on document.id = validation.horse_document_id
  cross join lateral jsonb_array_elements(validation.evidence) evidence(item)
  where validation.horse_id = target_horse_id
    and validation.status = 'verified'
    and evidence.item->>'field' = 'identifier'
    and evidence.item->>'outcome' in ('exact', 'similar')
$$;


ALTER FUNCTION public.horse_identity_locks_for(target_horse_id uuid) OWNER TO postgres;

--
-- Name: horse_identity_snapshot_for(uuid); Type: FUNCTION; Schema: public; Owner: postgres
--

CREATE FUNCTION public.horse_identity_snapshot_for(target_horse_id uuid) RETURNS jsonb
    LANGUAGE sql SECURITY DEFINER
    SET search_path TO 'public'
    AS $$
  select jsonb_build_object(
    'name', horse.name,
    'date_of_birth', horse.date_of_birth,
    'birth_year', horse.birth_year,
    'gender', horse.gender,
    'breed', horse.breed,
    'registration_number', horse.registration_number,
    'registration_status', horse.registration_status,
    'external_identifiers', coalesce((
      select jsonb_agg(
        jsonb_build_object(
          'external_credential_issuer_id', identifier.external_credential_issuer_id,
          'identifier_type', identifier.identifier_type,
          'identifier_value', identifier.identifier_value
        ) order by identifier.external_credential_issuer_id, identifier.identifier_type
      )
      from public.horse_external_identifiers identifier
      where identifier.horse_id = horse.id
    ), '[]'::jsonb)
  )
  from public.horses horse
  where horse.id = target_horse_id
$$;


ALTER FUNCTION public.horse_identity_snapshot_for(target_horse_id uuid) OWNER TO postgres;

--
-- Name: horse_is_linked_to_org(uuid, uuid); Type: FUNCTION; Schema: public; Owner: postgres
--

CREATE FUNCTION public.horse_is_linked_to_org(target_horse_id uuid, target_organization_id uuid) RETURNS boolean
    LANGUAGE sql STABLE SECURITY DEFINER
    SET search_path TO 'public'
    AS $$
  select exists (
    select 1
    from public.directory_horses dh
    join public.organization_disciplines od on od.id = dh.organization_discipline_id
    where dh.horse_id = target_horse_id
      and od.organization_id = target_organization_id
      and od.is_active
  )
$$;


ALTER FUNCTION public.horse_is_linked_to_org(target_horse_id uuid, target_organization_id uuid) OWNER TO postgres;

--
-- Name: identity_search_key(text); Type: FUNCTION; Schema: public; Owner: postgres
--

CREATE FUNCTION public.identity_search_key(target_value text) RETURNS text
    LANGUAGE sql IMMUTABLE
    SET search_path TO 'public', 'extensions'
    AS $$
  select regexp_replace(
    lower(extensions.unaccent(coalesce(target_value, ''))),
    '[^a-z0-9]+',
    '',
    'g'
  );
$$;


ALTER FUNCTION public.identity_search_key(target_value text) OWNER TO postgres;

--
-- Name: import_incentive_program_nominations(uuid, jsonb); Type: FUNCTION; Schema: public; Owner: postgres
--

CREATE FUNCTION public.import_incentive_program_nominations(p_organization_id uuid, p_rows jsonb) RETURNS jsonb
    LANGUAGE plpgsql SECURITY DEFINER
    SET search_path TO 'public'
    AS $$
declare
  row_data jsonb;
  row_number integer := 0;
  imported_count integer := 0;
  errors jsonb := '[]'::jsonb;
  target_program public.incentive_programs%rowtype;
  target_horse_id uuid;
  target_qualifying_id uuid;
  target_role text;
  target_status text;
  target_season integer;
  target_birth_date date;
  stored_birth_date date;
  nrha_issuer_id uuid;
  has_age_tiers boolean;
begin
  if not (
    public.is_platform_admin()
    or public.is_org_member(p_organization_id, array['admin', 'secretary'])
  ) then
    raise exception 'Only association staff can import nominations'
      using errcode = 'insufficient_privilege';
  end if;

  if jsonb_typeof(p_rows) <> 'array' then
    raise exception 'CSV rows must be supplied as a JSON array'
      using errcode = 'invalid_parameter_value';
  end if;

  select id into nrha_issuer_id
  from public.external_credential_issuers
  where upper(code) = 'NRHA'
  limit 1;

  for row_data in select value from jsonb_array_elements(p_rows)
  loop
    row_number := row_number + 1;
    begin
      select * into target_program
      from public.incentive_programs
      where organization_id = p_organization_id
        and upper(btrim(code)) = upper(btrim(row_data ->> 'program_code'));

      if target_program.id is null then
        raise exception 'Unknown program code: %', coalesce(row_data ->> 'program_code', '');
      end if;

      target_horse_id := null;
      if nullif(btrim(row_data ->> 'nrha_number'), '') is not null then
        select identifier.horse_id into target_horse_id
        from public.horse_external_identifiers identifier
        where identifier.external_credential_issuer_id = nrha_issuer_id
          and identifier.normalized_identifier_value = upper(btrim(row_data ->> 'nrha_number'))
          and identifier.status = 'active'
          and exists (
            select 1
            from public.directory_horses directory_horse
            join public.organization_disciplines directory
              on directory.id = directory_horse.organization_discipline_id
            where directory_horse.horse_id = identifier.horse_id
              and directory.organization_id = p_organization_id
              and directory.is_active
          )
        limit 1;

        if target_horse_id is null then
          raise exception 'Active NRHA horse profile was not found in the association directory';
        end if;
      elsif nullif(btrim(row_data ->> 'registration_number'), '') is not null then
        select horse.id into target_horse_id
        from public.horses horse
        where upper(btrim(horse.registration_number)) = upper(btrim(row_data ->> 'registration_number'))
          and exists (
            select 1
            from public.directory_horses directory_horse
            join public.organization_disciplines directory
              on directory.id = directory_horse.organization_discipline_id
            where directory_horse.horse_id = horse.id
              and directory.organization_id = p_organization_id
              and directory.is_active
          )
        limit 1;
      end if;

      if target_horse_id is null and nullif(btrim(row_data ->> 'horse_name'), '') is not null then
        select (array_agg(horse.id))[1] into target_horse_id
        from public.horses horse
        where lower(btrim(horse.name)) = lower(btrim(row_data ->> 'horse_name'))
          and exists (
            select 1
            from public.directory_horses directory_horse
            join public.organization_disciplines directory
              on directory.id = directory_horse.organization_discipline_id
            where directory_horse.horse_id = horse.id
              and directory.organization_id = p_organization_id
              and directory.is_active
          )
        having count(*) = 1;
      end if;

      if target_horse_id is null then
        raise exception 'Horse not found or name is ambiguous';
      end if;

      target_birth_date := nullif(row_data ->> 'date_of_birth', '')::date;
      select date_of_birth into stored_birth_date
      from public.horses
      where id = target_horse_id;

      if target_birth_date is not null and stored_birth_date is null then
        update public.horses
        set date_of_birth = target_birth_date,
            birth_year = extract(year from target_birth_date)::smallint
        where id = target_horse_id;
        stored_birth_date := target_birth_date;
      elsif target_birth_date is not null and stored_birth_date is distinct from target_birth_date then
        raise exception 'CSV date of birth does not match the horse profile';
      end if;

      has_age_tiers := jsonb_typeof(target_program.settings -> 'age_price_tiers') = 'array'
        and jsonb_array_length(target_program.settings -> 'age_price_tiers') > 0;
      if has_age_tiers and stored_birth_date is null then
        raise exception 'Horse date of birth is required for this age-priced program';
      end if;

      target_role := coalesce(nullif(lower(btrim(row_data ->> 'nomination_role')), ''), 'horse');
      target_status := coalesce(nullif(lower(btrim(row_data ->> 'status')), ''), 'active');
      target_season := coalesce(nullif(row_data ->> 'season_year', '')::integer, extract(year from current_date)::integer);
      target_qualifying_id := null;

      if stored_birth_date is not null and target_season < extract(year from stored_birth_date)::integer then
        raise exception 'Nomination season cannot be earlier than the horse birth year';
      end if;

      if nullif(btrim(row_data ->> 'qualifying_stallion_reference'), '') is not null then
        select nomination.id into target_qualifying_id
        from public.incentive_program_nominations nomination
        where nomination.incentive_program_id = target_program.id
          and nomination.nomination_role = 'stallion'
          and upper(btrim(nomination.reference_number)) = upper(btrim(row_data ->> 'qualifying_stallion_reference'))
        limit 1;

        if target_qualifying_id is null then
          raise exception 'Qualifying stallion nomination was not found';
        end if;
      end if;

      insert into public.incentive_program_nominations (
        organization_id,
        incentive_program_id,
        horse_id,
        nomination_role,
        season_year,
        status,
        source,
        nominated_on,
        valid_from,
        valid_until,
        qualifying_stallion_nomination_id,
        reference_number,
        notes,
        metadata,
        created_by_user_id
      ) values (
        p_organization_id,
        target_program.id,
        target_horse_id,
        target_role,
        target_season,
        target_status,
        'import',
        coalesce(nullif(row_data ->> 'nominated_on', '')::date, current_date),
        coalesce(nullif(row_data ->> 'valid_from', '')::date, target_program.valid_from, make_date(target_season, 1, 1)),
        coalesce(nullif(row_data ->> 'valid_until', '')::date, target_program.valid_until, make_date(target_season, 12, 31)),
        target_qualifying_id,
        nullif(btrim(row_data ->> 'reference_number'), ''),
        nullif(btrim(row_data ->> 'notes'), ''),
        jsonb_strip_nulls(jsonb_build_object(
          'nrha_number', nullif(btrim(row_data ->> 'nrha_number'), ''),
          'date_of_birth', stored_birth_date
        )),
        public.current_profile_id()
      )
      on conflict (incentive_program_id, horse_id, season_year, nomination_role)
      do update set
        status = excluded.status,
        source = 'import',
        nominated_on = excluded.nominated_on,
        valid_from = excluded.valid_from,
        valid_until = excluded.valid_until,
        qualifying_stallion_nomination_id = excluded.qualifying_stallion_nomination_id,
        reference_number = coalesce(excluded.reference_number, incentive_program_nominations.reference_number),
        notes = excluded.notes,
        metadata = incentive_program_nominations.metadata || excluded.metadata,
        updated_at = now();

      imported_count := imported_count + 1;
    exception when others then
      errors := errors || jsonb_build_array(jsonb_build_object(
        'row', row_number,
        'message', sqlerrm
      ));
    end;
  end loop;

  return jsonb_build_object(
    'imported', imported_count,
    'failed', jsonb_array_length(errors),
    'errors', errors
  );
end;
$$;


ALTER FUNCTION public.import_incentive_program_nominations(p_organization_id uuid, p_rows jsonb) OWNER TO postgres;

--
-- Name: is_org_member(uuid, text[]); Type: FUNCTION; Schema: public; Owner: postgres
--

CREATE FUNCTION public.is_org_member(target_organization_id uuid, accepted_roles text[] DEFAULT NULL::text[]) RETURNS boolean
    LANGUAGE sql STABLE SECURITY DEFINER
    SET search_path TO 'public'
    AS $$
  select exists (
    select 1
    from public.organization_members
    where organization_id = target_organization_id
      and user_id = public.current_profile_id()
      and (accepted_roles is null or role = any(accepted_roles))
  )
$$;


ALTER FUNCTION public.is_org_member(target_organization_id uuid, accepted_roles text[]) OWNER TO postgres;

--
-- Name: is_platform_admin(); Type: FUNCTION; Schema: public; Owner: postgres
--

CREATE FUNCTION public.is_platform_admin() RETURNS boolean
    LANGUAGE sql STABLE SECURITY DEFINER
    SET search_path TO 'public'
    AS $$
  select exists (
    select 1
    from public.platform_admins admin
    where admin.user_id = public.current_profile_id()
       or admin.user_id = auth.uid()
       or admin.id = public.current_profile_id()
       or admin.id = auth.uid()
       or (
         nullif(lower(btrim(admin.email)), '') is not null
         and lower(btrim(admin.email)) =
           lower(coalesce(auth.jwt() ->> 'email', ''))
       )
  );
$$;


ALTER FUNCTION public.is_platform_admin() OWNER TO postgres;

--
-- Name: FUNCTION is_platform_admin(); Type: COMMENT; Schema: public; Owner: postgres
--

COMMENT ON FUNCTION public.is_platform_admin() IS 'Returns true for a platform administrator linked by profile UUID, auth UUID, or the verified email claim in the signed Supabase JWT.';


--
-- Name: list_horse_health_compliance(uuid[], uuid, date); Type: FUNCTION; Schema: public; Owner: postgres
--

CREATE FUNCTION public.list_horse_health_compliance(p_horse_ids uuid[] DEFAULT NULL::uuid[], p_organization_id uuid DEFAULT NULL::uuid, p_reference_date date DEFAULT CURRENT_DATE) RETURNS TABLE(horse_id uuid, organization_id uuid, organization_name text, organization_short_name text, reference_date date, policy_id uuid, policy_effective_from date, compliance_status text, can_proceed boolean, enforcement_mode text, requirements jsonb, reasons jsonb)
    LANGUAGE plpgsql STABLE SECURITY DEFINER
    SET search_path TO 'public'
    AS $$
begin
  if p_organization_id is null
    and (p_horse_ids is null or cardinality(p_horse_ids) = 0)
  then
    raise exception 'HSP_HEALTH_COMPLIANCE_SCOPE_REQUIRED'
      using errcode = 'invalid_parameter_value';
  end if;

  if coalesce(cardinality(p_horse_ids), 0) > 100 then
    raise exception 'HSP_HEALTH_COMPLIANCE_SCOPE_TOO_LARGE'
      using errcode = 'program_limit_exceeded';
  end if;

  return query
  with authorized_pairs as (
    select distinct
      directory_horse.horse_id,
      organization_discipline.organization_id
    from public.directory_horses directory_horse
    join public.organization_disciplines organization_discipline
      on organization_discipline.id = directory_horse.organization_discipline_id
    where (p_organization_id is null or organization_discipline.organization_id = p_organization_id)
      and (p_horse_ids is null or directory_horse.horse_id = any(p_horse_ids))
      and (
        public.is_platform_admin()
        or public.can_manage_horse_identity(directory_horse.horse_id)
        or public.is_org_member(organization_discipline.organization_id)
      )
  )
  select
    pair.horse_id,
    pair.organization_id,
    organization.name::text,
    organization.short_name::text,
    compliance.reference_date,
    compliance.policy_id,
    compliance.policy_effective_from,
    compliance.compliance_status,
    compliance.can_proceed,
    compliance.enforcement_mode,
    compliance.requirements,
    compliance.reasons
  from authorized_pairs pair
  join public.organizations organization
    on organization.id = pair.organization_id
  cross join lateral public.get_horse_health_compliance(
    pair.horse_id,
    pair.organization_id,
    coalesce(p_reference_date, current_date)
  ) compliance
  order by organization.name, pair.horse_id;
end;
$$;


ALTER FUNCTION public.list_horse_health_compliance(p_horse_ids uuid[], p_organization_id uuid, p_reference_date date) OWNER TO postgres;

--
-- Name: FUNCTION list_horse_health_compliance(p_horse_ids uuid[], p_organization_id uuid, p_reference_date date); Type: COMMENT; Schema: public; Owner: postgres
--

COMMENT ON FUNCTION public.list_horse_health_compliance(p_horse_ids uuid[], p_organization_id uuid, p_reference_date date) IS 'Lists authorized horse-association compliance results for presentation while delegating every health decision to the central engine.';


--
-- Name: manual_sale_invoice_item_type(text); Type: FUNCTION; Schema: public; Owner: postgres
--

CREATE FUNCTION public.manual_sale_invoice_item_type(target_category text) RETURNS text
    LANGUAGE sql IMMUTABLE
    AS $$
  select case
    when target_category in ('stall_extra', 'feed') then 'extra'
    else 'manual'
  end
$$;


ALTER FUNCTION public.manual_sale_invoice_item_type(target_category text) OWNER TO postgres;

--
-- Name: next_invoice_number(uuid, uuid); Type: FUNCTION; Schema: public; Owner: postgres
--

CREATE FUNCTION public.next_invoice_number(target_organization_id uuid, target_show_id uuid) RETURNS character varying
    LANGUAGE plpgsql SECURITY DEFINER
    SET search_path TO 'public'
    AS $_$
declare
  next_number integer;
begin
  perform pg_advisory_xact_lock(
    hashtext(target_organization_id::text),
    hashtext(coalesce(target_show_id::text, 'association'))
  );

  select coalesce(max(invoice_number::integer), 0) + 1 into next_number
  from public.invoices
  where organization_id = target_organization_id
    and show_id is not distinct from target_show_id
    and invoice_number ~ '^[0-9]{4}$';

  if next_number > 9999 then
    raise exception 'Invoice number capacity reached for invoice scope %', coalesce(target_show_id::text, 'association')
      using errcode = '22003';
  end if;

  return lpad(next_number::text, 4, '0')::varchar;
end;
$_$;


ALTER FUNCTION public.next_invoice_number(target_organization_id uuid, target_show_id uuid) OWNER TO postgres;

--
-- Name: normalize_contact_email(); Type: FUNCTION; Schema: public; Owner: postgres
--

CREATE FUNCTION public.normalize_contact_email() RETURNS trigger
    LANGUAGE plpgsql
    AS $$
begin
  if new.email is not null then
    new.email := nullif(lower(btrim(new.email)), '');
  end if;

  return new;
end;
$$;


ALTER FUNCTION public.normalize_contact_email() OWNER TO postgres;

--
-- Name: organization_health_policies; Type: TABLE; Schema: public; Owner: postgres
--

CREATE TABLE public.organization_health_policies (
    id uuid DEFAULT gen_random_uuid() NOT NULL,
    organization_id uuid NOT NULL,
    effective_from date NOT NULL,
    effective_until date,
    coggins_required boolean DEFAULT true NOT NULL,
    coggins_validity_rule text DEFAULT 'rolling_months'::text NOT NULL,
    coggins_validity_months smallint DEFAULT 12 NOT NULL,
    influenza_required boolean DEFAULT true NOT NULL,
    rhino_required boolean DEFAULT true NOT NULL,
    combo_vaccine_accepted boolean DEFAULT true NOT NULL,
    vaccine_validity_months smallint DEFAULT 6 NOT NULL,
    identity_validation_requirement text DEFAULT 'identified'::text NOT NULL,
    association_review_required boolean DEFAULT false NOT NULL,
    enforcement_mode text DEFAULT 'blocking'::text NOT NULL,
    notes text,
    created_by_user_id uuid,
    updated_by_user_id uuid,
    created_at timestamp with time zone DEFAULT now() NOT NULL,
    updated_at timestamp with time zone DEFAULT now() NOT NULL,
    CONSTRAINT organization_health_policies_check CHECK (((effective_until IS NULL) OR (effective_until >= effective_from))),
    CONSTRAINT organization_health_policies_coggins_validity_months_check CHECK (((coggins_validity_months >= 1) AND (coggins_validity_months <= 36))),
    CONSTRAINT organization_health_policies_coggins_validity_rule_check CHECK ((coggins_validity_rule = ANY (ARRAY['rolling_months'::text, 'calendar_year'::text]))),
    CONSTRAINT organization_health_policies_enforcement_mode_check CHECK ((enforcement_mode = ANY (ARRAY['warning'::text, 'blocking'::text]))),
    CONSTRAINT organization_health_policies_identity_validation_requirem_check CHECK ((identity_validation_requirement = ANY (ARRAY['none'::text, 'identified'::text, 'verified'::text]))),
    CONSTRAINT organization_health_policies_vaccine_validity_months_check CHECK (((vaccine_validity_months >= 1) AND (vaccine_validity_months <= 36)))
);


ALTER TABLE public.organization_health_policies OWNER TO postgres;

--
-- Name: TABLE organization_health_policies; Type: COMMENT; Schema: public; Owner: postgres
--

COMMENT ON TABLE public.organization_health_policies IS 'Versioned association health requirements independent from disciplines, classes and governing bodies.';


--
-- Name: organization_health_policy_at(uuid, date); Type: FUNCTION; Schema: public; Owner: postgres
--

CREATE FUNCTION public.organization_health_policy_at(target_organization_id uuid, target_reference_date date DEFAULT CURRENT_DATE) RETURNS public.organization_health_policies
    LANGUAGE sql STABLE SECURITY DEFINER
    SET search_path TO 'public'
    AS $$
  select policy.*
  from public.organization_health_policies policy
  where policy.organization_id = target_organization_id
    and policy.effective_from <= coalesce(target_reference_date, current_date)
    and (
      policy.effective_until is null
      or policy.effective_until >= coalesce(target_reference_date, current_date)
    )
  order by policy.effective_from desc
  limit 1
$$;


ALTER FUNCTION public.organization_health_policy_at(target_organization_id uuid, target_reference_date date) OWNER TO postgres;

--
-- Name: prevent_verified_horse_document_deletion(); Type: FUNCTION; Schema: public; Owner: postgres
--

CREATE FUNCTION public.prevent_verified_horse_document_deletion() RETURNS trigger
    LANGUAGE plpgsql SECURITY DEFINER
    SET search_path TO 'public'
    AS $$
begin
  if exists (
    select 1
    from public.horse_document_validations validation
    where validation.horse_document_id = old.id
      and validation.status = 'verified'
  ) then
    raise exception 'HSP_HORSE_IDENTITY_LOCKED:document' using errcode = 'check_violation';
  end if;

  return old;
end;
$$;


ALTER FUNCTION public.prevent_verified_horse_document_deletion() OWNER TO postgres;

--
-- Name: public_show_timing_summary(uuid, integer); Type: FUNCTION; Schema: public; Owner: postgres
--

CREATE FUNCTION public.public_show_timing_summary(target_show_id uuid, min_duration_seconds integer DEFAULT 60) RETURNS TABLE(class_id uuid, day_id uuid, class_estimated_end_at timestamp with time zone, day_estimated_end_at timestamp with time zone, class_remaining_seconds numeric, day_remaining_seconds numeric, class_remaining_runs integer, day_remaining_runs integer, is_drag_due boolean, drag_started_at timestamp with time zone, drag_duration_minutes integer, drag_remaining_seconds numeric, estimated_at timestamp with time zone)
    LANGUAGE sql STABLE SECURITY DEFINER
    SET search_path TO 'public'
    AS $_$
  with run_durations as (
    select
      coalesce(
        nullif(btrim(setup.pattern), ''),
        nullif(btrim(blocks.pattern), ''),
        'Sans pattern'
      ) as pattern,
      case
        when run.value ? 'durationSeconds'
          and nullif(run.value->>'durationSeconds', '') ~ '^[0-9]+(\.[0-9]+)?$'
          then (run.value->>'durationSeconds')::numeric
        when run.value ? 'startedAt'
          and run.value ? 'completedAt'
          and nullif(run.value->>'startedAt', '') is not null
          and nullif(run.value->>'completedAt', '') is not null
          then extract(
            epoch from (
              (run.value->>'completedAt')::timestamptz
              - (run.value->>'startedAt')::timestamptz
            )
          )
        else null
      end as duration_seconds
    from public.blocks
    left join public.show_score_block_setups setup on setup.block_id = blocks.id
    join public.show_score_scoring_sessions scoring on scoring.block_id = blocks.id
    join public.shows duration_shows
      on duration_shows.id = blocks.show_id
     and duration_shows.status = 'open'
     and (
       duration_shows.is_public = true
       or duration_shows.show_schedule_public = true
       or duration_shows.show_draw_public = true
       or duration_shows.show_results_public = true
       or duration_shows.is_livestream_public = true
     )
    cross join lateral jsonb_array_elements(
      coalesce(scoring.runs, '[]'::jsonb)
    ) as run(value)
  ),
  pattern_averages as (
    select
      pattern,
      avg(duration_seconds) filter (
        where duration_seconds >= greatest(min_duration_seconds, 0)
          and duration_seconds <= 540
      ) as average_run_seconds
    from run_durations
    group by pattern
  ),
  class_metrics as (
    select
      blocks.id,
      blocks.show_day_id,
      blocks.sort_order,
      coalesce(
        nullif(btrim(setup.pattern), ''),
        nullif(btrim(blocks.pattern), ''),
        'Sans pattern'
      ) as pattern,
      case
        when setup.drag_interval is not null and setup.drag_interval > 0
          then setup.drag_interval
        else null
      end as drag_interval,
      greatest(coalesce(setup.drag_duration_minutes, 8), 0) as drag_duration_minutes,
      greatest(
        jsonb_array_length(coalesce(scoring.runs, '[]'::jsonb)),
        jsonb_array_length(coalesce(setup.runs, '[]'::jsonb))
      ) as run_count,
      completed.completed_runs,
      completed.last_completed_at,
      class_average.average_run_seconds as class_average_run_seconds,
      pattern_averages.average_run_seconds as pattern_average_run_seconds,
      (
        scoring.active_manoeuvre is not null
        or exists (
          select 1
          from jsonb_array_elements(coalesce(scoring.runs, '[]'::jsonb)) as active_run(value)
          where active_run.value->>'isActive' = 'true'
        )
      ) as has_active_manoeuvre
    from public.blocks
    join public.shows target_show
      on target_show.id = blocks.show_id
     and target_show.status = 'open'
     and (
       target_show.is_public = true
       or target_show.show_schedule_public = true
       or target_show.show_draw_public = true
       or target_show.show_results_public = true
       or target_show.is_livestream_public = true
     )
    left join public.show_score_block_setups setup on setup.block_id = blocks.id
    left join public.show_score_scoring_sessions scoring on scoring.block_id = blocks.id
    left join pattern_averages on pattern_averages.pattern = coalesce(
      nullif(btrim(setup.pattern), ''),
      nullif(btrim(blocks.pattern), ''),
      'Sans pattern'
    )
    cross join lateral (
      select
        count(*)::integer as completed_runs,
        max(
          case
            when nullif(run.value->>'completedAt', '') is not null
              then (run.value->>'completedAt')::timestamptz
            else null
          end
        ) as last_completed_at
      from jsonb_array_elements(coalesce(scoring.runs, '[]'::jsonb)) as run(value)
      where nullif(btrim(run.value->>'scoreTotal'), '') is not null
        and btrim(run.value->>'scoreTotal') <> 'Review'
    ) completed
    cross join lateral (
      select avg(duration_seconds) filter (
        where duration_seconds >= greatest(min_duration_seconds, 0)
          and duration_seconds <= 540
      ) as average_run_seconds
      from (
        select
          case
            when run.value ? 'durationSeconds'
              and nullif(run.value->>'durationSeconds', '') ~ '^[0-9]+(\.[0-9]+)?$'
              then (run.value->>'durationSeconds')::numeric
            when run.value ? 'startedAt'
              and run.value ? 'completedAt'
              and nullif(run.value->>'startedAt', '') is not null
              and nullif(run.value->>'completedAt', '') is not null
              then extract(
                epoch from (
                  (run.value->>'startedAt')::timestamptz
                  - (run.value->>'completedAt')::timestamptz
                )
              ) * -1
            else null
          end as duration_seconds
        from jsonb_array_elements(coalesce(scoring.runs, '[]'::jsonb)) as run(value)
      ) durations
    ) class_average
    where blocks.show_id = target_show_id
      and blocks.schedule_is_public = true
  ),
  class_estimates as (
    select
      class_metrics.*,
      coalesce(
        class_metrics.class_average_run_seconds,
        class_metrics.pattern_average_run_seconds
      ) as average_run_seconds,
      greatest(class_metrics.run_count - class_metrics.completed_runs, 0) as remaining_runs,
      case
        when class_metrics.drag_interval is null then 0
        else greatest(
          floor(greatest(class_metrics.run_count - 1, 0)::numeric / class_metrics.drag_interval)
          - floor(greatest(class_metrics.completed_runs - 1, 0)::numeric / class_metrics.drag_interval),
          0
        )::integer
      end as remaining_drag_breaks
    from class_metrics
  ),
  class_remaining as (
    select
      class_estimates.*,
      case
        when class_estimates.remaining_runs > 0
          and class_estimates.average_run_seconds is null
          then null
        else
          class_estimates.remaining_runs * coalesce(class_estimates.average_run_seconds, 0)
          + class_estimates.remaining_drag_breaks
            * class_estimates.drag_duration_minutes
            * 60
      end as remaining_seconds
    from class_estimates
  ),
  live_classes as (
    select
      class_remaining.*,
      row_number() over (
        order by
          class_remaining.has_active_manoeuvre desc,
          class_remaining.sort_order,
          class_remaining.id
      ) as live_rank
    from class_remaining
    join public.show_score_publication_states publication
      on publication.block_id = class_remaining.id
     and publication.status in (
       'live',
       'live_no_score',
       'live_scoring',
       'live_finished'
     )
  ),
  day_remaining as (
    select
      live_classes.id as live_class_id,
      sum(class_remaining.remaining_runs)::integer as day_remaining_runs,
      case
        when bool_or(
          class_remaining.remaining_runs > 0
          and class_remaining.remaining_seconds is null
        ) then null
        else sum(coalesce(class_remaining.remaining_seconds, 0))
      end as day_remaining_seconds
    from live_classes
    join class_remaining
      on class_remaining.show_day_id = live_classes.show_day_id
     and class_remaining.sort_order >= live_classes.sort_order
    group by live_classes.id
  )
  select
    live_classes.id as class_id,
    live_classes.show_day_id as day_id,
    case
      when live_classes.remaining_seconds is null then null
      else now() + make_interval(secs => live_classes.remaining_seconds::double precision)
    end as class_estimated_end_at,
    case
      when day_remaining.day_remaining_seconds is null then null
      else now() + make_interval(secs => day_remaining.day_remaining_seconds::double precision)
    end as day_estimated_end_at,
    live_classes.remaining_seconds as class_remaining_seconds,
    day_remaining.day_remaining_seconds,
    live_classes.remaining_runs as class_remaining_runs,
    day_remaining.day_remaining_runs,
    (
      live_classes.drag_interval is not null
      and live_classes.completed_runs > 0
      and live_classes.completed_runs < live_classes.run_count
      and live_classes.completed_runs % live_classes.drag_interval = 0
      and live_classes.has_active_manoeuvre is false
    ) as is_drag_due,
    case
      when live_classes.drag_interval is not null
        and live_classes.completed_runs > 0
        and live_classes.completed_runs < live_classes.run_count
        and live_classes.completed_runs % live_classes.drag_interval = 0
        and live_classes.has_active_manoeuvre is false
        then live_classes.last_completed_at
      else null
    end as drag_started_at,
    live_classes.drag_duration_minutes,
    case
      when live_classes.drag_interval is not null
        and live_classes.completed_runs > 0
        and live_classes.completed_runs < live_classes.run_count
        and live_classes.completed_runs % live_classes.drag_interval = 0
        and live_classes.has_active_manoeuvre is false
        and live_classes.last_completed_at is not null
        then greatest(
          live_classes.drag_duration_minutes * 60
          - extract(epoch from (now() - live_classes.last_completed_at)),
          0
        )
      else null
    end as drag_remaining_seconds,
    now() as estimated_at
  from live_classes
  join day_remaining on day_remaining.live_class_id = live_classes.id
  order by live_classes.live_rank;
$_$;


ALTER FUNCTION public.public_show_timing_summary(target_show_id uuid, min_duration_seconds integer) OWNER TO postgres;

--
-- Name: incentive_program_nominations; Type: TABLE; Schema: public; Owner: postgres
--

CREATE TABLE public.incentive_program_nominations (
    id uuid DEFAULT gen_random_uuid() NOT NULL,
    organization_id uuid NOT NULL,
    incentive_program_id uuid NOT NULL,
    horse_id uuid NOT NULL,
    nomination_role text NOT NULL,
    season_year integer NOT NULL,
    status text DEFAULT 'active'::text NOT NULL,
    source text DEFAULT 'manual'::text NOT NULL,
    nominated_on date DEFAULT CURRENT_DATE NOT NULL,
    valid_from date,
    valid_until date,
    qualifying_stallion_nomination_id uuid,
    manual_sale_id uuid,
    reference_number text,
    notes text,
    metadata jsonb DEFAULT '{}'::jsonb NOT NULL,
    created_by_user_id uuid,
    created_at timestamp with time zone DEFAULT now() NOT NULL,
    updated_at timestamp with time zone DEFAULT now() NOT NULL,
    CONSTRAINT incentive_program_nominations_check CHECK (((valid_until IS NULL) OR (valid_from IS NULL) OR (valid_until >= valid_from))),
    CONSTRAINT incentive_program_nominations_metadata_check CHECK ((jsonb_typeof(metadata) = 'object'::text)),
    CONSTRAINT incentive_program_nominations_nomination_role_check CHECK ((nomination_role = ANY (ARRAY['horse'::text, 'foal'::text, 'stallion'::text]))),
    CONSTRAINT incentive_program_nominations_season_year_check CHECK (((season_year >= 1900) AND (season_year <= 2200))),
    CONSTRAINT incentive_program_nominations_source_check CHECK ((source = ANY (ARRAY['manual'::text, 'import'::text, 'stallion_progeny'::text, 'performance'::text]))),
    CONSTRAINT incentive_program_nominations_status_check CHECK ((status = ANY (ARRAY['pending'::text, 'active'::text, 'expired'::text, 'rejected'::text, 'withdrawn'::text])))
);


ALTER TABLE public.incentive_program_nominations OWNER TO postgres;

--
-- Name: TABLE incentive_program_nominations; Type: COMMENT; Schema: public; Owner: postgres
--

COMMENT ON TABLE public.incentive_program_nominations IS 'Annual nominations and explicit offspring eligibility records. Foals in stallion programs link to the qualifying stallion nomination.';


--
-- Name: purchase_incentive_program_nomination(uuid, uuid, uuid, text, integer, uuid, text, text); Type: FUNCTION; Schema: public; Owner: postgres
--

CREATE FUNCTION public.purchase_incentive_program_nomination(p_incentive_program_id uuid, p_horse_id uuid, p_payer_contact_id uuid, p_nomination_role text, p_season_year integer, p_qualifying_stallion_nomination_id uuid DEFAULT NULL::uuid, p_reference_number text DEFAULT NULL::text, p_notes text DEFAULT NULL::text) RETURNS public.incentive_program_nominations
    LANGUAGE plpgsql SECURITY DEFINER
    SET search_path TO 'public'
    AS $$
declare
  program_record public.incentive_programs%rowtype;
  nomination_record public.incentive_program_nominations%rowtype;
  sale_record public.manual_sales%rowtype;
  initial_status text;
  effective_fee numeric;
  horse_age_at_january_first integer;
  used_age_tier boolean;
begin
  select * into program_record
  from public.incentive_programs
  where id = p_incentive_program_id
    and is_active;

  if program_record.id is null then
    raise exception 'Incentive program is not active or does not exist'
      using errcode = 'check_violation';
  end if;

  if program_record.nomination_deadline is not null and current_date > program_record.nomination_deadline then
    raise exception 'The nomination deadline has passed'
      using errcode = 'check_violation';
  end if;

  if not (
    public.is_platform_admin()
    or public.is_org_member(program_record.organization_id, array['admin', 'secretary'])
    or public.can_access_horse(p_horse_id)
  ) then
    raise exception 'User cannot nominate this horse'
      using errcode = 'insufficient_privilege';
  end if;

  if not (
    public.is_platform_admin()
    or public.is_org_member(program_record.organization_id, array['admin', 'secretary'])
    or public.can_access_contact(p_payer_contact_id)
  ) then
    raise exception 'User cannot use this payer contact'
      using errcode = 'insufficient_privilege';
  end if;

  select pricing.fee, pricing.horse_age, pricing.used_age_tier
  into effective_fee, horse_age_at_january_first, used_age_tier
  from public.resolve_incentive_program_nomination_fee(
    program_record.id,
    p_horse_id,
    p_season_year
  ) pricing;

  initial_status := case
    when effective_fee > 0 then 'pending'
    when p_nomination_role = 'foal'
      and program_record.program_type in (
        'stallion_nomination',
        'stallion_subscription_foal_nomination',
        'stallion_incentive'
      )
      and p_qualifying_stallion_nomination_id is null then 'pending'
    else 'active'
  end;

  insert into public.incentive_program_nominations (
    organization_id,
    incentive_program_id,
    horse_id,
    nomination_role,
    season_year,
    status,
    source,
    valid_from,
    valid_until,
    qualifying_stallion_nomination_id,
    reference_number,
    notes,
    metadata,
    created_by_user_id
  ) values (
    program_record.organization_id,
    program_record.id,
    p_horse_id,
    p_nomination_role,
    p_season_year,
    initial_status,
    case when program_record.program_type = 'performance_incentive' then 'performance' else 'manual' end,
    coalesce(program_record.valid_from, make_date(p_season_year, 1, 1)),
    coalesce(program_record.valid_until, make_date(p_season_year, 12, 31)),
    p_qualifying_stallion_nomination_id,
    nullif(btrim(p_reference_number), ''),
    nullif(btrim(p_notes), ''),
    jsonb_strip_nulls(jsonb_build_object(
      'nomination_fee', effective_fee,
      'horse_age_at_january_first', horse_age_at_january_first,
      'used_age_price_tier', used_age_tier
    )),
    public.current_profile_id()
  ) returning * into nomination_record;

  if effective_fee > 0 then
    insert into public.manual_sales (
      organization_id,
      payer_contact_id,
      sold_by_user_id,
      status,
      description,
      quantity,
      unit_price,
      tax_applicable,
      source_payload
    ) values (
      program_record.organization_id,
      p_payer_contact_id,
      public.current_profile_id(),
      'active',
      program_record.name_fr || ' — ' || nomination_record.season_year::text,
      1,
      effective_fee,
      program_record.tax_applicable,
      jsonb_strip_nulls(jsonb_build_object(
        'source', 'incentive_program_nomination',
        'incentive_program_id', program_record.id,
        'nomination_id', nomination_record.id,
        'horse_id', p_horse_id,
        'horse_age_at_january_first', horse_age_at_january_first,
        'used_age_price_tier', used_age_tier
      ))
    ) returning * into sale_record;

    update public.incentive_program_nominations
    set manual_sale_id = sale_record.id
    where id = nomination_record.id
    returning * into nomination_record;
  end if;

  return nomination_record;
end;
$$;


ALTER FUNCTION public.purchase_incentive_program_nomination(p_incentive_program_id uuid, p_horse_id uuid, p_payer_contact_id uuid, p_nomination_role text, p_season_year integer, p_qualifying_stallion_nomination_id uuid, p_reference_number text, p_notes text) OWNER TO postgres;

--
-- Name: recalculate_entry_judge_fees(uuid); Type: FUNCTION; Schema: public; Owner: postgres
--

CREATE FUNCTION public.recalculate_entry_judge_fees(target_invoice_id uuid) RETURNS void
    LANGUAGE plpgsql SECURITY DEFINER
    SET search_path TO 'public'
    AS $$
declare
  invoice_record record;
begin
  select
    invoice.id,
    invoice.organization_id,
    invoice.show_id,
    invoice.payer_contact_id,
    coalesce(show_record.tax_rate, organization.tax_rate, 0) as tax_rate
  into invoice_record
  from public.invoices invoice
  join public.shows show_record on show_record.id = invoice.show_id
  join public.organizations organization on organization.id = invoice.organization_id
  where invoice.id = target_invoice_id;

  if not found then
    return;
  end if;

  delete from public.invoice_line_items
  where invoice_id = target_invoice_id
    and item_type = 'judge_fee';

  insert into public.invoice_line_items (
    organization_id,
    invoice_id,
    item_type,
    item_id,
    description,
    quantity,
    unit_price,
    total_price,
    tax_applicable,
    tax_amount
  )
  select
    invoice_record.organization_id,
    target_invoice_id,
    'judge_fee',
    selected_entry.entry_id,
    left(
      'Judge fee - '
        || coalesce(selected_entry.horse_name, 'Horse')
        || case when selected_entry.rider_name is null then '' else ' / ' || selected_entry.rider_name end
        || ' / ' || coalesce(selected_entry.block_name, 'Block')
        || ' / ' || coalesce(selected_entry.class_name, 'Class'),
      255
    ),
    1,
    selected_entry.judge_fee,
    selected_entry.judge_fee,
    true,
    round(selected_entry.judge_fee * invoice_record.tax_rate / 100, 2)
  from (
    select entry.horse_id, entry.rider_contact_id, class_record.block_id
    from public.entries entry
    join public.classes class_record on class_record.id = entry.class_id
    where entry.organization_id = invoice_record.organization_id
      and entry.show_id = invoice_record.show_id
      and entry.payer_contact_id = invoice_record.payer_contact_id
      and entry.status not in ('cancelled', 'scratched')
    group by entry.horse_id, entry.rider_contact_id, class_record.block_id
  ) entry_blocks
  join lateral (
    select
      entry.id as entry_id,
      horse.name as horse_name,
      nullif(trim(coalesce(rider.first_name, '') || ' ' || coalesce(rider.last_name, '')), '') as rider_name,
      block.name as block_name,
      class_record.name as class_name,
      coalesce(entry.base_fee, class_record.entry_fee, 0) as entry_fee,
      coalesce(class_record.judge_fee, 0) as judge_fee
    from public.entries entry
    join public.classes class_record on class_record.id = entry.class_id
    join public.blocks block on block.id = class_record.block_id
    join public.horses horse on horse.id = entry.horse_id
    left join public.contacts rider on rider.id = entry.rider_contact_id
    where entry.organization_id = invoice_record.organization_id
      and entry.show_id = invoice_record.show_id
      and entry.payer_contact_id = invoice_record.payer_contact_id
      and entry.horse_id = entry_blocks.horse_id
      and entry.rider_contact_id is not distinct from entry_blocks.rider_contact_id
      and class_record.block_id = entry_blocks.block_id
      and entry.status not in ('cancelled', 'scratched')
    order by coalesce(entry.base_fee, class_record.entry_fee, 0) desc, entry.created_at, entry.id
    limit 1
  ) selected_entry on selected_entry.judge_fee > 0;
end;
$$;


ALTER FUNCTION public.recalculate_entry_judge_fees(target_invoice_id uuid) OWNER TO postgres;

--
-- Name: recalculate_invoice_totals(uuid); Type: FUNCTION; Schema: public; Owner: postgres
--

CREATE FUNCTION public.recalculate_invoice_totals(target_invoice_id uuid) RETURNS void
    LANGUAGE plpgsql SECURITY DEFINER
    SET search_path TO 'public'
    AS $$
declare
  subtotal_total numeric(12, 2);
  tax_total numeric(12, 2);
begin
  select
    round(coalesce(sum(total_price), 0), 2),
    round(coalesce(sum(tax_amount), 0), 2)
  into subtotal_total, tax_total
  from public.invoice_line_items
  where invoice_id = target_invoice_id;

  update public.invoices
  set
    subtotal = subtotal_total,
    tax_amount = tax_total,
    total_amount = round(subtotal_total + tax_total - discount_amount, 2)
  where id = target_invoice_id;
end;
$$;


ALTER FUNCTION public.recalculate_invoice_totals(target_invoice_id uuid) OWNER TO postgres;

--
-- Name: record_app_event(text, text, text, text, text, text, text, text, text, text, text, jsonb); Type: FUNCTION; Schema: public; Owner: postgres
--

CREATE FUNCTION public.record_app_event(target_event_type text DEFAULT NULL::text, target_event_name text DEFAULT NULL::text, target_association_id text DEFAULT NULL::text, target_show_id text DEFAULT NULL::text, target_day_id text DEFAULT NULL::text, target_class_id text DEFAULT NULL::text, target_session_id text DEFAULT NULL::text, target_path text DEFAULT NULL::text, target_user_agent text DEFAULT NULL::text, target_locale text DEFAULT NULL::text, target_timezone text DEFAULT NULL::text, target_metadata jsonb DEFAULT NULL::jsonb) RETURNS text
    LANGUAGE plpgsql SECURITY DEFINER
    SET search_path TO 'public'
    AS $$
declare
  created_event_id uuid;
  normalized_event_type text;
  normalized_event_name text;
begin
  normalized_event_type := lower(nullif(btrim(coalesce(target_event_type, '')), ''));
  normalized_event_name := lower(nullif(btrim(coalesce(target_event_name, '')), ''));

  if normalized_event_type not in ('analytics', 'audit') then
    raise exception 'Invalid app event type' using errcode = '22023';
  end if;

  if normalized_event_name is null then
    raise exception 'App event name is required' using errcode = '22023';
  end if;

  insert into public.app_events (
    event_type,
    event_name,
    association_id,
    show_id,
    day_id,
    block_id,
    session_id,
    actor_user_id,
    actor_email,
    path,
    user_agent,
    locale,
    timezone,
    metadata
  )
  values (
    normalized_event_type,
    left(normalized_event_name, 120),
    nullif(btrim(coalesce(target_association_id, '')), ''),
    nullif(btrim(coalesce(target_show_id, '')), ''),
    nullif(btrim(coalesce(target_day_id, '')), ''),
    nullif(btrim(coalesce(target_class_id, '')), ''),
    nullif(btrim(coalesce(target_session_id, '')), ''),
    auth.uid(),
    nullif(auth.email(), ''),
    left(nullif(btrim(coalesce(target_path, '')), ''), 500),
    left(nullif(target_user_agent, ''), 500),
    left(nullif(btrim(coalesce(target_locale, '')), ''), 40),
    left(nullif(btrim(coalesce(target_timezone, '')), ''), 80),
    coalesce(target_metadata, '{}'::jsonb)
  )
  returning id into created_event_id;

  return created_event_id::text;
end;
$$;


ALTER FUNCTION public.record_app_event(target_event_type text, target_event_name text, target_association_id text, target_show_id text, target_day_id text, target_class_id text, target_session_id text, target_path text, target_user_agent text, target_locale text, target_timezone text, target_metadata jsonb) OWNER TO postgres;

--
-- Name: resolve_incentive_program_nomination_fee(uuid, uuid, integer); Type: FUNCTION; Schema: public; Owner: postgres
--

CREATE FUNCTION public.resolve_incentive_program_nomination_fee(p_incentive_program_id uuid, p_horse_id uuid, p_season_year integer) RETURNS TABLE(fee numeric, horse_age integer, used_age_tier boolean)
    LANGUAGE plpgsql STABLE SECURITY DEFINER
    SET search_path TO 'public'
    AS $_$
declare
  program_record public.incentive_programs%rowtype;
  horse_birth_date date;
  resolved_fee numeric;
  resolved_age integer;
  has_age_tiers boolean;
begin
  select * into program_record
  from public.incentive_programs
  where id = p_incentive_program_id;

  if program_record.id is null then
    raise exception 'Incentive program does not exist'
      using errcode = 'check_violation';
  end if;

  select date_of_birth into horse_birth_date
  from public.horses
  where id = p_horse_id;

  if not found then
    raise exception 'Horse does not exist'
      using errcode = 'check_violation';
  end if;

  has_age_tiers := jsonb_typeof(program_record.settings -> 'age_price_tiers') = 'array'
    and jsonb_array_length(program_record.settings -> 'age_price_tiers') > 0;

  if has_age_tiers and horse_birth_date is null then
    raise exception 'Horse date of birth is required for age-based nomination pricing'
      using errcode = 'check_violation';
  end if;

  resolved_age := case
    when horse_birth_date is null then null
    else p_season_year - extract(year from horse_birth_date)::integer
  end;

  if resolved_age is not null and resolved_age < 0 then
    raise exception 'Nomination season cannot be earlier than the horse birth year'
      using errcode = 'check_violation';
  end if;

  if has_age_tiers then
    select (item.tier ->> 'fee')::numeric
    into resolved_fee
    from jsonb_array_elements(program_record.settings -> 'age_price_tiers') item(tier)
    where (item.tier ->> 'min_age') ~ '^[0-9]+$'
      and (item.tier ->> 'fee') ~ '^[0-9]+([.][0-9]+)?$'
      and resolved_age >= (item.tier ->> 'min_age')::integer
      and (
        not (item.tier ? 'max_age')
        or jsonb_typeof(item.tier -> 'max_age') = 'null'
        or item.tier ->> 'max_age' = ''
        or (
          (item.tier ->> 'max_age') ~ '^[0-9]+$'
          and resolved_age <= (item.tier ->> 'max_age')::integer
        )
      )
    order by (item.tier ->> 'min_age')::integer desc
    limit 1;
  end if;

  fee := coalesce(resolved_fee, program_record.nomination_fee);
  horse_age := resolved_age;
  used_age_tier := resolved_fee is not null;
  return next;
end;
$_$;


ALTER FUNCTION public.resolve_incentive_program_nomination_fee(p_incentive_program_id uuid, p_horse_id uuid, p_season_year integer) OWNER TO postgres;

--
-- Name: reuse_contact_by_email(uuid, text, text, text, text, text, text, uuid, uuid, text[]); Type: FUNCTION; Schema: public; Owner: postgres
--

CREATE FUNCTION public.reuse_contact_by_email(target_organization_id uuid, target_type text, target_first_name text, target_last_name text, target_email text, target_phone text DEFAULT NULL::text, target_barn_name text DEFAULT NULL::text, target_linked_user_id uuid DEFAULT NULL::uuid, target_created_by_user_id uuid DEFAULT NULL::uuid, target_roles text[] DEFAULT '{}'::text[]) RETURNS public.contacts
    LANGUAGE plpgsql SECURITY DEFINER
    SET search_path TO 'public'
    AS $$
declare
  normalized_email text := nullif(lower(btrim(target_email)), '');
  normalized_first_name text := nullif(btrim(target_first_name), '');
  normalized_last_name text := nullif(btrim(target_last_name), '');
  requester_profile_id uuid := public.current_profile_id();
  can_manage_organization boolean := public.is_platform_admin()
    or public.is_org_member(target_organization_id, array['admin', 'secretary']);
  directory_id uuid;
  result_contact public.contacts;
  role_name text;
  requested_roles text[];
begin
  if requester_profile_id is null then
    raise exception 'Connecte-toi avant de creer un contact.';
  end if;

  if target_type not in ('owner', 'agent', 'rider', 'payer', 'other') then
    raise exception 'Type de contact invalide.' using errcode = 'check_violation';
  end if;

  if normalized_first_name is null or normalized_last_name is null or normalized_email is null then
    raise exception 'Le prenom, le nom et le courriel du contact sont requis.';
  end if;

  select od.id into directory_id
  from public.organization_disciplines od
  where od.organization_id = target_organization_id
    and od.is_active
  order by od.is_default desc, od.created_at, od.id
  limit 1;

  if directory_id is null then
    raise exception 'Cette association ne possede aucun repertoire de discipline actif.'
      using errcode = 'check_violation';
  end if;

  if target_linked_user_id is not null
    and target_linked_user_id is distinct from requester_profile_id
    and not can_manage_organization then
    raise exception 'Tu ne peux pas lier ce contact a un autre compte utilisateur.'
      using errcode = 'insufficient_privilege';
  end if;

  if target_created_by_user_id is not null
    and target_created_by_user_id is distinct from requester_profile_id
    and not can_manage_organization then
    raise exception 'Tu ne peux pas creer de contact au nom d''un autre utilisateur.'
      using errcode = 'insufficient_privilege';
  end if;

  select * into result_contact
  from public.contacts
  where email = normalized_email
  order by (linked_user_id is null), created_at, id
  for update
  limit 1;

  if result_contact.id is null then
    insert into public.contacts (
      type,
      first_name,
      last_name,
      email,
      phone,
      barn_name,
      linked_user_id,
      created_by_user_id
    ) values (
      target_type,
      normalized_first_name,
      normalized_last_name,
      normalized_email,
      nullif(btrim(target_phone), ''),
      nullif(btrim(target_barn_name), ''),
      target_linked_user_id,
      coalesce(target_created_by_user_id, requester_profile_id)
    )
    returning * into result_contact;
  elsif public.can_manage_contact_identity(result_contact.id) then
    update public.contacts
    set phone = coalesce(nullif(phone, ''), nullif(btrim(target_phone), '')),
        barn_name = coalesce(nullif(barn_name, ''), nullif(btrim(target_barn_name), '')),
        linked_user_id = coalesce(linked_user_id, target_linked_user_id),
        type = case when type = 'other' and target_type <> 'other' then target_type else type end,
        updated_at = now()
    where id = result_contact.id
    returning * into result_contact;
  end if;

  if not can_manage_organization
    and not public.can_manage_contact_identity(result_contact.id) then
    raise exception 'Tu ne peux pas rattacher ce contact a ce repertoire.'
      using errcode = 'insufficient_privilege';
  end if;

  insert into public.directory_contacts (
    organization_discipline_id,
    contact_id,
    source,
    created_by_user_id
  ) values (
    directory_id,
    result_contact.id,
    'manual',
    coalesce(target_created_by_user_id, requester_profile_id)
  )
  on conflict (organization_discipline_id, contact_id) do update
  set updated_at = now();

  select array_agg(distinct role_value)
  into requested_roles
  from unnest(array_append(coalesce(target_roles, '{}'::text[]), target_type)) as role_value
  where role_value in ('owner', 'agent', 'rider', 'payer', 'booker', 'other');

  foreach role_name in array coalesce(requested_roles, array[target_type]) loop
    insert into public.contact_roles (organization_id, contact_id, role, source)
    values (
      target_organization_id,
      result_contact.id,
      role_name,
      case when role_name = target_type then 'contact_type' else 'manual' end
    )
    on conflict (organization_id, contact_id, role) do nothing;
  end loop;

  return result_contact;
end;
$$;


ALTER FUNCTION public.reuse_contact_by_email(target_organization_id uuid, target_type text, target_first_name text, target_last_name text, target_email text, target_phone text, target_barn_name text, target_linked_user_id uuid, target_created_by_user_id uuid, target_roles text[]) OWNER TO postgres;

--
-- Name: save_show_score_announcer_live_session(uuid, jsonb, jsonb, timestamp with time zone, timestamp with time zone, uuid, bigint); Type: FUNCTION; Schema: public; Owner: postgres
--

CREATE FUNCTION public.save_show_score_announcer_live_session(target_class_id uuid, target_runs jsonb, target_active_manoeuvre jsonb, target_started_at timestamp with time zone, target_completed_at timestamp with time zone, target_completed_by uuid, target_revision bigint) RETURNS boolean
    LANGUAGE plpgsql SECURITY DEFINER
    SET search_path TO 'public'
    AS $$
declare
  affected_rows integer := 0;
begin
  if not exists (
    select 1
    from public.blocks target_block
    join public.shows target_show on target_show.id = target_block.show_id
    join public.show_score_block_setups setup
      on setup.block_id = target_block.id
    where target_block.id = target_class_id
      and setup.live_data_source = 'announcer'
      and (
        public.is_platform_admin()
        or public.is_org_member(
          target_show.organization_id,
          array['admin', 'secretary', 'announcer']
        )
        or public.has_show_role(
          target_show.id,
          array['organizer', 'secretary', 'announcer']
        )
      )
  ) then
    raise exception 'Insufficient permissions or inactive announcer source';
  end if;

  insert into public.show_score_announcer_live_sessions (
    class_id,
    runs,
    active_manoeuvre,
    started_at,
    completed_at,
    completed_by,
    revision
  )
  values (
    target_class_id,
    coalesce(target_runs, '[]'::jsonb),
    target_active_manoeuvre,
    target_started_at,
    target_completed_at,
    target_completed_by,
    coalesce(target_revision, 0)
  )
  on conflict (class_id) do update
  set runs = excluded.runs,
      active_manoeuvre = excluded.active_manoeuvre,
      started_at = excluded.started_at,
      completed_at = excluded.completed_at,
      completed_by = excluded.completed_by,
      revision = excluded.revision
  where excluded.revision >
    show_score_announcer_live_sessions.revision;

  get diagnostics affected_rows = row_count;
  if affected_rows > 0 then
    return true;
  end if;

  return exists (
    select 1
    from public.show_score_announcer_live_sessions current_session
    where current_session.class_id = target_class_id
      and current_session.revision = coalesce(target_revision, 0)
      and current_session.runs is not distinct from
        coalesce(target_runs, '[]'::jsonb)
      and current_session.active_manoeuvre is not distinct from
        target_active_manoeuvre
      and current_session.started_at is not distinct from target_started_at
      and current_session.completed_at is not distinct from target_completed_at
      and current_session.completed_by is not distinct from target_completed_by
  );
end;
$$;


ALTER FUNCTION public.save_show_score_announcer_live_session(target_class_id uuid, target_runs jsonb, target_active_manoeuvre jsonb, target_started_at timestamp with time zone, target_completed_at timestamp with time zone, target_completed_by uuid, target_revision bigint) OWNER TO postgres;

--
-- Name: save_show_score_paid_warmup_live(uuid, boolean, boolean, text, timestamp with time zone, jsonb); Type: FUNCTION; Schema: public; Owner: postgres
--

CREATE FUNCTION public.save_show_score_paid_warmup_live(target_paid_warmup_id uuid, target_is_public_live boolean DEFAULT NULL::boolean, target_update_queue boolean DEFAULT false, target_active_entry_id text DEFAULT NULL::text, target_active_started_at timestamp with time zone DEFAULT NULL::timestamp with time zone, target_entries jsonb DEFAULT NULL::jsonb) RETURNS jsonb
    LANGUAGE plpgsql SECURITY DEFINER
    SET search_path TO 'public'
    AS $$
declare
  current_warmup public.show_score_paid_warmups%rowtype;
  updated_warmup public.show_score_paid_warmups%rowtype;
  current_queue_identity jsonb;
  target_queue_identity jsonb;
begin
  select *
  into current_warmup
  from public.show_score_paid_warmups
  where id = target_paid_warmup_id
  for update;

  if not found then
    raise exception 'Paid warmup % does not exist', target_paid_warmup_id
      using errcode = 'no_data_found';
  end if;

  if not (
    public.is_platform_admin()
    or public.is_org_member(
      current_warmup.organization_id,
      array['admin', 'secretary', 'announcer']
    )
    or public.has_show_role(
      current_warmup.show_id,
      array['organizer', 'secretary', 'announcer']
    )
  ) then
    raise exception 'Insufficient permissions for paid warmup live management'
      using errcode = 'insufficient_privilege';
  end if;

  if target_update_queue then
    if target_entries is null or jsonb_typeof(target_entries) <> 'array' then
      raise exception 'Paid warmup live entries must be an array'
        using errcode = 'check_violation';
    end if;

    select coalesce(
      jsonb_agg(entry.value - 'status' - 'completedAt' order by entry.ordinality),
      '[]'::jsonb
    )
    into current_queue_identity
    from jsonb_array_elements(coalesce(current_warmup.entries, '[]'::jsonb))
      with ordinality as entry(value, ordinality);

    select coalesce(
      jsonb_agg(entry.value - 'status' - 'completedAt' order by entry.ordinality),
      '[]'::jsonb
    )
    into target_queue_identity
    from jsonb_array_elements(target_entries)
      with ordinality as entry(value, ordinality);

    if current_queue_identity is distinct from target_queue_identity then
      raise exception 'Announcers cannot change the paid warmup draw'
        using errcode = 'insufficient_privilege';
    end if;

    if exists (
      select 1
      from jsonb_array_elements(target_entries) entry
      where coalesce(entry ->> 'status', 'pending') not in (
        'pending', 'done', 'no_show', 'scratch'
      )
    ) then
      raise exception 'Invalid paid warmup live entry status'
        using errcode = 'check_violation';
    end if;
  end if;

  update public.show_score_paid_warmups
  set
    is_public_live = coalesce(
      target_is_public_live,
      current_warmup.is_public_live
    ),
    active_entry_id = case
      when target_update_queue then target_active_entry_id
      else current_warmup.active_entry_id
    end,
    active_started_at = case
      when target_update_queue then target_active_started_at
      else current_warmup.active_started_at
    end,
    entries = case
      when target_update_queue then target_entries
      else current_warmup.entries
    end
  where id = target_paid_warmup_id
  returning * into updated_warmup;

  return to_jsonb(updated_warmup);
end;
$$;


ALTER FUNCTION public.save_show_score_paid_warmup_live(target_paid_warmup_id uuid, target_is_public_live boolean, target_update_queue boolean, target_active_entry_id text, target_active_started_at timestamp with time zone, target_entries jsonb) OWNER TO postgres;

--
-- Name: search_contact_identity_candidates(uuid, text, text, text, text, text, date, integer); Type: FUNCTION; Schema: public; Owner: postgres
--

CREATE FUNCTION public.search_contact_identity_candidates(target_organization_id uuid, target_first_name text, target_middle_name text, target_last_name text, target_email text, target_phone text, target_date_of_birth date, result_limit integer DEFAULT 5) RETURNS TABLE(contact_id uuid, first_name text, middle_name text, last_name text, date_of_birth date, email_hint text, phone_hint text, email_exact boolean, phone_exact boolean, name_similarity real, already_linked boolean, search_signature text)
    LANGUAGE plpgsql SECURITY DEFINER
    SET search_path TO 'public', 'extensions'
    AS $$
declare
  normalized_name text := public.identity_search_key(public.contact_identity_name(target_first_name, target_middle_name, target_last_name));
  normalized_email text := lower(nullif(btrim(target_email), ''));
  normalized_phone text := regexp_replace(coalesce(target_phone, ''), '[^0-9]+', '', 'g');
  identity_signature text;
  returned_count integer;
begin
  if not public.can_search_global_identities(target_organization_id) then
    raise exception 'Global identity search is reserved for association staff.'
      using errcode = 'insufficient_privilege';
  end if;

  identity_signature := md5(concat_ws('|', normalized_name, normalized_email, normalized_phone, coalesce(target_date_of_birth::text, '')));

  return query
  select
    contact.id,
    contact.first_name::text,
    contact.middle_name::text,
    contact.last_name::text,
    contact.date_of_birth,
    case
      when contact.email is null then null
      when position('@' in contact.email) > 1 then left(contact.email, 1) || '***@' || split_part(contact.email, '@', 2)
      else left(contact.email, 1) || '***'
    end,
    case when contact.phone is null then null else '***' || right(regexp_replace(contact.phone, '[^0-9]+', '', 'g'), 4) end,
    normalized_email is not null and lower(btrim(coalesce(contact.email, ''))) = normalized_email,
    length(normalized_phone) >= 7 and regexp_replace(coalesce(contact.phone, ''), '[^0-9]+', '', 'g') = normalized_phone,
    extensions.similarity(
      public.identity_search_key(public.contact_identity_name(contact.first_name, contact.middle_name, contact.last_name)),
      normalized_name
    ),
    public.contact_is_linked_to_org(contact.id, target_organization_id),
    identity_signature
  from public.contacts contact
  where not exists (
      select 1
      from public.contact_similarity_dismissals dismissal
      where dismissal.organization_id = target_organization_id
        and dismissal.existing_contact_id = contact.id
        and dismissal.candidate_signature = identity_signature
        and dismissal.algorithm_version = 'identity-v1'
    )
    and (
      (normalized_email is not null and lower(btrim(coalesce(contact.email, ''))) = normalized_email)
      or (length(normalized_phone) >= 7 and regexp_replace(coalesce(contact.phone, ''), '[^0-9]+', '', 'g') = normalized_phone)
      or (
        normalized_name <> ''
        and extensions.similarity(
          public.identity_search_key(public.contact_identity_name(contact.first_name, contact.middle_name, contact.last_name)),
          normalized_name
        ) >= 0.35
      )
    )
  order by
    (normalized_email is not null and lower(btrim(coalesce(contact.email, ''))) = normalized_email) desc,
    (length(normalized_phone) >= 7 and regexp_replace(coalesce(contact.phone, ''), '[^0-9]+', '', 'g') = normalized_phone) desc,
    extensions.similarity(
      public.identity_search_key(public.contact_identity_name(contact.first_name, contact.middle_name, contact.last_name)),
      normalized_name
    ) desc,
    contact.created_at
  limit least(greatest(coalesce(result_limit, 5), 1), 10);

  get diagnostics returned_count = row_count;
  insert into public.app_events (event_type, event_name, association_id, actor_user_id, metadata)
  values ('audit', 'global_contact_similarity_search', target_organization_id::text, auth.uid(), jsonb_build_object('candidate_count', returned_count, 'signature', identity_signature));
end;
$$;


ALTER FUNCTION public.search_contact_identity_candidates(target_organization_id uuid, target_first_name text, target_middle_name text, target_last_name text, target_email text, target_phone text, target_date_of_birth date, result_limit integer) OWNER TO postgres;

--
-- Name: search_horse_identity_candidates(uuid, text, text, date, integer, text, uuid, integer); Type: FUNCTION; Schema: public; Owner: postgres
--

CREATE FUNCTION public.search_horse_identity_candidates(target_organization_id uuid, target_name text, target_registration_number text, target_date_of_birth date, target_birth_year integer, target_gender text, target_owner_contact_id uuid, result_limit integer DEFAULT 5) RETURNS TABLE(horse_id uuid, name text, registration_number text, date_of_birth date, birth_year integer, gender text, primary_owner_contact_id uuid, name_similarity real, registration_exact boolean, already_linked boolean, search_signature text)
    LANGUAGE plpgsql SECURITY DEFINER
    SET search_path TO 'public', 'extensions'
    AS $$
declare
  normalized_name text := public.identity_search_key(target_name);
  normalized_registration text := public.identity_search_key(target_registration_number);
  identity_signature text;
  returned_count integer;
begin
  if not public.can_search_global_identities(target_organization_id) then
    raise exception 'Global identity search is reserved for association staff.'
      using errcode = 'insufficient_privilege';
  end if;

  identity_signature := md5(concat_ws(
    '|',
    normalized_name,
    normalized_registration,
    coalesce(target_date_of_birth::text, target_birth_year::text, ''),
    coalesce(target_gender, ''),
    coalesce(target_owner_contact_id::text, '')
  ));

  return query
  select
    horse.id,
    horse.name::text,
    horse.registration_number::text,
    horse.date_of_birth,
    horse.birth_year::integer,
    horse.gender::text,
    horse.primary_owner_contact_id,
    extensions.similarity(public.identity_search_key(horse.name), normalized_name),
    normalized_registration <> '' and public.identity_search_key(horse.registration_number) = normalized_registration,
    public.horse_is_linked_to_org(horse.id, target_organization_id),
    identity_signature
  from public.horses horse
  where not exists (
      select 1
      from public.horse_similarity_dismissals dismissal
      where dismissal.organization_id = target_organization_id
        and dismissal.existing_horse_id = horse.id
        and dismissal.candidate_signature = identity_signature
        and dismissal.algorithm_version = 'identity-v1'
    )
    and (
      (normalized_registration <> '' and public.identity_search_key(horse.registration_number) = normalized_registration)
      or (
        normalized_name <> ''
        and extensions.similarity(public.identity_search_key(horse.name), normalized_name) >= 0.35
      )
    )
  order by
    (normalized_registration <> '' and public.identity_search_key(horse.registration_number) = normalized_registration) desc,
    extensions.similarity(public.identity_search_key(horse.name), normalized_name) desc,
    horse.created_at
  limit least(greatest(coalesce(result_limit, 5), 1), 10);

  get diagnostics returned_count = row_count;
  insert into public.app_events (event_type, event_name, association_id, actor_user_id, metadata)
  values ('audit', 'global_horse_similarity_search', target_organization_id::text, auth.uid(), jsonb_build_object('candidate_count', returned_count, 'signature', identity_signature));
end;
$$;


ALTER FUNCTION public.search_horse_identity_candidates(target_organization_id uuid, target_name text, target_registration_number text, target_date_of_birth date, target_birth_year integer, target_gender text, target_owner_contact_id uuid, result_limit integer) OWNER TO postgres;

--
-- Name: set_block_judge_assignment_refs(); Type: FUNCTION; Schema: public; Owner: postgres
--

CREATE FUNCTION public.set_block_judge_assignment_refs() RETURNS trigger
    LANGUAGE plpgsql
    SET search_path TO 'public'
    AS $$
declare
  block_record record;
begin
  select organization_id, show_id into block_record
  from public.blocks
  where id = new.block_id;

  if not found then
    raise exception 'Block % does not exist', new.block_id
      using errcode = 'foreign_key_violation';
  end if;

  new.organization_id := block_record.organization_id;
  new.show_id := block_record.show_id;
  return new;
end;
$$;


ALTER FUNCTION public.set_block_judge_assignment_refs() OWNER TO postgres;

--
-- Name: set_block_refs(); Type: FUNCTION; Schema: public; Owner: postgres
--

CREATE FUNCTION public.set_block_refs() RETURNS trigger
    LANGUAGE plpgsql SECURITY DEFINER
    SET search_path TO 'public'
    AS $$
declare
  show_record record;
  day_record record;
  slate_record record;
  template_organization_id uuid;
begin
  select organization_id into show_record
  from public.shows
  where id = new.show_id;

  if not found then
    raise exception 'Show % does not exist', new.show_id
      using errcode = 'foreign_key_violation';
  end if;

  if new.show_day_id is not null then
    select organization_id, show_id into day_record
    from public.show_days
    where id = new.show_day_id;

    if not found
      or day_record.show_id is distinct from new.show_id
      or day_record.organization_id is distinct from show_record.organization_id then
      raise exception 'Block day must belong to the same show and organization'
        using errcode = 'check_violation';
    end if;
  end if;

  if new.slate_id is not null then
    select organization_id, show_id into slate_record
    from public.slates
    where id = new.slate_id;

    if not found
      or slate_record.show_id is distinct from new.show_id
      or slate_record.organization_id is distinct from show_record.organization_id then
      raise exception 'Block slate must belong to the same show and organization'
        using errcode = 'check_violation';
    end if;
  end if;

  if new.block_template_id is not null then
    select organization_id into template_organization_id
    from public.block_templates
    where id = new.block_template_id;

    if template_organization_id is null
      or template_organization_id is distinct from show_record.organization_id then
      raise exception 'Block template must belong to the show organization'
        using errcode = 'check_violation';
    end if;
  end if;

  if new.organization_id is not null
    and new.organization_id is distinct from show_record.organization_id then
    raise exception 'Block organization must match its show organization'
      using errcode = 'check_violation';
  end if;

  new.organization_id := show_record.organization_id;
  return new;
end;
$$;


ALTER FUNCTION public.set_block_refs() OWNER TO postgres;

--
-- Name: set_block_run_entries_updated_at(); Type: FUNCTION; Schema: public; Owner: postgres
--

CREATE FUNCTION public.set_block_run_entries_updated_at() RETURNS trigger
    LANGUAGE plpgsql
    AS $$
begin
  new.updated_at := now();
  return new;
end;
$$;


ALTER FUNCTION public.set_block_run_entries_updated_at() OWNER TO postgres;

--
-- Name: set_class_refs(); Type: FUNCTION; Schema: public; Owner: postgres
--

CREATE FUNCTION public.set_class_refs() RETURNS trigger
    LANGUAGE plpgsql SECURITY DEFINER
    SET search_path TO 'public'
    AS $$
declare
  block_record record;
  directory_organization_id uuid;
  template_record record;
begin
  select organization_id, show_id into block_record
  from public.blocks
  where id = new.block_id;

  if not found then
    raise exception 'Block % does not exist', new.block_id
      using errcode = 'foreign_key_violation';
  end if;

  select organization_id into directory_organization_id
  from public.organization_disciplines
  where id = new.organization_discipline_id
    and is_active;

  if directory_organization_id is null
    or directory_organization_id is distinct from block_record.organization_id then
    raise exception 'Class discipline directory must be active and belong to the block organization'
      using errcode = 'check_violation';
  end if;

  if new.class_template_id is not null then
    select organization_id, organization_discipline_id into template_record
    from public.class_templates
    where id = new.class_template_id;

    if not found
      or template_record.organization_id is distinct from block_record.organization_id
      or template_record.organization_discipline_id is distinct from new.organization_discipline_id then
      raise exception 'Class template must belong to the same organization and discipline directory'
        using errcode = 'check_violation';
    end if;
  end if;

  if new.organization_id is not null
    and new.organization_id is distinct from block_record.organization_id then
    raise exception 'Class organization must match its block organization'
      using errcode = 'check_violation';
  end if;

  if new.show_id is not null
    and new.show_id is distinct from block_record.show_id then
    raise exception 'Class show must match its block show'
      using errcode = 'check_violation';
  end if;

  new.organization_id := block_record.organization_id;
  new.show_id := block_record.show_id;
  return new;
end;
$$;


ALTER FUNCTION public.set_class_refs() OWNER TO postgres;

--
-- Name: set_class_template_context(); Type: FUNCTION; Schema: public; Owner: postgres
--

CREATE FUNCTION public.set_class_template_context() RETURNS trigger
    LANGUAGE plpgsql SECURITY DEFINER
    SET search_path TO 'public'
    AS $$
declare
  parent_organization_id uuid;
  directory_organization_id uuid;
begin
  select organization_id into parent_organization_id
  from public.block_templates
  where id = new.block_template_id;

  if parent_organization_id is null then
    raise exception 'Block template % does not exist', new.block_template_id
      using errcode = 'foreign_key_violation';
  end if;

  select organization_id into directory_organization_id
  from public.organization_disciplines
  where id = new.organization_discipline_id
    and is_active;

  if directory_organization_id is null
    or directory_organization_id is distinct from parent_organization_id then
    raise exception 'Class template discipline directory must belong to the block template organization'
      using errcode = 'check_violation';
  end if;

  new.organization_id := parent_organization_id;
  return new;
end;
$$;


ALTER FUNCTION public.set_class_template_context() OWNER TO postgres;

--
-- Name: set_class_template_division_organization(); Type: FUNCTION; Schema: public; Owner: postgres
--

CREATE FUNCTION public.set_class_template_division_organization() RETURNS trigger
    LANGUAGE plpgsql SECURITY DEFINER
    SET search_path TO 'public'
    AS $$
declare
  template_org_id uuid;
begin
  select organization_id
  into template_org_id
  from public.class_templates
  where id = new.class_template_id;

  if template_org_id is null then
    raise exception 'Class template % does not exist', new.class_template_id using errcode = 'foreign_key_violation';
  end if;

  new.organization_id := template_org_id;
  return new;
end;
$$;


ALTER FUNCTION public.set_class_template_division_organization() OWNER TO postgres;

--
-- Name: set_contact_role_organization(); Type: FUNCTION; Schema: public; Owner: postgres
--

CREATE FUNCTION public.set_contact_role_organization() RETURNS trigger
    LANGUAGE plpgsql SECURITY DEFINER
    SET search_path TO 'public'
    AS $$
begin
  if not exists (select 1 from public.contacts where id = new.contact_id) then
    raise exception 'Contact role contact does not exist'
      using errcode = 'foreign_key_violation';
  end if;

  if not public.contact_is_linked_to_org(new.contact_id, new.organization_id) then
    raise exception 'Contact % is not linked to an active directory for organization %', new.contact_id, new.organization_id
      using errcode = 'check_violation';
  end if;

  return new;
end;
$$;


ALTER FUNCTION public.set_contact_role_organization() OWNER TO postgres;

--
-- Name: set_division_refs(); Type: FUNCTION; Schema: public; Owner: postgres
--

CREATE FUNCTION public.set_division_refs() RETURNS trigger
    LANGUAGE plpgsql SECURITY DEFINER
    SET search_path TO 'public'
    AS $$
declare
  class_record record;
begin
  select organization_id, show_id into class_record
  from public.classes
  where id = new.class_id;

  if not found then
    raise exception 'Class % does not exist', new.class_id using errcode = 'foreign_key_violation';
  end if;

  if new.organization_id is not null and new.organization_id is distinct from class_record.organization_id then
    raise exception 'Division organization % does not match class organization %', new.organization_id, class_record.organization_id
      using errcode = 'check_violation';
  end if;

  if new.show_id is not null and new.show_id is distinct from class_record.show_id then
    raise exception 'Division show % does not match class show %', new.show_id, class_record.show_id
      using errcode = 'check_violation';
  end if;

  new.organization_id := class_record.organization_id;
  new.show_id := class_record.show_id;
  return new;
end;
$$;


ALTER FUNCTION public.set_division_refs() OWNER TO postgres;

--
-- Name: set_entry_refs(); Type: FUNCTION; Schema: public; Owner: postgres
--

CREATE FUNCTION public.set_entry_refs() RETURNS trigger
    LANGUAGE plpgsql SECURITY DEFINER
    SET search_path TO 'public'
    AS $$
declare
  show_organization_id uuid;
  class_record record;
begin
  select organization_id into show_organization_id
  from public.shows
  where id = new.show_id;

  if show_organization_id is null then
    raise exception 'Show % does not exist', new.show_id
      using errcode = 'foreign_key_violation';
  end if;

  select organization_id, show_id, organization_discipline_id
  into class_record
  from public.classes
  where id = new.class_id;

  if not found
    or class_record.show_id is distinct from new.show_id
    or class_record.organization_id is distinct from show_organization_id then
    raise exception 'Entry class must belong to the entry show and organization'
      using errcode = 'check_violation';
  end if;

  if not exists (select 1 from public.horses where id = new.horse_id) then
    raise exception 'Horse % does not exist', new.horse_id
      using errcode = 'foreign_key_violation';
  end if;

  if not exists (select 1 from public.contacts where id = new.owner_contact_id) then
    raise exception 'Owner contact % does not exist', new.owner_contact_id
      using errcode = 'foreign_key_violation';
  end if;

  if not exists (select 1 from public.contacts where id = new.payer_contact_id) then
    raise exception 'Payer contact % does not exist', new.payer_contact_id
      using errcode = 'foreign_key_violation';
  end if;

  if new.rider_contact_id is not null
    and not exists (select 1 from public.contacts where id = new.rider_contact_id) then
    raise exception 'Rider contact % does not exist', new.rider_contact_id
      using errcode = 'foreign_key_violation';
  end if;

  if new.organization_id is not null
    and new.organization_id is distinct from show_organization_id then
    raise exception 'Entry organization must match its show organization'
      using errcode = 'check_violation';
  end if;

  insert into public.directory_horses (
    organization_discipline_id,
    horse_id,
    source,
    created_by_user_id
  )
  values (
    class_record.organization_discipline_id,
    new.horse_id,
    'entry',
    new.created_by_user_id
  )
  on conflict (organization_discipline_id, horse_id) do nothing;

  insert into public.directory_contacts (
    organization_discipline_id,
    contact_id,
    source,
    created_by_user_id
  )
  select
    class_record.organization_discipline_id,
    related_contact.contact_id,
    'entry',
    new.created_by_user_id
  from (
    values
      (new.owner_contact_id),
      (new.payer_contact_id),
      (new.rider_contact_id)
  ) as related_contact(contact_id)
  where related_contact.contact_id is not null
  on conflict (organization_discipline_id, contact_id) do nothing;

  new.organization_id := show_organization_id;
  return new;
end;
$$;


ALTER FUNCTION public.set_entry_refs() OWNER TO postgres;

--
-- Name: set_internal_membership_defaults(); Type: FUNCTION; Schema: public; Owner: postgres
--

CREATE FUNCTION public.set_internal_membership_defaults() RETURNS trigger
    LANGUAGE plpgsql SECURITY DEFINER
    SET search_path TO 'public'
    AS $$
declare
  membership_type public.organization_membership_types;
begin
  select * into membership_type
  from public.organization_membership_types
  where id = new.membership_type_id;

  if membership_type.id is null then
    raise exception 'Membership type not found';
  end if;

  new.organization_id := membership_type.organization_id;
  new.season_year := membership_type.season_year;
  new.valid_from := coalesce(new.valid_from, membership_type.valid_from);
  new.valid_until := coalesce(new.valid_until, membership_type.valid_until);
  new.payer_contact_id := coalesce(new.payer_contact_id, new.contact_id);

  if not public.contact_is_linked_to_org(new.contact_id, new.organization_id) then
    raise exception 'Contact does not belong to an active directory of the membership organization';
  end if;

  if new.payer_contact_id is not null
    and not public.contact_is_linked_to_org(new.payer_contact_id, new.organization_id) then
    raise exception 'Payer contact does not belong to an active directory of the membership organization';
  end if;

  if new.show_id is not null and not exists (
    select 1 from public.shows s
    where s.id = new.show_id
      and s.organization_id = new.organization_id
  ) then
    raise exception 'Show does not belong to the membership organization';
  end if;

  if new.status = 'active' and new.activated_at is null then
    new.activated_at := now();
  end if;

  return new;
end;
$$;


ALTER FUNCTION public.set_internal_membership_defaults() OWNER TO postgres;

--
-- Name: set_invoice_line_item_refs(); Type: FUNCTION; Schema: public; Owner: postgres
--

CREATE FUNCTION public.set_invoice_line_item_refs() RETURNS trigger
    LANGUAGE plpgsql SECURITY DEFINER
    SET search_path TO 'public'
    AS $$
declare
  invoice_org_id uuid;
begin
  select organization_id into invoice_org_id
  from public.invoices
  where id = new.invoice_id;

  if not found then
    raise exception 'Invoice % does not exist', new.invoice_id using errcode = 'foreign_key_violation';
  end if;

  if new.organization_id is not null and new.organization_id is distinct from invoice_org_id then
    raise exception 'Line item organization % does not match invoice organization %', new.organization_id, invoice_org_id
      using errcode = 'check_violation';
  end if;

  new.organization_id := invoice_org_id;
  return new;
end;
$$;


ALTER FUNCTION public.set_invoice_line_item_refs() OWNER TO postgres;

--
-- Name: set_invoice_refs(); Type: FUNCTION; Schema: public; Owner: postgres
--

CREATE FUNCTION public.set_invoice_refs() RETURNS trigger
    LANGUAGE plpgsql SECURITY DEFINER
    SET search_path TO 'public'
    AS $$
declare
  target_org_id uuid;
begin
  if new.show_id is not null then
    select organization_id into target_org_id
    from public.shows
    where id = new.show_id;

    if not found then
      raise exception 'Show % does not exist', new.show_id using errcode = 'foreign_key_violation';
    end if;

    if new.organization_id is not null and new.organization_id is distinct from target_org_id then
      raise exception 'Invoice organization % does not match show organization %', new.organization_id, target_org_id
        using errcode = 'check_violation';
    end if;

    new.organization_id := target_org_id;
  else
    if new.organization_id is null then
      raise exception 'Association-level invoices require organization_id' using errcode = 'not_null_violation';
    end if;

    select id into target_org_id
    from public.organizations
    where id = new.organization_id;

    if not found then
      raise exception 'Invoice organization % does not exist', new.organization_id using errcode = 'foreign_key_violation';
    end if;
  end if;

  if not exists (select 1 from public.contacts where id = new.payer_contact_id) then
    raise exception 'Payer contact % does not exist', new.payer_contact_id using errcode = 'foreign_key_violation';
  end if;

  if not public.contact_is_linked_to_org(new.payer_contact_id, target_org_id) then
    raise exception 'Invoice payer % is not linked to invoice organization %', new.payer_contact_id, target_org_id
      using errcode = 'check_violation';
  end if;

  new.organization_id := target_org_id;
  return new;
end;
$$;


ALTER FUNCTION public.set_invoice_refs() OWNER TO postgres;

--
-- Name: set_manual_sale_defaults(); Type: FUNCTION; Schema: public; Owner: postgres
--

CREATE FUNCTION public.set_manual_sale_defaults() RETURNS trigger
    LANGUAGE plpgsql SECURITY DEFINER
    SET search_path TO 'public'
    AS $$
declare
  product_record public.organization_products;
begin
  if new.product_id is not null then
    select * into product_record
    from public.organization_products
    where id = new.product_id;

    if product_record.id is null then
      raise exception 'Product not found';
    end if;

    new.organization_id := product_record.organization_id;
    new.description := coalesce(nullif(trim(new.description), ''), product_record.name);
    new.unit_price := coalesce(new.unit_price, product_record.default_price);
    new.tax_applicable := coalesce(new.tax_applicable, product_record.tax_applicable);
  end if;

  new.quantity := coalesce(new.quantity, 1);
  new.unit_price := coalesce(new.unit_price, 0);
  new.tax_applicable := coalesce(new.tax_applicable, true);

  if not public.contact_is_linked_to_org(new.payer_contact_id, new.organization_id) then
    raise exception 'Payer contact does not belong to an active directory of the sale organization';
  end if;

  if new.show_id is not null and not exists (
    select 1 from public.shows s
    where s.id = new.show_id
      and s.organization_id = new.organization_id
  ) then
    raise exception 'Show does not belong to the sale organization';
  end if;

  return new;
end;
$$;


ALTER FUNCTION public.set_manual_sale_defaults() OWNER TO postgres;

--
-- Name: set_organization_health_policy(uuid, date, jsonb); Type: FUNCTION; Schema: public; Owner: postgres
--

CREATE FUNCTION public.set_organization_health_policy(p_organization_id uuid, p_effective_from date, p_policy jsonb) RETURNS public.organization_health_policies
    LANGUAGE plpgsql SECURITY DEFINER
    SET search_path TO 'public'
    AS $$
declare
  target_effective_from date := coalesce(p_effective_from, current_date);
  current_policy public.organization_health_policies%rowtype;
  same_day_policy public.organization_health_policies%rowtype;
  next_effective_from date;
  saved_policy public.organization_health_policies%rowtype;
  actor_profile_id uuid := public.current_profile_id();
begin
  if not (
    public.is_platform_admin()
    or public.is_org_member(p_organization_id, array['admin', 'secretary'])
  ) then
    raise exception 'HSP_HEALTH_POLICY_FORBIDDEN' using errcode = 'insufficient_privilege';
  end if;

  if actor_profile_id is null then
    raise exception 'A user profile is required to configure a health policy'
      using errcode = 'insufficient_privilege';
  end if;

  if jsonb_typeof(coalesce(p_policy, '{}'::jsonb)) <> 'object' then
    raise exception 'Health policy payload must be an object'
      using errcode = 'invalid_parameter_value';
  end if;

  if exists (
    select 1
    from jsonb_object_keys(coalesce(p_policy, '{}'::jsonb)) key
    where key not in (
      'coggins_required', 'coggins_validity_rule', 'coggins_validity_months',
      'influenza_required', 'rhino_required', 'combo_vaccine_accepted',
      'vaccine_validity_months', 'identity_validation_requirement',
      'association_review_required', 'enforcement_mode', 'notes'
    )
  ) then
    raise exception 'Health policy contains an unsupported field'
      using errcode = 'invalid_parameter_value';
  end if;

  perform pg_advisory_xact_lock(hashtextextended(p_organization_id::text, 5));

  select * into current_policy
  from public.organization_health_policies policy
  where policy.organization_id = p_organization_id
    and policy.effective_from <= target_effective_from
    and (policy.effective_until is null or policy.effective_until >= target_effective_from)
  order by policy.effective_from desc
  limit 1
  for update;

  select * into same_day_policy
  from public.organization_health_policies policy
  where policy.organization_id = p_organization_id
    and policy.effective_from = target_effective_from
  for update;

  select min(policy.effective_from) into next_effective_from
  from public.organization_health_policies policy
  where policy.organization_id = p_organization_id
    and policy.effective_from > target_effective_from;

  if same_day_policy.id is not null then
    if target_effective_from < current_date then
      raise exception 'HSP_HEALTH_POLICY_HISTORY_IMMUTABLE'
        using errcode = 'check_violation';
    end if;

    update public.organization_health_policies policy
    set coggins_required = coalesce((p_policy->>'coggins_required')::boolean, policy.coggins_required),
        coggins_validity_rule = coalesce(nullif(p_policy->>'coggins_validity_rule', ''), policy.coggins_validity_rule),
        coggins_validity_months = coalesce((p_policy->>'coggins_validity_months')::smallint, policy.coggins_validity_months),
        influenza_required = coalesce((p_policy->>'influenza_required')::boolean, policy.influenza_required),
        rhino_required = coalesce((p_policy->>'rhino_required')::boolean, policy.rhino_required),
        combo_vaccine_accepted = coalesce((p_policy->>'combo_vaccine_accepted')::boolean, policy.combo_vaccine_accepted),
        vaccine_validity_months = coalesce((p_policy->>'vaccine_validity_months')::smallint, policy.vaccine_validity_months),
        identity_validation_requirement = coalesce(nullif(p_policy->>'identity_validation_requirement', ''), policy.identity_validation_requirement),
        association_review_required = coalesce((p_policy->>'association_review_required')::boolean, policy.association_review_required),
        enforcement_mode = coalesce(nullif(p_policy->>'enforcement_mode', ''), policy.enforcement_mode),
        notes = case when p_policy ? 'notes' then nullif(btrim(p_policy->>'notes'), '') else policy.notes end,
        updated_by_user_id = actor_profile_id
    where policy.id = same_day_policy.id
    returning * into saved_policy;

    return saved_policy;
  end if;

  if current_policy.id is not null and current_policy.effective_from < target_effective_from then
    update public.organization_health_policies
    set effective_until = target_effective_from - 1,
        updated_by_user_id = actor_profile_id
    where id = current_policy.id;
  end if;

  insert into public.organization_health_policies (
    organization_id,
    effective_from,
    effective_until,
    coggins_required,
    coggins_validity_rule,
    coggins_validity_months,
    influenza_required,
    rhino_required,
    combo_vaccine_accepted,
    vaccine_validity_months,
    identity_validation_requirement,
    association_review_required,
    enforcement_mode,
    notes,
    created_by_user_id,
    updated_by_user_id
  ) values (
    p_organization_id,
    target_effective_from,
    case when next_effective_from is null then null else next_effective_from - 1 end,
    coalesce((p_policy->>'coggins_required')::boolean, current_policy.coggins_required, true),
    coalesce(nullif(p_policy->>'coggins_validity_rule', ''), current_policy.coggins_validity_rule, 'rolling_months'),
    coalesce((p_policy->>'coggins_validity_months')::smallint, current_policy.coggins_validity_months, 12),
    coalesce((p_policy->>'influenza_required')::boolean, current_policy.influenza_required, true),
    coalesce((p_policy->>'rhino_required')::boolean, current_policy.rhino_required, true),
    coalesce((p_policy->>'combo_vaccine_accepted')::boolean, current_policy.combo_vaccine_accepted, true),
    coalesce((p_policy->>'vaccine_validity_months')::smallint, current_policy.vaccine_validity_months, 6),
    coalesce(nullif(p_policy->>'identity_validation_requirement', ''), current_policy.identity_validation_requirement, 'identified'),
    coalesce((p_policy->>'association_review_required')::boolean, current_policy.association_review_required, false),
    coalesce(nullif(p_policy->>'enforcement_mode', ''), current_policy.enforcement_mode, 'blocking'),
    case when p_policy ? 'notes' then nullif(btrim(p_policy->>'notes'), '') else current_policy.notes end,
    actor_profile_id,
    actor_profile_id
  )
  returning * into saved_policy;

  return saved_policy;
end;
$$;


ALTER FUNCTION public.set_organization_health_policy(p_organization_id uuid, p_effective_from date, p_policy jsonb) OWNER TO postgres;

--
-- Name: set_organization_plan(uuid, text, timestamp with time zone, text); Type: FUNCTION; Schema: public; Owner: postgres
--

CREATE FUNCTION public.set_organization_plan(target_org_id uuid, target_plan text, target_expires_at timestamp with time zone DEFAULT NULL::timestamp with time zone, target_notes text DEFAULT NULL::text) RETURNS void
    LANGUAGE plpgsql SECURITY DEFINER
    SET search_path TO 'public'
    AS $$
DECLARE
  show_score_enabled boolean;
BEGIN
  -- Only platform_admins may call this
  IF NOT public.is_platform_admin() THEN
    RAISE EXCEPTION 'Access denied: platform admin required';
  END IF;

  IF target_plan NOT IN ('community', 'professional', 'premium') THEN
    RAISE EXCEPTION 'Invalid plan: %', target_plan;
  END IF;

  -- show_score is automatically enabled for professional and premium
  show_score_enabled := target_plan IN ('professional', 'premium');

  UPDATE public.organizations
  SET
    subscription_plan      = target_plan,
    modules_enabled        = jsonb_build_object('show_score', show_score_enabled),
    subscription_expires_at = target_expires_at,
    subscription_notes     = target_notes
  WHERE id = target_org_id;
END;
$$;


ALTER FUNCTION public.set_organization_plan(target_org_id uuid, target_plan text, target_expires_at timestamp with time zone, target_notes text) OWNER TO postgres;

--
-- Name: set_payment_refs(); Type: FUNCTION; Schema: public; Owner: postgres
--

CREATE FUNCTION public.set_payment_refs() RETURNS trigger
    LANGUAGE plpgsql SECURITY DEFINER
    SET search_path TO 'public'
    AS $$
declare
  invoice_org_id uuid;
begin
  select organization_id into invoice_org_id
  from public.invoices
  where id = new.invoice_id;

  if not found then
    raise exception 'Invoice % does not exist', new.invoice_id using errcode = 'foreign_key_violation';
  end if;

  if new.organization_id is not null and new.organization_id is distinct from invoice_org_id then
    raise exception 'Payment organization % does not match invoice organization %', new.organization_id, invoice_org_id
      using errcode = 'check_violation';
  end if;

  new.organization_id := invoice_org_id;
  return new;
end;
$$;


ALTER FUNCTION public.set_payment_refs() OWNER TO postgres;

--
-- Name: set_payout_updated_at(); Type: FUNCTION; Schema: public; Owner: postgres
--

CREATE FUNCTION public.set_payout_updated_at() RETURNS trigger
    LANGUAGE plpgsql
    AS $$
begin
  new.updated_at := now();
  return new;
end;
$$;


ALTER FUNCTION public.set_payout_updated_at() OWNER TO postgres;

--
-- Name: set_scored_runs_updated_at(); Type: FUNCTION; Schema: public; Owner: postgres
--

CREATE FUNCTION public.set_scored_runs_updated_at() RETURNS trigger
    LANGUAGE plpgsql
    AS $$
begin
  new.updated_at := now();
  return new;
end;
$$;


ALTER FUNCTION public.set_scored_runs_updated_at() OWNER TO postgres;

--
-- Name: set_show_day_organization(); Type: FUNCTION; Schema: public; Owner: postgres
--

CREATE FUNCTION public.set_show_day_organization() RETURNS trigger
    LANGUAGE plpgsql SECURITY DEFINER
    SET search_path TO 'public'
    AS $$
declare
  show_org_id uuid;
begin
  select organization_id into show_org_id
  from public.shows
  where id = new.show_id;

  if not found then
    raise exception 'Show % does not exist', new.show_id using errcode = 'foreign_key_violation';
  end if;

  if new.organization_id is not null and new.organization_id is distinct from show_org_id then
    raise exception 'Show day organization % does not match show organization %', new.organization_id, show_org_id
      using errcode = 'check_violation';
  end if;

  new.organization_id := show_org_id;
  return new;
end;
$$;


ALTER FUNCTION public.set_show_day_organization() OWNER TO postgres;

--
-- Name: set_show_role_organization(); Type: FUNCTION; Schema: public; Owner: postgres
--

CREATE FUNCTION public.set_show_role_organization() RETURNS trigger
    LANGUAGE plpgsql SECURITY DEFINER
    SET search_path TO 'public'
    AS $$
declare
  show_org_id uuid;
begin
  select organization_id into show_org_id
  from public.shows
  where id = new.show_id;

  if not found then
    raise exception 'Show % does not exist', new.show_id using errcode = 'foreign_key_violation';
  end if;

  if new.organization_id is not null and new.organization_id is distinct from show_org_id then
    raise exception 'Show role organization % does not match show organization %', new.organization_id, show_org_id
      using errcode = 'check_violation';
  end if;

  new.organization_id := show_org_id;
  return new;
end;
$$;


ALTER FUNCTION public.set_show_role_organization() OWNER TO postgres;

--
-- Name: set_show_score_block_refs(); Type: FUNCTION; Schema: public; Owner: postgres
--

CREATE FUNCTION public.set_show_score_block_refs() RETURNS trigger
    LANGUAGE plpgsql SECURITY DEFINER
    SET search_path TO 'public'
    AS $$
declare
  block_record record;
begin
  select organization_id, show_id into block_record
  from public.blocks
  where id = new.block_id;

  if not found then
    raise exception 'Block % does not exist', new.block_id
      using errcode = 'foreign_key_violation';
  end if;

  new.organization_id := block_record.organization_id;
  new.show_id := block_record.show_id;
  return new;
end;
$$;


ALTER FUNCTION public.set_show_score_block_refs() OWNER TO postgres;

--
-- Name: set_show_score_block_setup_refs(); Type: FUNCTION; Schema: public; Owner: postgres
--

CREATE FUNCTION public.set_show_score_block_setup_refs() RETURNS trigger
    LANGUAGE plpgsql SECURITY DEFINER
    SET search_path TO 'public'
    AS $$
declare
  block_record record;
begin
  select organization_id, show_id, show_day_id, pattern, custom_pattern
  into block_record
  from public.blocks
  where id = new.block_id;

  if not found then
    raise exception 'Block % does not exist', new.block_id
      using errcode = 'foreign_key_violation';
  end if;

  new.organization_id := block_record.organization_id;
  new.show_id := block_record.show_id;
  new.show_day_id := block_record.show_day_id;
  new.pattern := block_record.pattern;
  new.custom_pattern := block_record.custom_pattern;
  return new;
end;
$$;


ALTER FUNCTION public.set_show_score_block_setup_refs() OWNER TO postgres;

--
-- Name: set_show_score_class_refs(); Type: FUNCTION; Schema: public; Owner: postgres
--

CREATE FUNCTION public.set_show_score_class_refs() RETURNS trigger
    LANGUAGE plpgsql SECURITY DEFINER
    SET search_path TO 'public'
    AS $$
declare
  class_record record;
begin
  select c.organization_id, c.show_id
  into class_record
  from public.classes c
  where c.id = new.class_id;

  if not found then
    raise exception 'Class % does not exist', new.class_id using errcode = 'foreign_key_violation';
  end if;

  new.organization_id := class_record.organization_id;
  new.show_id := class_record.show_id;

  return new;
end;
$$;


ALTER FUNCTION public.set_show_score_class_refs() OWNER TO postgres;

--
-- Name: set_show_score_class_setup_refs(); Type: FUNCTION; Schema: public; Owner: postgres
--

CREATE FUNCTION public.set_show_score_class_setup_refs() RETURNS trigger
    LANGUAGE plpgsql SECURITY DEFINER
    SET search_path TO 'public'
    AS $$
declare
  class_record record;
begin
  select c.organization_id, c.show_id, c.show_day_id
  into class_record
  from public.classes c
  where c.id = new.class_id;

  if not found then
    raise exception 'Class % does not exist', new.class_id using errcode = 'foreign_key_violation';
  end if;

  new.organization_id := class_record.organization_id;
  new.show_id := class_record.show_id;
  new.show_day_id := class_record.show_day_id;

  return new;
end;
$$;


ALTER FUNCTION public.set_show_score_class_setup_refs() OWNER TO postgres;

--
-- Name: set_show_score_live_data_source(uuid, text); Type: FUNCTION; Schema: public; Owner: postgres
--

CREATE FUNCTION public.set_show_score_live_data_source(target_class_id uuid, target_source text) RETURNS void
    LANGUAGE plpgsql
    SET search_path TO 'public'
    AS $$
begin
  if target_source not in ('scribe', 'announcer') then
    raise exception 'Invalid ShowScore live data source'
      using errcode = 'invalid_parameter_value';
  end if;

  insert into public.show_score_block_setups (
    block_id,
    live_data_source,
    live_source_changed_at,
    live_source_changed_by
  )
  values (
    target_class_id,
    target_source,
    now(),
    auth.email()
  )
  on conflict (block_id) do update
  set live_data_source = excluded.live_data_source,
      live_source_changed_at = excluded.live_source_changed_at,
      live_source_changed_by = excluded.live_source_changed_by,
      updated_at = now();
end;
$$;


ALTER FUNCTION public.set_show_score_live_data_source(target_class_id uuid, target_source text) OWNER TO postgres;

--
-- Name: set_show_score_live_display_mode(uuid, text); Type: FUNCTION; Schema: public; Owner: postgres
--

CREATE FUNCTION public.set_show_score_live_display_mode(target_class_id uuid, target_mode text) RETURNS void
    LANGUAGE plpgsql
    SET search_path TO 'public'
    AS $$
begin
  if target_mode not in ('full', 'order_only') then
    raise exception 'Invalid ShowScore live display mode'
      using errcode = 'invalid_parameter_value';
  end if;

  insert into public.show_score_block_setups (block_id, live_display_mode)
  values (target_class_id, target_mode)
  on conflict (block_id) do update
  set live_display_mode = excluded.live_display_mode,
      updated_at = now();
end;
$$;


ALTER FUNCTION public.set_show_score_live_display_mode(target_class_id uuid, target_mode text) OWNER TO postgres;

--
-- Name: set_show_score_paid_warmup_refs(); Type: FUNCTION; Schema: public; Owner: postgres
--

CREATE FUNCTION public.set_show_score_paid_warmup_refs() RETURNS trigger
    LANGUAGE plpgsql SECURITY DEFINER
    SET search_path TO 'public'
    AS $$
declare
  block_record record;
begin
  new.block_id := coalesce(new.block_id, new.id);

  select b.block_type
  into block_record
  from public.blocks b
  where b.id = new.block_id;

  if found and block_record.block_type <> 'paid_warmup' then
    raise exception 'Paid warmup block % must have block_type paid_warmup', new.block_id
      using errcode = 'check_violation';
  end if;

  if found and new.block_id = new.id then
    update public.blocks
    set
      organization_id = new.organization_id,
      show_id = new.show_id,
      show_day_id = new.show_day_id,
      name = coalesce(nullif(btrim(new.name), ''), 'Paid warm up'),
      display_label = coalesce(nullif(btrim(new.name), ''), 'Paid warm up'),
      arena = new.arena,
      schedule_start_mode = coalesce(new.schedule_start_mode, 'after_previous'),
      scheduled_time = case
        when coalesce(new.schedule_start_mode, 'after_previous') = 'fixed'
          then nullif(new.schedule_start_time, '')::time
        else null
      end,
      sort_order = coalesce(new.sort_order, 1),
      updated_at = now()
    where id = new.block_id;
  elsif not found then
    insert into public.blocks (
      id,
      organization_id,
      show_id,
      show_day_id,
      name,
      display_label,
      block_type,
      arena,
      schedule_start_mode,
      scheduled_time,
      sort_order,
      schedule_status,
      schedule_is_public,
      results_are_public
    )
    values (
      new.block_id,
      new.organization_id,
      new.show_id,
      new.show_day_id,
      coalesce(nullif(btrim(new.name), ''), 'Paid warm up'),
      coalesce(nullif(btrim(new.name), ''), 'Paid warm up'),
      'paid_warmup',
      new.arena,
      coalesce(new.schedule_start_mode, 'after_previous'),
      case
        when coalesce(new.schedule_start_mode, 'after_previous') = 'fixed'
          then nullif(new.schedule_start_time, '')::time
        else null
      end,
      coalesce(new.sort_order, 1),
      'open',
      true,
      false
    );
  end if;

  select
    b.organization_id,
    b.show_id,
    b.show_day_id,
    b.name,
    b.arena,
    b.schedule_start_mode,
    b.scheduled_time,
    b.sort_order
  into block_record
  from public.blocks b
  where b.id = new.block_id;

  if new.active_entry_id is not null
    and not exists (
      select 1
      from public.entries e
      join public.classes c on c.id = e.class_id
      where e.id::text = new.active_entry_id
        and c.block_id = new.block_id
    )
    and not exists (
      select 1
      from jsonb_array_elements(coalesce(new.entries, '[]'::jsonb)) entry
      where new.active_entry_id in (
        entry ->> 'id',
        'drag-after-' || (entry ->> 'id'),
        'completed:drag-after-' || (entry ->> 'id')
      )
    )
  then
    raise exception 'Active item % does not belong to paid warmup block %', new.active_entry_id, new.block_id
      using errcode = 'check_violation';
  end if;

  new.organization_id := block_record.organization_id;
  new.show_id := block_record.show_id;
  new.show_day_id := block_record.show_day_id;
  new.name := block_record.name;
  new.arena := block_record.arena;
  new.schedule_start_mode := block_record.schedule_start_mode;
  new.schedule_start_time := block_record.scheduled_time::text;
  new.sort_order := block_record.sort_order;
  return new;
end;
$$;


ALTER FUNCTION public.set_show_score_paid_warmup_refs() OWNER TO postgres;

--
-- Name: set_stall_booking_financials(); Type: FUNCTION; Schema: public; Owner: postgres
--

CREATE FUNCTION public.set_stall_booking_financials() RETURNS trigger
    LANGUAGE plpgsql SECURITY DEFINER
    SET search_path TO 'public'
    AS $$
declare
  option_price numeric(10, 2);
begin
  select price into option_price
  from public.stall_options
  where id = new.stall_option_id;

  if not found then
    return new;
  end if;

  new.quantity := coalesce(new.quantity, 1);

  if new.quantity <= 0 then
    raise exception 'Stall booking quantity must be greater than zero'
      using errcode = 'check_violation';
  end if;

  new.unit_price := coalesce(new.unit_price, option_price);
  new.total_price := case
    when new.status = 'cancelled' then 0
    else round((new.unit_price * new.quantity)::numeric, 2)
  end;

  return new;
end;
$$;


ALTER FUNCTION public.set_stall_booking_financials() OWNER TO postgres;

--
-- Name: set_stall_booking_refs(); Type: FUNCTION; Schema: public; Owner: postgres
--

CREATE FUNCTION public.set_stall_booking_refs() RETURNS trigger
    LANGUAGE plpgsql SECURITY DEFINER
    SET search_path TO 'public'
    AS $$
declare
  show_org_id uuid;
  option_record record;
  start_day record;
  end_day record;
begin
  select organization_id into show_org_id
  from public.shows
  where id = new.show_id;

  if not found then
    raise exception 'Show % does not exist', new.show_id using errcode = 'foreign_key_violation';
  end if;

  select organization_id, show_id into option_record
  from public.stall_options
  where id = new.stall_option_id;

  if not found then
    raise exception 'Stall option % does not exist', new.stall_option_id using errcode = 'foreign_key_violation';
  end if;

  if option_record.show_id is distinct from new.show_id or option_record.organization_id is distinct from show_org_id then
    raise exception 'Stall option % does not belong to booking show %', new.stall_option_id, new.show_id
      using errcode = 'check_violation';
  end if;

  if new.horse_id is not null then
    if not exists (select 1 from public.horses where id = new.horse_id) then
      raise exception 'Horse % does not exist', new.horse_id using errcode = 'foreign_key_violation';
    end if;

    if not public.horse_is_linked_to_org(new.horse_id, show_org_id) then
      raise exception 'Booking horse % is not linked to show organization %', new.horse_id, show_org_id
        using errcode = 'check_violation';
    end if;
  end if;

  if not exists (select 1 from public.contacts where id = new.booker_contact_id) then
    raise exception 'Booker contact % does not exist', new.booker_contact_id using errcode = 'foreign_key_violation';
  end if;

  if not exists (select 1 from public.contacts where id = new.payer_contact_id) then
    raise exception 'Payer contact % does not exist', new.payer_contact_id using errcode = 'foreign_key_violation';
  end if;

  if not public.contact_is_linked_to_org(new.booker_contact_id, show_org_id)
    or not public.contact_is_linked_to_org(new.payer_contact_id, show_org_id)
  then
    raise exception 'Booking contacts must be linked to the same organization as the show'
      using errcode = 'check_violation';
  end if;

  select organization_id, show_id into start_day from public.show_days where id = new.show_day_start_id;
  if not found then
    raise exception 'Start show day % does not exist', new.show_day_start_id using errcode = 'foreign_key_violation';
  end if;

  select organization_id, show_id into end_day from public.show_days where id = new.show_day_end_id;
  if not found then
    raise exception 'End show day % does not exist', new.show_day_end_id using errcode = 'foreign_key_violation';
  end if;

  if start_day.show_id is distinct from new.show_id
    or end_day.show_id is distinct from new.show_id
    or start_day.organization_id is distinct from show_org_id
    or end_day.organization_id is distinct from show_org_id
  then
    raise exception 'Booking show days must belong to the booking show'
      using errcode = 'check_violation';
  end if;

  if new.organization_id is not null and new.organization_id is distinct from show_org_id then
    raise exception 'Booking organization % does not match show organization %', new.organization_id, show_org_id
      using errcode = 'check_violation';
  end if;

  new.organization_id := show_org_id;
  return new;
end;
$$;


ALTER FUNCTION public.set_stall_booking_refs() OWNER TO postgres;

--
-- Name: set_stall_option_refs(); Type: FUNCTION; Schema: public; Owner: postgres
--

CREATE FUNCTION public.set_stall_option_refs() RETURNS trigger
    LANGUAGE plpgsql SECURITY DEFINER
    SET search_path TO 'public'
    AS $$
declare
  show_org_id uuid;
  start_day record;
  end_day record;
begin
  select organization_id into show_org_id
  from public.shows
  where id = new.show_id;

  if not found then
    raise exception 'Show % does not exist', new.show_id using errcode = 'foreign_key_violation';
  end if;

  if new.show_day_start_id is not null then
    select organization_id, show_id into start_day from public.show_days where id = new.show_day_start_id;
    if not found then
      raise exception 'Start show day % does not exist', new.show_day_start_id using errcode = 'foreign_key_violation';
    end if;
    if start_day.show_id is distinct from new.show_id or start_day.organization_id is distinct from show_org_id then
      raise exception 'Start show day % does not belong to stall option show %', new.show_day_start_id, new.show_id
        using errcode = 'check_violation';
    end if;
  end if;

  if new.show_day_end_id is not null then
    select organization_id, show_id into end_day from public.show_days where id = new.show_day_end_id;
    if not found then
      raise exception 'End show day % does not exist', new.show_day_end_id using errcode = 'foreign_key_violation';
    end if;
    if end_day.show_id is distinct from new.show_id or end_day.organization_id is distinct from show_org_id then
      raise exception 'End show day % does not belong to stall option show %', new.show_day_end_id, new.show_id
        using errcode = 'check_violation';
    end if;
  end if;

  if new.organization_id is not null and new.organization_id is distinct from show_org_id then
    raise exception 'Stall option organization % does not match show organization %', new.organization_id, show_org_id
      using errcode = 'check_violation';
  end if;

  new.organization_id := show_org_id;
  return new;
end;
$$;


ALTER FUNCTION public.set_stall_option_refs() OWNER TO postgres;

--
-- Name: showscore_broadcast_public_change(); Type: FUNCTION; Schema: public; Owner: postgres
--

CREATE FUNCTION public.showscore_broadcast_public_change() RETURNS trigger
    LANGUAGE plpgsql SECURITY DEFINER
    SET search_path TO ''
    AS $$
declare
  new_row jsonb := case when tg_op = 'DELETE' then null else to_jsonb(new) end;
  old_row jsonb := case when tg_op = 'INSERT' then null else to_jsonb(old) end;
  source_row jsonb := coalesce(new_row, old_row);
  target_show_id uuid;
  target_block_id uuid;
  target_row_key text;
  event_sequence bigint;
  event_identifier text;
  should_broadcast boolean := false;
  force_invalidation boolean := false;
  projected_new jsonb;
  projected_old jsonb;
  outgoing_table text;
  outgoing_event_type text;
  event_payload jsonb;
begin
  case tg_table_name
    when 'shows' then
      target_show_id := (source_row ->> 'id')::uuid;
      target_row_key := target_show_id::text;
      should_broadcast := true;
      force_invalidation := true;
    when 'blocks' then
      target_show_id := (source_row ->> 'show_id')::uuid;
      target_block_id := (source_row ->> 'id')::uuid;
      target_row_key := target_block_id::text;
      should_broadcast := true;
      force_invalidation := true;
    when 'show_score_paid_warmups' then
      target_show_id := (source_row ->> 'show_id')::uuid;
      target_block_id := nullif(source_row ->> 'block_id', '')::uuid;
      target_row_key := source_row ->> 'id';
      force_invalidation := coalesce(
        (old_row ->> 'is_public_live')::boolean,
        false
      ) is distinct from coalesce(
        (new_row ->> 'is_public_live')::boolean,
        false
      );
      should_broadcast := force_invalidation or (
        public.showscore_public_show_exists(target_show_id)
        and coalesce((new_row ->> 'is_public_live')::boolean, false)
      );
    when 'show_score_announcer_live_sessions' then
      target_block_id := (source_row ->> 'class_id')::uuid;
      select target_block.show_id
      into target_show_id
      from public.blocks target_block
      where target_block.id = target_block_id;
      target_row_key := target_block_id::text;
      should_broadcast := public.showscore_public_class_exists(target_block_id);
    else
      target_show_id := nullif(source_row ->> 'show_id', '')::uuid;
      target_block_id := nullif(source_row ->> 'block_id', '')::uuid;
      if target_show_id is null and target_block_id is not null then
        select target_block.show_id
        into target_show_id
        from public.blocks target_block
        where target_block.id = target_block_id;
      end if;
      target_row_key := case
        when tg_table_name = 'show_score_judge_sessions'
          then concat(target_block_id::text, ':', source_row ->> 'judge_id')
        else target_block_id::text
      end;

      case tg_table_name
        when 'show_score_scoring_sessions', 'show_score_judge_sessions' then
          should_broadcast := public.showscore_public_live_class_exists(target_block_id);
        when 'show_score_block_setups', 'show_score_announcer_live_sessions' then
          should_broadcast := public.showscore_public_class_exists(target_block_id);
        when 'show_score_publication_states' then
          force_invalidation := (
            coalesce(old_row ->> 'status', '') in (
              'live', 'live_no_score', 'live_scoring', 'live_finished', 'official', 'published'
            )
          ) is distinct from (
            coalesce(new_row ->> 'status', '') in (
              'live', 'live_no_score', 'live_scoring', 'live_finished', 'official', 'published'
            )
          );
          should_broadcast := force_invalidation or (
            public.showscore_public_class_exists(target_block_id)
            and (
              coalesce(new_row ->> 'status', '') in (
                'live', 'live_no_score', 'live_scoring', 'live_finished', 'official', 'published'
              )
              or coalesce(old_row ->> 'status', '') in (
                'live', 'live_no_score', 'live_scoring', 'live_finished', 'official', 'published'
              )
            )
          );
        when 'show_score_official_results' then
          should_broadcast := public.showscore_public_class_exists(target_block_id)
            and (
              coalesce((new_row ->> 'finalized')::boolean, false)
              or coalesce((old_row ->> 'finalized')::boolean, false)
            )
            and exists (
              select 1
              from public.show_score_publication_states publication
              where publication.block_id = target_block_id
                and publication.status in ('official', 'published')
            );
        else
          should_broadcast := false;
      end case;
  end case;

  if not should_broadcast or target_show_id is null then
    return case when tg_op = 'DELETE' then old else new end;
  end if;

  event_sequence := nextval('public.showscore_public_broadcast_seq'::regclass);
  event_identifier := concat(tg_table_name, ':', target_row_key, ':', event_sequence);

  if force_invalidation then
    projected_new := null;
    projected_old := null;
  else
    -- Public clients only need the current row for INSERT/UPDATE and the last
    -- row for DELETE. Avoid sending pre-update drafts and duplicating large
    -- run arrays on every score mutation.
    projected_new := case
      when tg_op = 'DELETE' then null
      else public.showscore_public_broadcast_project_row(tg_table_name, new_row)
    end;
    projected_old := case
      when tg_op = 'DELETE'
        then public.showscore_public_broadcast_project_row(tg_table_name, old_row)
      else null
    end;
  end if;

  outgoing_table := case
    when force_invalidation then 'public_show_snapshot'
    else tg_table_name
  end;
  outgoing_event_type := case
    when force_invalidation then 'INVALIDATE'
    else tg_op
  end;

  event_payload := jsonb_build_object(
    'version', 1,
    'event_id', event_identifier,
    'event_seq', event_sequence,
    'row_key', target_row_key,
    'schema', tg_table_schema,
    'table', outgoing_table,
    'eventType', outgoing_event_type,
    'show_id', target_show_id,
    'block_id', target_block_id,
    'new', projected_new,
    'old', projected_old
  );

  -- Realtime projects currently accept messages up to roughly 1 MB. Keep a
  -- conservative margin. An oversized 167-run snapshot becomes one explicit
  -- REST invalidation instead of failing the source write or dropping updates.
  if octet_length(event_payload::text) > 524288 then
    event_payload := jsonb_build_object(
      'version', 1,
      'event_id', event_identifier,
      'event_seq', event_sequence,
      'row_key', target_row_key,
      'schema', tg_table_schema,
      'table', 'public_show_snapshot',
      'eventType', 'INVALIDATE',
      'show_id', target_show_id,
      'block_id', target_block_id,
      'reason', 'payload_too_large',
      'new', null,
      'old', null
    );
  end if;

  perform realtime.send(
    event_payload,
    'change',
    concat('showscore-public:', target_show_id::text),
    true
  );

  return case when tg_op = 'DELETE' then old else new end;
end;
$$;


ALTER FUNCTION public.showscore_broadcast_public_change() OWNER TO postgres;

--
-- Name: showscore_can_receive_public_broadcast(text); Type: FUNCTION; Schema: public; Owner: postgres
--

CREATE FUNCTION public.showscore_can_receive_public_broadcast(target_topic text) RETURNS boolean
    LANGUAGE plpgsql STABLE SECURITY DEFINER
    SET search_path TO ''
    AS $_$
declare
  target_show_id uuid;
begin
  if coalesce(target_topic, '') !~* '^showscore-public:[0-9a-f]{8}-[0-9a-f]{4}-[0-9a-f]{4}-[0-9a-f]{4}-[0-9a-f]{12}$' then
    return false;
  end if;

  target_show_id := split_part(target_topic, ':', 2)::uuid;
  return public.showscore_public_show_exists(target_show_id);
exception
  when invalid_text_representation then
    return false;
end;
$_$;


ALTER FUNCTION public.showscore_can_receive_public_broadcast(target_topic text) OWNER TO postgres;

--
-- Name: showscore_current_user_can_manage_organization(text); Type: FUNCTION; Schema: public; Owner: postgres
--

CREATE FUNCTION public.showscore_current_user_can_manage_organization(target_organization_id text) RETURNS boolean
    LANGUAGE sql STABLE SECURITY DEFINER
    SET search_path TO 'public'
    AS $$
  select
    auth.uid() is not null
    and (
      public.is_platform_admin()
      or public.is_org_member(
        target_organization_id::uuid,
        array['admin', 'secretary']
      )
    );
$$;


ALTER FUNCTION public.showscore_current_user_can_manage_organization(target_organization_id text) OWNER TO postgres;

--
-- Name: showscore_public_broadcast_project_row(text, jsonb); Type: FUNCTION; Schema: public; Owner: postgres
--

CREATE FUNCTION public.showscore_public_broadcast_project_row(target_table text, source_row jsonb) RETURNS jsonb
    LANGUAGE plpgsql IMMUTABLE SECURITY DEFINER
    SET search_path TO ''
    AS $$
begin
  if source_row is null then
    return null;
  end if;

  case target_table
    when 'shows' then
      return jsonb_build_object(
        'id', source_row -> 'id',
        'organization_id', source_row -> 'organization_id',
        'name', source_row -> 'name',
        'venue', source_row -> 'venue',
        'location', source_row -> 'location',
        'start_date', source_row -> 'start_date',
        'end_date', source_row -> 'end_date',
        'status', source_row -> 'status',
        'is_public', source_row -> 'is_public',
        'show_schedule_public', source_row -> 'show_schedule_public',
        'show_draw_public', source_row -> 'show_draw_public',
        'show_results_public', source_row -> 'show_results_public',
        'livestream_url', source_row -> 'livestream_url',
        'livestream_urls_by_date', source_row -> 'livestream_urls_by_date',
        'is_livestream_public', source_row -> 'is_livestream_public',
        'tv_display_paused', source_row -> 'tv_display_paused',
        'obs_overlay_mode', source_row -> 'obs_overlay_mode',
        'tv_display_message_fr', source_row -> 'tv_display_message_fr',
        'tv_display_message_en', source_row -> 'tv_display_message_en',
        'tv_display_video_path', source_row -> 'tv_display_video_path',
        'tv_display_video_name', source_row -> 'tv_display_video_name',
        'tv_display_video_size', source_row -> 'tv_display_video_size',
        'tv_display_video_arena', source_row -> 'tv_display_video_arena',
        'updated_at', source_row -> 'updated_at'
      );
    when 'show_score_paid_warmups' then
      return jsonb_build_object(
        'id', source_row -> 'id',
        'organization_id', source_row -> 'organization_id',
        'show_id', source_row -> 'show_id',
        'show_day_id', source_row -> 'show_day_id',
        'name', source_row -> 'name',
        'arena', source_row -> 'arena',
        'duration_minutes_per_rider', source_row -> 'duration_minutes_per_rider',
        'drag_interval', source_row -> 'drag_interval',
        'drag_duration_minutes', source_row -> 'drag_duration_minutes',
        'schedule_start_mode', source_row -> 'schedule_start_mode',
        'schedule_start_time', source_row -> 'schedule_start_time',
        'is_public_live', source_row -> 'is_public_live',
        'active_entry_id', source_row -> 'active_entry_id',
        'active_started_at', source_row -> 'active_started_at',
        'entries', source_row -> 'entries',
        'sort_order', source_row -> 'sort_order',
        'updated_at', source_row -> 'updated_at'
      );
    when 'show_score_scoring_sessions' then
      return jsonb_build_object(
        'block_id', source_row -> 'block_id',
        'runs', source_row -> 'runs',
        'active_manoeuvre', source_row -> 'active_manoeuvre',
        'updated_at', source_row -> 'updated_at'
      );
    when 'show_score_judge_sessions' then
      return jsonb_build_object(
        'block_id', source_row -> 'block_id',
        'judge_id', source_row -> 'judge_id',
        'judge_name', source_row -> 'judge_name',
        'runs', source_row -> 'runs',
        'active_manoeuvre', source_row -> 'active_manoeuvre',
        'finalized', source_row -> 'finalized',
        'finalized_at', source_row -> 'finalized_at',
        'judge_signed_at', source_row -> 'judge_signed_at',
        'updated_at', source_row -> 'updated_at'
      );
    when 'show_score_block_setups' then
      return jsonb_build_object(
        'block_id', source_row -> 'block_id',
        'pattern', source_row -> 'pattern',
        'custom_pattern', source_row -> 'custom_pattern',
        'runs', source_row -> 'runs',
        'schedule_details', source_row -> 'schedule_details',
        'judges', source_row -> 'judges',
        'block_classes', source_row -> 'block_classes',
        'drag_interval', source_row -> 'drag_interval',
        'drag_duration_minutes', source_row -> 'drag_duration_minutes',
        'live_data_source', source_row -> 'live_data_source',
        'live_display_mode', source_row -> 'live_display_mode',
        'qualified_rider_count', source_row -> 'qualified_rider_count',
        'updated_at', source_row -> 'updated_at'
      );
    when 'show_score_publication_states' then
      return jsonb_build_object(
        'block_id', source_row -> 'block_id',
        'status', source_row -> 'status',
        'published_at', source_row -> 'published_at',
        'published_by', source_row -> 'published_by',
        'public_url', source_row -> 'public_url',
        'updated_at', source_row -> 'updated_at'
      );
    when 'show_score_official_results' then
      return jsonb_build_object(
        'block_id', source_row -> 'block_id',
        'judge_name', source_row -> 'judge_name',
        'finalized', source_row -> 'finalized',
        'finalized_at', source_row -> 'finalized_at',
        'judge_signed_at', source_row -> 'judge_signed_at',
        'secretariat_validated_at', source_row -> 'secretariat_validated_at',
        'custom_pattern', source_row -> 'custom_pattern',
        'official_runs', source_row -> 'official_runs',
        'updated_at', source_row -> 'updated_at'
      );
    when 'show_score_announcer_live_sessions' then
      return jsonb_build_object(
        'class_id', source_row -> 'class_id',
        'runs', source_row -> 'runs',
        'active_manoeuvre', source_row -> 'active_manoeuvre',
        'started_at', source_row -> 'started_at',
        'completed_at', source_row -> 'completed_at',
        'completed_by', source_row -> 'completed_by',
        'revision', source_row -> 'revision',
        'updated_at', source_row -> 'updated_at'
      );
    else
      return null;
  end case;
end;
$$;


ALTER FUNCTION public.showscore_public_broadcast_project_row(target_table text, source_row jsonb) OWNER TO postgres;

--
-- Name: showscore_public_class_exists(uuid); Type: FUNCTION; Schema: public; Owner: postgres
--

CREATE FUNCTION public.showscore_public_class_exists(target_class_id uuid) RETURNS boolean
    LANGUAGE sql STABLE SECURITY DEFINER
    SET search_path TO 'public'
    AS $$
  select exists (
    select 1
    from public.blocks target_block
    where target_block.id = target_class_id
      and target_block.schedule_is_public = true
      and public.showscore_public_show_exists(target_block.show_id)
  );
$$;


ALTER FUNCTION public.showscore_public_class_exists(target_class_id uuid) OWNER TO postgres;

--
-- Name: showscore_public_live_class_exists(uuid); Type: FUNCTION; Schema: public; Owner: postgres
--

CREATE FUNCTION public.showscore_public_live_class_exists(target_class_id uuid) RETURNS boolean
    LANGUAGE sql STABLE SECURITY DEFINER
    SET search_path TO 'public'
    AS $$
  select exists (
    select 1
    from public.blocks target_block
    join public.show_score_publication_states publication
      on publication.block_id = target_block.id
    where target_block.id = target_class_id
      and target_block.schedule_is_public = true
      and public.showscore_public_show_exists(target_block.show_id)
      and publication.status in ('live', 'live_no_score', 'live_scoring', 'live_finished')
  );
$$;


ALTER FUNCTION public.showscore_public_live_class_exists(target_class_id uuid) OWNER TO postgres;

--
-- Name: showscore_public_show_exists(uuid); Type: FUNCTION; Schema: public; Owner: postgres
--

CREATE FUNCTION public.showscore_public_show_exists(target_show_id uuid) RETURNS boolean
    LANGUAGE sql STABLE SECURITY DEFINER
    SET search_path TO 'public'
    AS $$
  select exists (
    select 1
    from public.shows target_show
    where target_show.id = target_show_id
      and target_show.status = 'open'
      and (
        target_show.is_public = true
        or target_show.show_schedule_public = true
        or target_show.show_draw_public = true
        or target_show.show_results_public = true
        or target_show.is_livestream_public = true
        or exists (
          select 1
          from public.show_score_paid_warmups warmup
          where warmup.show_id = target_show.id
            and warmup.is_public_live = true
        )
        or exists (
          select 1
          from public.blocks public_block
          join public.show_score_publication_states publication
            on publication.block_id = public_block.id
          where public_block.show_id = target_show.id
            and public_block.schedule_is_public = true
            and publication.status in ('live', 'live_no_score', 'live_scoring', 'live_finished', 'official', 'published')
        )
        or exists (
          select 1
          from public.blocks result_block
          join public.block_result_publications result_publication
            on result_publication.block_id = result_block.id
          where result_block.show_id = target_show.id
            and result_block.results_are_public = true
            and result_publication.status = 'published'
        )
      )
  );
$$;


ALTER FUNCTION public.showscore_public_show_exists(target_show_id uuid) OWNER TO postgres;

--
-- Name: showscore_scanned_scoresheet_is_public(uuid); Type: FUNCTION; Schema: public; Owner: postgres
--

CREATE FUNCTION public.showscore_scanned_scoresheet_is_public(target_class_id uuid) RETURNS boolean
    LANGUAGE sql STABLE SECURITY DEFINER
    SET search_path TO 'public'
    AS $$
  select exists (
    select 1
    from public.blocks target_block
    join public.shows target_show
      on target_show.id = target_block.show_id
    join public.block_result_publications result_publication
      on result_publication.block_id = target_block.id
    where target_block.id = target_class_id
      and target_block.results_are_public = true
      and target_show.status = 'open'
      and target_show.show_results_public = true
      and result_publication.status = 'published'
      and result_publication.result_groups <> '[]'::jsonb
  );
$$;


ALTER FUNCTION public.showscore_scanned_scoresheet_is_public(target_class_id uuid) OWNER TO postgres;

--
-- Name: showscore_set_updated_at(); Type: FUNCTION; Schema: public; Owner: postgres
--

CREATE FUNCTION public.showscore_set_updated_at() RETURNS trigger
    LANGUAGE plpgsql
    SET search_path TO 'public'
    AS $$
begin
  new.updated_at := now();
  return new;
end;
$$;


ALTER FUNCTION public.showscore_set_updated_at() OWNER TO postgres;

--
-- Name: showscore_update_organization_profile(uuid, text, text, text, text, text, jsonb, boolean); Type: FUNCTION; Schema: public; Owner: postgres
--

CREATE FUNCTION public.showscore_update_organization_profile(target_organization_id uuid, target_name text, target_short_name text, target_timezone text, target_logo_url text, target_website_url text, target_sponsor_logos jsonb, target_is_test_mode boolean) RETURNS jsonb
    LANGUAGE plpgsql SECURITY DEFINER
    SET search_path TO 'public'
    AS $$
declare
  updated_organization public.organizations;
begin
  if auth.uid() is null then
    raise exception 'Authentication required'
      using errcode = '42501';
  end if;

  if not (
    public.is_platform_admin()
    or public.is_org_member(target_organization_id, array['admin']::text[])
  ) then
    raise exception 'Only platform or organization admins can update this organization'
      using errcode = '42501';
  end if;

  update public.organizations
  set
    name = coalesce(target_name, ''),
    short_name = coalesce(target_short_name, ''),
    timezone = coalesce(target_timezone, ''),
    logo_url = target_logo_url,
    website_url = target_website_url,
    sponsor_logos = coalesce(
      target_sponsor_logos,
      '{"version":2,"groups":[]}'::jsonb
    ),
    is_test_mode = coalesce(target_is_test_mode, false)
  where id = target_organization_id
  returning * into updated_organization;

  if updated_organization.id is null then
    raise exception 'Organization not found'
      using errcode = 'P0002';
  end if;

  return to_jsonb(updated_organization);
end;
$$;


ALTER FUNCTION public.showscore_update_organization_profile(target_organization_id uuid, target_name text, target_short_name text, target_timezone text, target_logo_url text, target_website_url text, target_sponsor_logos jsonb, target_is_test_mode boolean) OWNER TO postgres;

--
-- Name: FUNCTION showscore_update_organization_profile(target_organization_id uuid, target_name text, target_short_name text, target_timezone text, target_logo_url text, target_website_url text, target_sponsor_logos jsonb, target_is_test_mode boolean); Type: COMMENT; Schema: public; Owner: postgres
--

COMMENT ON FUNCTION public.showscore_update_organization_profile(target_organization_id uuid, target_name text, target_short_name text, target_timezone text, target_logo_url text, target_website_url text, target_sponsor_logos jsonb, target_is_test_mode boolean) IS 'Updates the ShowScore-managed public organization profile after an explicit platform-admin or organization-admin check.';


--
-- Name: stall_booking_invoice_description(uuid); Type: FUNCTION; Schema: public; Owner: postgres
--

CREATE FUNCTION public.stall_booking_invoice_description(target_booking_id uuid) RETURNS character varying
    LANGUAGE sql STABLE
    SET search_path TO 'public'
    AS $$
  select left(
    case when sb.status = 'cancelled' then 'Cancelled - ' else '' end
      || coalesce(
        nullif(trim(sb.notes), ''),
        coalesce(so.name, 'Stall booking')
          || case when h.name is not null then ' / ' || h.name else '' end
      ),
    255
  )::varchar
  from public.stall_bookings sb
  join public.stall_options so on so.id = sb.stall_option_id
  left join public.horses h on h.id = sb.horse_id
  where sb.id = target_booking_id
$$;


ALTER FUNCTION public.stall_booking_invoice_description(target_booking_id uuid) OWNER TO postgres;

--
-- Name: stall_booking_invoice_item_type(text); Type: FUNCTION; Schema: public; Owner: postgres
--

CREATE FUNCTION public.stall_booking_invoice_item_type(target_category text) RETURNS text
    LANGUAGE sql IMMUTABLE
    AS $$
  select case
    when target_category = 'stall' then 'stall'
    else 'extra'
  end
$$;


ALTER FUNCTION public.stall_booking_invoice_item_type(target_category text) OWNER TO postgres;

--
-- Name: stall_booking_reserved_quantity(text, smallint); Type: FUNCTION; Schema: public; Owner: postgres
--

CREATE FUNCTION public.stall_booking_reserved_quantity(target_status text, target_quantity smallint) RETURNS integer
    LANGUAGE sql IMMUTABLE
    AS $$
  select case
    when target_status = 'cancelled' then 0
    else coalesce(target_quantity, 1)::integer
  end
$$;


ALTER FUNCTION public.stall_booking_reserved_quantity(target_status text, target_quantity smallint) OWNER TO postgres;

--
-- Name: stall_booking_reserved_quantity(text, smallint, boolean); Type: FUNCTION; Schema: public; Owner: postgres
--

CREATE FUNCTION public.stall_booking_reserved_quantity(target_status text, target_quantity smallint, target_affects_inventory boolean) RETURNS integer
    LANGUAGE sql IMMUTABLE
    AS $$
  select case
    when target_status = 'cancelled' or not coalesce(target_affects_inventory, true) then 0
    else coalesce(target_quantity, 1)::integer
  end
$$;


ALTER FUNCTION public.stall_booking_reserved_quantity(target_status text, target_quantity smallint, target_affects_inventory boolean) OWNER TO postgres;

--
-- Name: sync_contact_organization_membership_invoice(); Type: FUNCTION; Schema: public; Owner: postgres
--

CREATE FUNCTION public.sync_contact_organization_membership_invoice() RETURNS trigger
    LANGUAGE plpgsql SECURITY DEFINER
    SET search_path TO 'public'
    AS $$
declare
  membership_record record;
  target_invoice_id uuid;
  previous_invoice_id uuid;
  existing_line record;
  generated_invoice_number varchar(50);
  line_total numeric(12, 2);
  line_tax numeric(12, 2);
  line_description varchar(255);
begin
  if tg_op = 'DELETE' then
    select id, invoice_id into existing_line
    from public.invoice_line_items
    where item_id = old.id
      and item_type = 'membership'
    order by created_at desc
    limit 1;

    if existing_line.id is not null then
      previous_invoice_id := existing_line.invoice_id;

      delete from public.invoice_line_items
      where id = existing_line.id;

      perform public.recalculate_invoice_totals(previous_invoice_id);
    end if;

    return old;
  end if;

  select
    membership_type.name,
    membership_type.code,
    membership_type.season_year,
    membership_type.price,
    membership_type.tax_applicable,
    coalesce(show_record.tax_rate, organization.tax_rate, 0) as tax_rate,
    trim(coalesce(contact.first_name, '') || ' ' || coalesce(contact.last_name, '')) as contact_name
  into membership_record
  from public.organization_membership_types membership_type
  join public.organizations organization on organization.id = membership_type.organization_id
  left join public.shows show_record on show_record.id = new.show_id
  left join public.contacts contact on contact.id = new.contact_id
  where membership_type.id = new.membership_type_id;

  if not found then
    return new;
  end if;

  select id, invoice_id into existing_line
  from public.invoice_line_items
  where item_id = new.id
    and item_type = 'membership'
  order by created_at desc
  limit 1;

  if new.status = 'cancelled'
    or new.payer_contact_id is null
    or new.sold_by_user_id is null then
    if existing_line.id is not null then
      previous_invoice_id := existing_line.invoice_id;

      delete from public.invoice_line_items
      where id = existing_line.id;

      perform public.recalculate_invoice_totals(previous_invoice_id);
    end if;

    if new.invoice_id is not null then
      update public.contact_organization_memberships
      set invoice_id = null
      where id = new.id;
    end if;

    return new;
  end if;

  select id into target_invoice_id
  from public.invoices
  where organization_id = new.organization_id
    and show_id is not distinct from new.show_id
    and payer_contact_id = new.payer_contact_id
    and status = 'draft'
  order by created_at desc
  limit 1;

  if target_invoice_id is null then
    generated_invoice_number := public.next_invoice_number(new.organization_id, new.show_id);

    insert into public.invoices (
      organization_id,
      show_id,
      invoice_number,
      payer_contact_id,
      created_by_user_id,
      status,
      subtotal,
      tax_amount,
      total_amount,
      total_paid
    )
    values (
      new.organization_id,
      new.show_id,
      generated_invoice_number,
      new.payer_contact_id,
      new.sold_by_user_id,
      'draft',
      0,
      0,
      0,
      0
    )
    returning id into target_invoice_id;
  end if;

  line_total := round(coalesce(membership_record.price, 0), 2);
  line_tax := case
    when coalesce(membership_record.tax_applicable, true)
      then round(line_total * coalesce(membership_record.tax_rate, 0) / 100, 2)
    else 0
  end;
  line_description := left(
    coalesce(membership_record.name, 'Membership')
      || ' ' || membership_record.season_year::text
      || case when membership_record.contact_name <> '' then ' / ' || membership_record.contact_name else '' end,
    255
  );

  if existing_line.id is null then
    insert into public.invoice_line_items (
      organization_id,
      invoice_id,
      item_type,
      item_id,
      description,
      quantity,
      unit_price,
      total_price,
      tax_applicable,
      tax_amount
    )
    values (
      new.organization_id,
      target_invoice_id,
      'membership',
      new.id,
      line_description,
      1,
      line_total,
      line_total,
      coalesce(membership_record.tax_applicable, true),
      line_tax
    );
  else
    previous_invoice_id := existing_line.invoice_id;

    update public.invoice_line_items
    set
      organization_id = new.organization_id,
      invoice_id = target_invoice_id,
      description = line_description,
      quantity = 1,
      unit_price = line_total,
      total_price = line_total,
      tax_applicable = coalesce(membership_record.tax_applicable, true),
      tax_amount = line_tax
    where id = existing_line.id;
  end if;

  perform public.recalculate_invoice_totals(target_invoice_id);

  if previous_invoice_id is not null and previous_invoice_id is distinct from target_invoice_id then
    perform public.recalculate_invoice_totals(previous_invoice_id);
  end if;

  if new.invoice_id is distinct from target_invoice_id then
    update public.contact_organization_memberships
    set invoice_id = target_invoice_id
    where id = new.id;
  end if;

  return new;
end;
$$;


ALTER FUNCTION public.sync_contact_organization_membership_invoice() OWNER TO postgres;

--
-- Name: sync_entry_invoice(); Type: FUNCTION; Schema: public; Owner: postgres
--

CREATE FUNCTION public.sync_entry_invoice() RETURNS trigger
    LANGUAGE plpgsql SECURITY DEFINER
    SET search_path TO 'public'
    AS $$
declare
  entry_record record;
  target_invoice_id uuid;
  previous_invoice_id uuid;
  existing_line record;
  existing_late_line record;
  line_quantity numeric(10, 2);
  line_unit_price numeric(12, 2);
  line_total numeric(12, 2);
  line_tax numeric(12, 2);
  late_line_total numeric(12, 2);
  late_line_tax numeric(12, 2);
  line_description varchar(255);
  late_line_description varchar(255);
  generated_invoice_number varchar(50);
begin
  if tg_op = 'DELETE' then
    select invoice_id into previous_invoice_id
    from public.invoice_line_items
    where item_id = old.id
      and item_type in ('entry', 'judge_fee', 'fee')
    order by created_at desc
    limit 1;

    if previous_invoice_id is not null then
      delete from public.invoice_line_items
      where item_id = old.id
        and item_type in ('entry', 'fee');

      perform public.recalculate_entry_judge_fees(previous_invoice_id);
      perform public.recalculate_invoice_totals(previous_invoice_id);
    end if;

    return old;
  end if;

  select id, invoice_id into existing_line
  from public.invoice_line_items
  where item_id = new.id and item_type = 'entry'
  order by created_at desc
  limit 1;

  select id, invoice_id into existing_late_line
  from public.invoice_line_items
  where item_id = new.id
    and item_type = 'fee'
    and description ilike 'Late entry fee%'
  order by created_at desc
  limit 1;

  if new.status <> 'draft' and existing_line.id is null then
    return new;
  end if;

  select
    horse.name as horse_name,
    block.name as block_name,
    class_record.name as class_name,
    coalesce(new.base_fee, class_record.entry_fee, 0) as entry_fee,
    coalesce(show_record.tax_rate, organization.tax_rate, 0) as tax_rate
  into entry_record
  from public.classes class_record
  join public.blocks block on block.id = class_record.block_id
  join public.horses horse on horse.id = new.horse_id
  join public.shows show_record on show_record.id = new.show_id
  join public.organizations organization on organization.id = new.organization_id
  where class_record.id = new.class_id;

  if not found then
    return new;
  end if;

  select id into target_invoice_id
  from public.invoices
  where organization_id = new.organization_id
    and show_id = new.show_id
    and payer_contact_id = new.payer_contact_id
    and status = 'draft'
  order by created_at desc
  limit 1;

  if target_invoice_id is null then
    generated_invoice_number := public.next_invoice_number(new.organization_id, new.show_id);

    insert into public.invoices (
      organization_id, show_id, invoice_number, payer_contact_id,
      created_by_user_id, status, subtotal, tax_amount, total_amount, total_paid
    ) values (
      new.organization_id, new.show_id, generated_invoice_number, new.payer_contact_id,
      new.created_by_user_id, 'draft', 0, 0, 0, 0
    )
    returning id into target_invoice_id;
  end if;

  line_quantity := case when new.status in ('cancelled', 'scratched') then 0 else 1 end;
  line_unit_price := coalesce(entry_record.entry_fee, 0);
  line_total := round(line_unit_price * line_quantity, 2);
  line_tax := round(line_total * coalesce(entry_record.tax_rate, 0) / 100, 2);
  line_description := left(
    case when new.status in ('cancelled', 'scratched') then 'Cancelled - ' else '' end
      || 'Entry - ' || coalesce(entry_record.horse_name, 'Horse')
      || ' / ' || coalesce(entry_record.block_name, 'Block')
      || ' / ' || coalesce(entry_record.class_name, 'Class'),
    255
  );

  if existing_line.id is null then
    insert into public.invoice_line_items (
      organization_id, invoice_id, item_type, item_id, description,
      quantity, unit_price, total_price, tax_applicable, tax_amount
    ) values (
      new.organization_id, target_invoice_id, 'entry', new.id, line_description,
      line_quantity, line_unit_price, line_total, true, line_tax
    );
  else
    previous_invoice_id := existing_line.invoice_id;
    update public.invoice_line_items
    set organization_id = new.organization_id,
        invoice_id = target_invoice_id,
        description = line_description,
        quantity = line_quantity,
        unit_price = line_unit_price,
        total_price = line_total,
        tax_applicable = true,
        tax_amount = line_tax
    where id = existing_line.id;
  end if;

  late_line_total := case
    when new.status in ('cancelled', 'scratched') then 0
    else round(coalesce(new.late_fee_amount, 0), 2)
  end;
  late_line_tax := round(late_line_total * coalesce(entry_record.tax_rate, 0) / 100, 2);
  late_line_description := left(
    'Late entry fee - ' || coalesce(entry_record.horse_name, 'Horse')
      || ' / ' || coalesce(entry_record.block_name, 'Block')
      || ' / ' || coalesce(entry_record.class_name, 'Class'),
    255
  );

  if late_line_total > 0 then
    if existing_late_line.id is null then
      insert into public.invoice_line_items (
        organization_id, invoice_id, item_type, item_id, description,
        quantity, unit_price, total_price, tax_applicable, tax_amount
      ) values (
        new.organization_id, target_invoice_id, 'fee', new.id, late_line_description,
        1, late_line_total, late_line_total, true, late_line_tax
      );
    else
      previous_invoice_id := coalesce(previous_invoice_id, existing_late_line.invoice_id);
      update public.invoice_line_items
      set organization_id = new.organization_id,
          invoice_id = target_invoice_id,
          description = late_line_description,
          quantity = 1,
          unit_price = late_line_total,
          total_price = late_line_total,
          tax_applicable = true,
          tax_amount = late_line_tax
      where id = existing_late_line.id;
    end if;
  elsif existing_late_line.id is not null then
    previous_invoice_id := coalesce(previous_invoice_id, existing_late_line.invoice_id);
    delete from public.invoice_line_items where id = existing_late_line.id;
  end if;

  perform public.recalculate_entry_judge_fees(target_invoice_id);
  perform public.recalculate_invoice_totals(target_invoice_id);

  if previous_invoice_id is not null and previous_invoice_id is distinct from target_invoice_id then
    perform public.recalculate_entry_judge_fees(previous_invoice_id);
    perform public.recalculate_invoice_totals(previous_invoice_id);
  end if;

  return new;
end;
$$;


ALTER FUNCTION public.sync_entry_invoice() OWNER TO postgres;

--
-- Name: sync_entry_result_for_block_run_link(); Type: FUNCTION; Schema: public; Owner: postgres
--

CREATE FUNCTION public.sync_entry_result_for_block_run_link() RETURNS trigger
    LANGUAGE plpgsql SECURITY DEFINER
    SET search_path TO 'public'
    AS $$
begin
  insert into public.entry_results (
    entry_id,
    run_id,
    block_run_id,
    block_id,
    class_id,
    show_id,
    final_score,
    status,
    synced_at,
    updated_at
  )
  select
    new.entry_id,
    scored_run.run_id,
    block_run.block_run_id,
    block_run.block_id,
    entry.class_id,
    scored_run.show_id,
    scored_run.final_score,
    scored_run.status,
    now(),
    now()
  from public.block_run_entries block_run
  join public.scored_runs scored_run on scored_run.run_id = block_run.run_id
  join public.entries entry on entry.id = new.entry_id
  where block_run.block_run_id = new.block_run_id
    and entry.show_id = scored_run.show_id
  on conflict (entry_id) do update set
    run_id = excluded.run_id,
    block_run_id = excluded.block_run_id,
    block_id = excluded.block_id,
    class_id = excluded.class_id,
    show_id = excluded.show_id,
    final_score = excluded.final_score,
    status = excluded.status,
    synced_at = excluded.synced_at,
    updated_at = excluded.updated_at;

  return new;
end;
$$;


ALTER FUNCTION public.sync_entry_result_for_block_run_link() OWNER TO postgres;

--
-- Name: sync_entry_results_for_scored_run(); Type: FUNCTION; Schema: public; Owner: postgres
--

CREATE FUNCTION public.sync_entry_results_for_scored_run() RETURNS trigger
    LANGUAGE plpgsql SECURITY DEFINER
    SET search_path TO 'public'
    AS $$
begin
  insert into public.entry_results (
    entry_id,
    run_id,
    block_run_id,
    block_id,
    class_id,
    show_id,
    final_score,
    status,
    synced_at,
    updated_at
  )
  select
    link.entry_id,
    new.run_id,
    block_run.block_run_id,
    block_run.block_id,
    entry.class_id,
    new.show_id,
    new.final_score,
    new.status,
    now(),
    now()
  from public.block_run_entries block_run
  join public.block_run_class_entries link on link.block_run_id = block_run.block_run_id
  join public.entries entry on entry.id = link.entry_id
  where block_run.run_id = new.run_id
    and entry.show_id = new.show_id
  on conflict (entry_id) do update set
    run_id = excluded.run_id,
    block_run_id = excluded.block_run_id,
    block_id = excluded.block_id,
    class_id = excluded.class_id,
    show_id = excluded.show_id,
    final_score = excluded.final_score,
    status = excluded.status,
    synced_at = excluded.synced_at,
    updated_at = excluded.updated_at;

  return new;
end;
$$;


ALTER FUNCTION public.sync_entry_results_for_scored_run() OWNER TO postgres;

--
-- Name: sync_incentive_nomination_invoice_status(); Type: FUNCTION; Schema: public; Owner: postgres
--

CREATE FUNCTION public.sync_incentive_nomination_invoice_status() RETURNS trigger
    LANGUAGE plpgsql SECURITY DEFINER
    SET search_path TO 'public'
    AS $$
begin
  if new.status = old.status then
    return new;
  end if;

  if new.status = 'paid' then
    update public.incentive_program_nominations nomination
    set status = case
      when nomination.nomination_role = 'foal'
        and program.program_type in (
          'stallion_nomination',
          'stallion_subscription_foal_nomination',
          'stallion_incentive'
        )
        and nomination.qualifying_stallion_nomination_id is null
        then 'pending'
      else 'active'
    end
    from public.manual_sales sale, public.incentive_programs program
    where nomination.manual_sale_id = sale.id
      and program.id = nomination.incentive_program_id
      and sale.invoice_id = new.id
      and nomination.status = 'pending';
  elsif new.status = 'void' then
    update public.incentive_program_nominations nomination
    set status = 'withdrawn'
    from public.manual_sales sale
    where nomination.manual_sale_id = sale.id
      and sale.invoice_id = new.id
      and nomination.status in ('pending', 'active');
  end if;

  return new;
end;
$$;


ALTER FUNCTION public.sync_incentive_nomination_invoice_status() OWNER TO postgres;

--
-- Name: sync_manual_sale_invoice(); Type: FUNCTION; Schema: public; Owner: postgres
--

CREATE FUNCTION public.sync_manual_sale_invoice() RETURNS trigger
    LANGUAGE plpgsql SECURITY DEFINER
    SET search_path TO 'public'
    AS $$
declare
  product_category text;
  target_invoice_id uuid;
  previous_invoice_id uuid;
  existing_line record;
  generated_invoice_number varchar(50);
  line_item_type text;
  line_total numeric(12, 2);
  line_tax numeric(12, 2);
  tax_rate numeric(10, 4);
begin
  if tg_op = 'DELETE' then
    select id, invoice_id into existing_line
    from public.invoice_line_items
    where item_id = old.id
      and item_type in ('extra', 'manual')
    order by created_at desc
    limit 1;

    if existing_line.id is not null then
      previous_invoice_id := existing_line.invoice_id;

      delete from public.invoice_line_items
      where id = existing_line.id;

      perform public.recalculate_invoice_totals(previous_invoice_id);
    end if;

    return old;
  end if;

  select coalesce(product.category, 'manual')
    into product_category
  from public.organization_products product
  where product.id = new.product_id;

  product_category := coalesce(product_category, 'manual');

  select coalesce(show_record.tax_rate, organization.tax_rate, 0)
    into tax_rate
  from public.organizations organization
  left join public.shows show_record on show_record.id = new.show_id
  where organization.id = new.organization_id;

  select id, invoice_id into existing_line
  from public.invoice_line_items
  where item_id = new.id
    and item_type in ('extra', 'manual')
  order by created_at desc
  limit 1;

  if new.status = 'cancelled' then
    if existing_line.id is not null then
      previous_invoice_id := existing_line.invoice_id;

      delete from public.invoice_line_items
      where id = existing_line.id;

      perform public.recalculate_invoice_totals(previous_invoice_id);
    end if;

    if new.invoice_id is not null then
      update public.manual_sales
      set invoice_id = null
      where id = new.id;
    end if;

    return new;
  end if;

  select id into target_invoice_id
  from public.invoices
  where organization_id = new.organization_id
    and show_id is not distinct from new.show_id
    and payer_contact_id = new.payer_contact_id
    and status = 'draft'
  order by created_at desc
  limit 1;

  if target_invoice_id is null then
    generated_invoice_number := public.next_invoice_number(new.organization_id, new.show_id);

    insert into public.invoices (
      organization_id,
      show_id,
      invoice_number,
      payer_contact_id,
      created_by_user_id,
      status,
      subtotal,
      tax_amount,
      total_amount,
      total_paid
    )
    values (
      new.organization_id,
      new.show_id,
      generated_invoice_number,
      new.payer_contact_id,
      new.sold_by_user_id,
      'draft',
      0,
      0,
      0,
      0
    )
    returning id into target_invoice_id;
  end if;

  line_item_type := public.manual_sale_invoice_item_type(product_category);
  line_total := round(coalesce(new.quantity, 0) * coalesce(new.unit_price, 0), 2);
  line_tax := case
    when coalesce(new.tax_applicable, true)
      then round(line_total * coalesce(tax_rate, 0) / 100, 2)
    else 0
  end;

  if existing_line.id is null then
    insert into public.invoice_line_items (
      organization_id,
      invoice_id,
      item_type,
      item_id,
      description,
      quantity,
      unit_price,
      total_price,
      tax_applicable,
      tax_amount
    )
    values (
      new.organization_id,
      target_invoice_id,
      line_item_type,
      new.id,
      left(new.description, 255),
      new.quantity,
      new.unit_price,
      line_total,
      new.tax_applicable,
      line_tax
    );
  else
    previous_invoice_id := existing_line.invoice_id;

    update public.invoice_line_items
    set
      organization_id = new.organization_id,
      invoice_id = target_invoice_id,
      item_type = line_item_type,
      description = left(new.description, 255),
      quantity = new.quantity,
      unit_price = new.unit_price,
      total_price = line_total,
      tax_applicable = new.tax_applicable,
      tax_amount = line_tax
    where id = existing_line.id;
  end if;

  perform public.recalculate_invoice_totals(target_invoice_id);

  if previous_invoice_id is not null and previous_invoice_id is distinct from target_invoice_id then
    perform public.recalculate_invoice_totals(previous_invoice_id);
  end if;

  if new.invoice_id is distinct from target_invoice_id then
    update public.manual_sales
    set invoice_id = target_invoice_id
    where id = new.id;
  end if;

  return new;
end;
$$;


ALTER FUNCTION public.sync_manual_sale_invoice() OWNER TO postgres;

--
-- Name: sync_show_score_announcer_session_from_setup(); Type: FUNCTION; Schema: public; Owner: postgres
--

CREATE FUNCTION public.sync_show_score_announcer_session_from_setup() RETURNS trigger
    LANGUAGE plpgsql SECURITY DEFINER
    SET search_path TO 'public'
    AS $$
begin
  if new.live_data_source <> 'announcer' then
    return new;
  end if;

  insert into public.show_score_announcer_live_sessions (
    class_id,
    runs,
    active_manoeuvre,
    started_at,
    completed_at,
    completed_by,
    revision
  )
  values (
    new.block_id,
    coalesce(new.runs, '[]'::jsonb),
    null,
    null,
    null,
    null,
    0
  )
  on conflict (class_id) do update
  set
    runs = excluded.runs,
    revision = show_score_announcer_live_sessions.revision + 1
  where show_score_announcer_live_sessions.started_at is null
    and show_score_announcer_live_sessions.completed_at is null
    and show_score_announcer_live_sessions.runs is distinct from excluded.runs;

  return new;
end;
$$;


ALTER FUNCTION public.sync_show_score_announcer_session_from_setup() OWNER TO postgres;

--
-- Name: sync_stall_booking_invoice(); Type: FUNCTION; Schema: public; Owner: postgres
--

CREATE FUNCTION public.sync_stall_booking_invoice() RETURNS trigger
    LANGUAGE plpgsql SECURITY DEFINER
    SET search_path TO 'public'
    AS $$
declare
  option_record record;
  target_invoice_id uuid;
  previous_invoice_id uuid;
  existing_line record;
  line_item_type text;
  line_quantity numeric(10, 2);
  line_unit_price numeric(12, 2);
  line_total numeric(12, 2);
  line_tax numeric(12, 2);
  line_description varchar(255);
  generated_invoice_number varchar(50);
begin
  if tg_op = 'DELETE' then
    select id, invoice_id into existing_line
    from public.invoice_line_items
    where item_id = old.id
      and item_type in ('stall', 'extra')
    order by created_at desc
    limit 1;

    if existing_line.id is not null then
      previous_invoice_id := existing_line.invoice_id;

      delete from public.invoice_line_items
      where id = existing_line.id;

      perform public.recalculate_invoice_totals(previous_invoice_id);
    end if;

    return old;
  end if;

  select
    so.name,
    so.category,
    so.price,
    h.name as horse_name,
    coalesce(s.tax_rate, o.tax_rate, 0) as tax_rate
  into option_record
  from public.stall_options so
  join public.shows s on s.id = new.show_id
  join public.organizations o on o.id = new.organization_id
  left join public.horses h on h.id = new.horse_id
  where so.id = new.stall_option_id;

  if not found then
    return new;
  end if;

  if not coalesce(new.billable, true) then
    select id, invoice_id into existing_line
    from public.invoice_line_items
    where item_id = new.id
      and item_type in ('stall', 'extra')
    order by created_at desc
    limit 1;

    if existing_line.id is not null then
      previous_invoice_id := existing_line.invoice_id;

      delete from public.invoice_line_items
      where id = existing_line.id;

      perform public.recalculate_invoice_totals(previous_invoice_id);
    end if;

    return new;
  end if;

  select id into target_invoice_id
  from public.invoices
  where organization_id = new.organization_id
    and show_id = new.show_id
    and payer_contact_id = new.payer_contact_id
    and status = 'draft'
  order by created_at desc
  limit 1;

  if target_invoice_id is null then
    generated_invoice_number := public.next_invoice_number(new.organization_id, new.show_id);

    insert into public.invoices (
      organization_id,
      show_id,
      invoice_number,
      payer_contact_id,
      created_by_user_id,
      status,
      subtotal,
      tax_amount,
      total_amount,
      total_paid
    )
    values (
      new.organization_id,
      new.show_id,
      generated_invoice_number,
      new.payer_contact_id,
      new.created_by_user_id,
      'draft',
      0,
      0,
      0,
      0
    )
    returning id into target_invoice_id;
  end if;

  line_item_type := public.stall_booking_invoice_item_type(option_record.category);
  line_total := case
    when new.status = 'cancelled' then 0
    else round(coalesce(new.total_price, coalesce(new.unit_price, option_record.price, 0) * new.quantity, 0), 2)
  end;
  line_quantity := case
    when new.status = 'cancelled' then 0
    when coalesce(new.affects_inventory, true) = false and coalesce(option_record.price, 0) > 0
      then round(line_total / option_record.price, 2)
    else new.quantity
  end;
  line_unit_price := case
    when coalesce(new.affects_inventory, true) = false and coalesce(option_record.price, 0) > 0
      then option_record.price
    else coalesce(new.unit_price, option_record.price, 0)
  end;
  line_tax := round(line_total * coalesce(option_record.tax_rate, 0) / 100, 2);
  line_description := left(
    case when new.status = 'cancelled' then 'Cancelled - ' else '' end
      || coalesce(option_record.name, 'Stall booking')
      || case when option_record.horse_name is not null then ' / ' || option_record.horse_name else '' end,
    255
  );

  select id, invoice_id into existing_line
  from public.invoice_line_items
  where item_id = new.id
    and item_type in ('stall', 'extra')
  order by created_at desc
  limit 1;

  if existing_line.id is null then
    insert into public.invoice_line_items (
      organization_id,
      invoice_id,
      item_type,
      item_id,
      description,
      quantity,
      unit_price,
      total_price,
      tax_applicable,
      tax_amount
    )
    values (
      new.organization_id,
      target_invoice_id,
      line_item_type,
      new.id,
      line_description,
      line_quantity,
      line_unit_price,
      line_total,
      true,
      line_tax
    );
  else
    previous_invoice_id := existing_line.invoice_id;

    update public.invoice_line_items
    set
      organization_id = new.organization_id,
      invoice_id = target_invoice_id,
      item_type = line_item_type,
      description = line_description,
      quantity = line_quantity,
      unit_price = line_unit_price,
      total_price = line_total,
      tax_applicable = true,
      tax_amount = line_tax
    where id = existing_line.id;
  end if;

  perform public.recalculate_invoice_totals(target_invoice_id);

  if previous_invoice_id is not null and previous_invoice_id is distinct from target_invoice_id then
    perform public.recalculate_invoice_totals(previous_invoice_id);
  end if;

  return new;
end;
$$;


ALTER FUNCTION public.sync_stall_booking_invoice() OWNER TO postgres;

--
-- Name: sync_stall_booking_invoice_description(); Type: FUNCTION; Schema: public; Owner: postgres
--

CREATE FUNCTION public.sync_stall_booking_invoice_description() RETURNS trigger
    LANGUAGE plpgsql SECURITY DEFINER
    SET search_path TO 'public'
    AS $$
declare
  line_description varchar(255);
  line_total numeric(12, 2);
  split_quantity numeric(10, 2);
  regular_unit_price numeric(12, 2);
  tax_rate numeric(6, 3);
begin
  if tg_op = 'DELETE' then
    return old;
  end if;

  if not coalesce(new.billable, true) then
    return new;
  end if;

  line_description := public.stall_booking_invoice_description(new.id);

  if line_description is null then
    return new;
  end if;

  select so.price, coalesce(s.tax_rate, o.tax_rate, 0)
  into regular_unit_price, tax_rate
  from public.stall_options so
  join public.shows s on s.id = new.show_id
  join public.organizations o on o.id = new.organization_id
  where so.id = new.stall_option_id;

  line_total := case
    when new.status = 'cancelled' then 0
    else round(coalesce(new.total_price, 0), 2)
  end;
  split_quantity := case
    when coalesce(new.affects_inventory, true) = false
      and coalesce(regular_unit_price, 0) > 0
      then round(line_total / regular_unit_price, 2)
    else null
  end;

  update public.invoice_line_items
  set
    description = line_description,
    quantity = coalesce(split_quantity, quantity),
    unit_price = case when split_quantity is not null then regular_unit_price else unit_price end,
    total_price = case when split_quantity is not null then line_total else total_price end,
    tax_amount = case when split_quantity is not null then round(line_total * coalesce(tax_rate, 0) / 100, 2) else tax_amount end
  where item_id = new.id
    and item_type in ('stall', 'extra');

  return new;
end;
$$;


ALTER FUNCTION public.sync_stall_booking_invoice_description() OWNER TO postgres;

--
-- Name: touch_show_score_announcer_live_session(); Type: FUNCTION; Schema: public; Owner: postgres
--

CREATE FUNCTION public.touch_show_score_announcer_live_session() RETURNS trigger
    LANGUAGE plpgsql
    SET search_path TO 'public'
    AS $$
begin
  new.updated_at := now();
  return new;
end;
$$;


ALTER FUNCTION public.touch_show_score_announcer_live_session() OWNER TO postgres;

--
-- Name: touch_updated_at(); Type: FUNCTION; Schema: public; Owner: postgres
--

CREATE FUNCTION public.touch_updated_at() RETURNS trigger
    LANGUAGE plpgsql
    AS $$
begin
  new.updated_at = now();
  return new;
end;
$$;


ALTER FUNCTION public.touch_updated_at() OWNER TO postgres;

--
-- Name: validate_block_concurrency_member(); Type: FUNCTION; Schema: public; Owner: postgres
--

CREATE FUNCTION public.validate_block_concurrency_member() RETURNS trigger
    LANGUAGE plpgsql
    SET search_path TO 'public'
    AS $$
declare
  group_record record;
  block_record record;
  reference_block record;
begin
  select organization_id, show_id into group_record
  from public.block_concurrency_groups
  where id = new.group_id;

  select organization_id, show_id, show_day_id, arena, pattern, custom_pattern into block_record
  from public.blocks
  where id = new.block_id;

  if group_record.organization_id is distinct from block_record.organization_id
    or group_record.show_id is distinct from block_record.show_id then
    raise exception 'Concurrent blocks must belong to the same show and organization'
      using errcode = 'check_violation';
  end if;

  select block.show_day_id, block.arena, block.pattern, block.custom_pattern
  into reference_block
  from public.block_concurrency_group_members member
  join public.blocks block on block.id = member.block_id
  where member.group_id = new.group_id
    and member.block_id <> new.block_id
  order by member.sort_order
  limit 1;

  if found and (
    reference_block.show_day_id is distinct from block_record.show_day_id
    or reference_block.arena is distinct from block_record.arena
    or reference_block.pattern is distinct from block_record.pattern
    or reference_block.custom_pattern is distinct from block_record.custom_pattern
  ) then
    raise exception 'Concurrent blocks must share the same day, arena and pattern'
      using errcode = 'check_violation';
  end if;

  return new;
end;
$$;


ALTER FUNCTION public.validate_block_concurrency_member() OWNER TO postgres;

--
-- Name: validate_block_schedule_dependency(); Type: FUNCTION; Schema: public; Owner: postgres
--

CREATE FUNCTION public.validate_block_schedule_dependency() RETURNS trigger
    LANGUAGE plpgsql
    SET search_path TO 'public'
    AS $$
declare
  predecessor public.blocks%rowtype;
begin
  if new.schedule_start_mode <> 'after_previous' then
    new.follows_block_id := null;
    return new;
  end if;

  -- Null remains accepted for legacy ShowScore writers. HSP requires an
  -- explicit predecessor for every new or edited after_previous block.
  if new.follows_block_id is null then
    return new;
  end if;

  if new.follows_block_id = new.id then
    raise exception 'A block cannot follow itself'
      using errcode = 'check_violation';
  end if;

  select block.*
  into predecessor
  from public.blocks block
  where block.id = new.follows_block_id;

  if not found then
    raise exception 'The preceding block % does not exist', new.follows_block_id
      using errcode = 'foreign_key_violation';
  end if;

  if predecessor.organization_id <> new.organization_id
    or predecessor.show_id <> new.show_id
    or predecessor.show_day_id is distinct from new.show_day_id
    or coalesce(nullif(lower(btrim(predecessor.arena)), ''), '__no_arena__')
       <> coalesce(nullif(lower(btrim(new.arena)), ''), '__no_arena__') then
    raise exception 'A block must follow a block from the same show day and arena'
      using errcode = 'check_violation';
  end if;

  if exists (
    with recursive ancestors as (
      select block.id, block.follows_block_id
      from public.blocks block
      where block.id = new.follows_block_id
      union all
      select block.id, block.follows_block_id
      from public.blocks block
      join ancestors ancestor on block.id = ancestor.follows_block_id
    )
    select 1 from ancestors where id = new.id
  ) then
    raise exception 'Block schedule dependencies cannot form a cycle'
      using errcode = 'check_violation';
  end if;

  return new;
end;
$$;


ALTER FUNCTION public.validate_block_schedule_dependency() OWNER TO postgres;

--
-- Name: validate_concurrent_block_pattern_update(); Type: FUNCTION; Schema: public; Owner: postgres
--

CREATE FUNCTION public.validate_concurrent_block_pattern_update() RETURNS trigger
    LANGUAGE plpgsql
    SET search_path TO 'public'
    AS $$
begin
  if exists (
    select 1
    from public.block_concurrency_group_members own_membership
    join public.block_concurrency_group_members other_membership
      on other_membership.group_id = own_membership.group_id
     and other_membership.block_id <> own_membership.block_id
    join public.blocks other_block on other_block.id = other_membership.block_id
    where own_membership.block_id = new.id
      and (
        other_block.show_day_id is distinct from new.show_day_id
        or other_block.arena is distinct from new.arena
        or other_block.pattern is distinct from new.pattern
        or other_block.custom_pattern is distinct from new.custom_pattern
      )
  ) then
    raise exception 'Concurrent blocks must share the same day, arena and pattern'
      using errcode = 'check_violation';
  end if;

  return new;
end;
$$;


ALTER FUNCTION public.validate_concurrent_block_pattern_update() OWNER TO postgres;

--
-- Name: validate_slate_context(); Type: FUNCTION; Schema: public; Owner: postgres
--

CREATE FUNCTION public.validate_slate_context() RETURNS trigger
    LANGUAGE plpgsql
    SET search_path TO 'public'
    AS $$
declare
  parent_organization_id uuid;
begin
  select organization_id
  into parent_organization_id
  from public.shows
  where id = new.show_id;

  if parent_organization_id is null then
    raise exception 'Show % does not exist', new.show_id
      using errcode = 'foreign_key_violation';
  end if;

  if new.organization_id is distinct from parent_organization_id then
    raise exception 'Slate organization must match its show organization'
      using errcode = 'check_violation';
  end if;

  return new;
end;
$$;


ALTER FUNCTION public.validate_slate_context() OWNER TO postgres;

--
-- Name: validate_team_eligibility_decision_context(); Type: FUNCTION; Schema: public; Owner: postgres
--

CREATE FUNCTION public.validate_team_eligibility_decision_context() RETURNS trigger
    LANGUAGE plpgsql SECURITY DEFINER
    SET search_path TO 'public'
    AS $$
declare
  class_organization_id uuid;
  class_show_id uuid;
begin
  select block.organization_id, block.show_id
  into class_organization_id, class_show_id
  from public.classes class_record
  join public.blocks block on block.id = class_record.block_id
  where class_record.id = new.class_id;

  if class_organization_id is null
    or class_organization_id <> new.organization_id
    or class_show_id <> new.show_id then
    raise exception 'Eligibility decision class, show and organization must share one context.';
  end if;

  if not exists (
    select 1
    from public.class_governing_bodies assignment
    where assignment.class_id = new.class_id
      and assignment.governing_body_id = new.governing_body_id
  ) then
    raise exception 'Eligibility decision governing body must be assigned to the class.';
  end if;

  if new.external_snapshot_id is not null and not exists (
    select 1
    from public.team_eligibility_snapshots snapshot
    where snapshot.snapshot_id = new.external_snapshot_id
      and snapshot.horse_id = new.horse_id
      and snapshot.rider_contact_id = new.rider_contact_id
      and snapshot.show_id = new.show_id
      and snapshot.class_id = new.class_id
      and snapshot.governing_body_id = new.governing_body_id
  ) then
    raise exception 'Eligibility decision evidence must match the same team, class, show and governing body.';
  end if;

  return new;
end;
$$;


ALTER FUNCTION public.validate_team_eligibility_decision_context() OWNER TO postgres;

--
-- Name: validate_team_eligibility_snapshot_context(); Type: FUNCTION; Schema: public; Owner: postgres
--

CREATE FUNCTION public.validate_team_eligibility_snapshot_context() RETURNS trigger
    LANGUAGE plpgsql SECURITY DEFINER
    SET search_path TO 'public'
    AS $$
declare
  class_show_id uuid;
begin
  select block.show_id
  into class_show_id
  from public.classes class_record
  join public.blocks block on block.id = class_record.block_id
  where class_record.id = new.class_id;

  if class_show_id is null or class_show_id <> new.show_id then
    raise exception 'Eligibility snapshot class and show must share one context.';
  end if;

  if not exists (
    select 1
    from public.class_governing_bodies assignment
    where assignment.class_id = new.class_id
      and assignment.governing_body_id = new.governing_body_id
  ) then
    raise exception 'Eligibility snapshot governing body must be assigned to the class.';
  end if;

  if not exists (
    select 1
    from public.external_data_snapshots snapshot
    join public.external_source_governing_bodies source_body
      on source_body.external_data_source_id = snapshot.external_data_source_id
     and source_body.governing_body_id = new.governing_body_id
     and source_body.is_active
    where snapshot.id = new.snapshot_id
  ) then
    raise exception 'Eligibility snapshot source must be linked to the governing body.';
  end if;

  return new;
end;
$$;


ALTER FUNCTION public.validate_team_eligibility_snapshot_context() OWNER TO postgres;

--
-- Name: app_events; Type: TABLE; Schema: public; Owner: postgres
--

CREATE TABLE public.app_events (
    id uuid DEFAULT gen_random_uuid() NOT NULL,
    event_type text NOT NULL,
    event_name text NOT NULL,
    association_id text,
    show_id text,
    day_id text,
    block_id text,
    session_id text,
    actor_user_id uuid,
    actor_email text,
    path text,
    user_agent text,
    locale text,
    timezone text,
    metadata jsonb DEFAULT '{}'::jsonb NOT NULL,
    created_at timestamp with time zone DEFAULT now() NOT NULL,
    CONSTRAINT app_events_event_type_check CHECK ((event_type = ANY (ARRAY['analytics'::text, 'audit'::text])))
);


ALTER TABLE public.app_events OWNER TO postgres;

--
-- Name: association_invitations; Type: TABLE; Schema: public; Owner: postgres
--

CREATE TABLE public.association_invitations (
    id uuid DEFAULT gen_random_uuid() NOT NULL,
    association_id uuid NOT NULL,
    email text NOT NULL,
    role text DEFAULT 'member'::text NOT NULL,
    token text DEFAULT (gen_random_uuid())::text NOT NULL,
    status text DEFAULT 'pending'::text NOT NULL,
    invited_by text,
    accepted_by text,
    accepted_at timestamp with time zone,
    created_at timestamp with time zone DEFAULT now() NOT NULL,
    updated_at timestamp with time zone DEFAULT now() NOT NULL,
    CONSTRAINT association_invitations_status_check CHECK ((status = ANY (ARRAY['pending'::text, 'accepted'::text, 'cancelled'::text])))
);


ALTER TABLE public.association_invitations OWNER TO postgres;

--
-- Name: organization_members; Type: TABLE; Schema: public; Owner: postgres
--

CREATE TABLE public.organization_members (
    id uuid DEFAULT gen_random_uuid() NOT NULL,
    organization_id uuid NOT NULL,
    user_id uuid NOT NULL,
    role character varying(50) NOT NULL,
    permissions jsonb DEFAULT '[]'::jsonb NOT NULL,
    created_at timestamp with time zone DEFAULT now() NOT NULL,
    updated_at timestamp with time zone DEFAULT now() NOT NULL,
    CONSTRAINT organization_members_role_check CHECK (((role)::text = ANY ((ARRAY['admin'::character varying, 'secretary'::character varying, 'user'::character varying, 'scribe'::character varying, 'announcer'::character varying])::text[])))
);


ALTER TABLE public.organization_members OWNER TO postgres;

--
-- Name: user_profiles; Type: TABLE; Schema: public; Owner: postgres
--

CREATE TABLE public.user_profiles (
    id uuid DEFAULT gen_random_uuid() NOT NULL,
    user_id uuid NOT NULL,
    first_name character varying(100),
    last_name character varying(100),
    phone character varying(20),
    type_user character varying(50),
    address character varying(255),
    city character varying(100),
    state character varying(50),
    zip_code character varying(20),
    country character varying(2),
    avatar_url text,
    created_at timestamp with time zone DEFAULT now() NOT NULL,
    updated_at timestamp with time zone DEFAULT now() NOT NULL,
    date_of_birth date,
    address_line2 character varying(255),
    preferred_locale character varying(5) DEFAULT 'fr'::character varying NOT NULL,
    marketing_opt_in boolean DEFAULT false NOT NULL,
    display_name text,
    email text,
    CONSTRAINT user_profiles_type_user_check CHECK (((type_user)::text = ANY ((ARRAY['owner'::character varying, 'agent'::character varying, 'secretary'::character varying, 'admin'::character varying])::text[])))
);


ALTER TABLE public.user_profiles OWNER TO postgres;

--
-- Name: association_memberships; Type: VIEW; Schema: public; Owner: postgres
--

CREATE VIEW public.association_memberships WITH (security_invoker='true') AS
 SELECT om.id,
    up.user_id,
    om.organization_id AS association_id,
    om.role,
    om.created_at,
    om.updated_at
   FROM (public.organization_members om
     JOIN public.user_profiles up ON ((om.user_id = up.id)));


ALTER VIEW public.association_memberships OWNER TO postgres;

--
-- Name: associations; Type: VIEW; Schema: public; Owner: postgres
--

CREATE VIEW public.associations WITH (security_invoker='true') AS
 SELECT id,
    name,
    short_name,
    timezone,
    logo_url AS logo_data_url,
    website_url,
    sponsor_logos,
    created_at,
    updated_at
   FROM public.organizations;


ALTER VIEW public.associations OWNER TO postgres;

--
-- Name: audit_events; Type: TABLE; Schema: public; Owner: postgres
--

CREATE TABLE public.audit_events (
    id uuid DEFAULT gen_random_uuid() NOT NULL,
    organization_id uuid,
    actor_user_id uuid,
    event_type character varying(100) NOT NULL,
    entity_type character varying(100) NOT NULL,
    entity_id uuid,
    metadata jsonb DEFAULT '{}'::jsonb NOT NULL,
    created_at timestamp with time zone DEFAULT now() NOT NULL
);


ALTER TABLE public.audit_events OWNER TO postgres;

--
-- Name: block_concurrency_group_members; Type: TABLE; Schema: public; Owner: postgres
--

CREATE TABLE public.block_concurrency_group_members (
    group_id uuid NOT NULL,
    block_id uuid NOT NULL,
    sort_order integer DEFAULT 1 NOT NULL,
    created_at timestamp with time zone DEFAULT now() NOT NULL,
    CONSTRAINT block_concurrency_group_members_sort_order_check CHECK ((sort_order > 0))
);


ALTER TABLE public.block_concurrency_group_members OWNER TO postgres;

--
-- Name: block_concurrency_groups; Type: TABLE; Schema: public; Owner: postgres
--

CREATE TABLE public.block_concurrency_groups (
    id uuid DEFAULT gen_random_uuid() NOT NULL,
    organization_id uuid NOT NULL,
    show_id uuid NOT NULL,
    name text NOT NULL,
    created_by_user_id uuid,
    created_at timestamp with time zone DEFAULT now() NOT NULL,
    updated_at timestamp with time zone DEFAULT now() NOT NULL
);


ALTER TABLE public.block_concurrency_groups OWNER TO postgres;

--
-- Name: block_judge_assignments; Type: TABLE; Schema: public; Owner: postgres
--

CREATE TABLE public.block_judge_assignments (
    id uuid DEFAULT gen_random_uuid() NOT NULL,
    organization_id uuid NOT NULL,
    show_id uuid NOT NULL,
    block_id uuid NOT NULL,
    judge_user_profile_id uuid,
    judge_contact_id uuid,
    display_name text NOT NULL,
    assignment_role text DEFAULT 'judge'::text NOT NULL,
    sort_order integer DEFAULT 1 NOT NULL,
    created_by_user_id uuid,
    created_at timestamp with time zone DEFAULT now() NOT NULL,
    updated_at timestamp with time zone DEFAULT now() NOT NULL,
    CONSTRAINT block_judge_assignments_assignment_role_check CHECK ((assignment_role = ANY (ARRAY['judge'::text, 'chair'::text, 'alternate'::text]))),
    CONSTRAINT block_judge_assignments_check CHECK (((judge_user_profile_id IS NOT NULL) OR (judge_contact_id IS NOT NULL) OR (btrim(display_name) <> ''::text))),
    CONSTRAINT block_judge_assignments_sort_order_check CHECK ((sort_order > 0))
);


ALTER TABLE public.block_judge_assignments OWNER TO postgres;

--
-- Name: block_result_publications; Type: TABLE; Schema: public; Owner: postgres
--

CREATE TABLE public.block_result_publications (
    block_id uuid NOT NULL,
    status text DEFAULT 'hidden'::text NOT NULL,
    published_at timestamp with time zone,
    published_by text,
    result_groups jsonb DEFAULT '[]'::jsonb NOT NULL,
    updated_at timestamp with time zone DEFAULT now() NOT NULL,
    CONSTRAINT class_result_publications_status_check CHECK ((status = ANY (ARRAY['hidden'::text, 'published'::text])))
);


ALTER TABLE public.block_result_publications OWNER TO postgres;

--
-- Name: block_run_class_entries; Type: TABLE; Schema: public; Owner: postgres
--

CREATE TABLE public.block_run_class_entries (
    block_run_id uuid NOT NULL,
    entry_id uuid NOT NULL,
    created_at timestamp with time zone DEFAULT now() NOT NULL
);


ALTER TABLE public.block_run_class_entries OWNER TO postgres;

--
-- Name: block_run_entries; Type: TABLE; Schema: public; Owner: postgres
--

CREATE TABLE public.block_run_entries (
    block_run_id uuid NOT NULL,
    run_id uuid NOT NULL,
    show_id uuid NOT NULL,
    block_id uuid NOT NULL,
    order_of_go numeric(8,2) NOT NULL,
    created_at timestamp with time zone DEFAULT now() NOT NULL,
    updated_at timestamp with time zone DEFAULT now() NOT NULL
);


ALTER TABLE public.block_run_entries OWNER TO postgres;

--
-- Name: block_templates; Type: TABLE; Schema: public; Owner: postgres
--

CREATE TABLE public.block_templates (
    id uuid DEFAULT gen_random_uuid() NOT NULL,
    organization_id uuid NOT NULL,
    name text NOT NULL,
    code text,
    block_label text,
    category text,
    pattern text,
    sort_order integer DEFAULT 1 NOT NULL,
    is_active boolean DEFAULT true NOT NULL,
    notes text,
    created_at timestamp with time zone DEFAULT now() NOT NULL,
    updated_at timestamp with time zone DEFAULT now() NOT NULL,
    custom_pattern jsonb,
    block_type text DEFAULT 'competition'::text NOT NULL,
    CONSTRAINT block_templates_type_check CHECK ((block_type = ANY (ARRAY['competition'::text, 'paid_warmup'::text, 'event'::text, 'break'::text, 'ceremony'::text])))
);


ALTER TABLE public.block_templates OWNER TO postgres;

--
-- Name: blocks; Type: TABLE; Schema: public; Owner: postgres
--

CREATE TABLE public.blocks (
    id uuid DEFAULT gen_random_uuid() NOT NULL,
    organization_id uuid NOT NULL,
    show_id uuid NOT NULL,
    name character varying(255) NOT NULL,
    show_day_id uuid,
    scheduled_time time without time zone,
    estimated_duration interval,
    schedule_status character varying(50) DEFAULT 'open'::character varying NOT NULL,
    schedule_is_public boolean DEFAULT true NOT NULL,
    notes text,
    created_at timestamp with time zone DEFAULT now() NOT NULL,
    updated_at timestamp with time zone DEFAULT now() NOT NULL,
    arena character varying(100),
    pattern text,
    custom_pattern jsonb,
    judge_display_name character varying(255),
    sort_order integer DEFAULT 1 NOT NULL,
    block_template_id uuid,
    display_label text,
    entries_close_at timestamp with time zone,
    draw_prepared_at timestamp with time zone,
    schedule_start_mode text DEFAULT 'unscheduled'::text NOT NULL,
    slate_id uuid,
    block_type text DEFAULT 'competition'::text NOT NULL,
    results_are_public boolean DEFAULT false NOT NULL,
    follows_block_id uuid,
    CONSTRAINT blocks_type_check CHECK ((block_type = ANY (ARRAY['competition'::text, 'paid_warmup'::text, 'event'::text, 'break'::text, 'ceremony'::text]))),
    CONSTRAINT classes_schedule_start_mode_check CHECK ((schedule_start_mode = ANY (ARRAY['fixed'::text, 'after_previous'::text, 'unscheduled'::text]))),
    CONSTRAINT classes_status_check CHECK (((schedule_status)::text = ANY ((ARRAY['open'::character varying, 'closed'::character varying, 'running'::character varying, 'finished'::character varying])::text[])))
);


ALTER TABLE public.blocks OWNER TO postgres;

--
-- Name: class_governing_bodies; Type: TABLE; Schema: public; Owner: postgres
--

CREATE TABLE public.class_governing_bodies (
    class_id uuid NOT NULL,
    governing_body_id uuid NOT NULL,
    sanction_metadata jsonb DEFAULT '{}'::jsonb NOT NULL,
    created_by_user_id uuid,
    created_at timestamp with time zone DEFAULT now() NOT NULL,
    reporting_class_code text,
    eligibility_profile_code text,
    updated_at timestamp with time zone DEFAULT now() NOT NULL,
    CONSTRAINT class_governing_bodies_eligibility_profile_check CHECK (((eligibility_profile_code IS NULL) OR (btrim(eligibility_profile_code) <> ''::text))),
    CONSTRAINT class_governing_bodies_metadata_object_check CHECK ((jsonb_typeof(sanction_metadata) = 'object'::text)),
    CONSTRAINT class_governing_bodies_reporting_code_check CHECK (((reporting_class_code IS NULL) OR (btrim(reporting_class_code) <> ''::text)))
);


ALTER TABLE public.class_governing_bodies OWNER TO postgres;

--
-- Name: COLUMN class_governing_bodies.reporting_class_code; Type: COMMENT; Schema: public; Owner: postgres
--

COMMENT ON COLUMN public.class_governing_bodies.reporting_class_code IS 'Class code expected by this governing body in official reports. It is independent from another body linked to the same HSP class.';


--
-- Name: COLUMN class_governing_bodies.eligibility_profile_code; Type: COMMENT; Schema: public; Owner: postgres
--

COMMENT ON COLUMN public.class_governing_bodies.eligibility_profile_code IS 'Machine-readable eligibility profile selected for this governing body, such as an NRHA class category.';


--
-- Name: class_template_governing_bodies; Type: TABLE; Schema: public; Owner: postgres
--

CREATE TABLE public.class_template_governing_bodies (
    class_template_id uuid NOT NULL,
    governing_body_id uuid NOT NULL,
    sanction_metadata jsonb DEFAULT '{}'::jsonb NOT NULL,
    created_at timestamp with time zone DEFAULT now() NOT NULL,
    reporting_class_code text,
    eligibility_profile_code text,
    updated_at timestamp with time zone DEFAULT now() NOT NULL,
    CONSTRAINT class_template_governing_bodies_eligibility_profile_check CHECK (((eligibility_profile_code IS NULL) OR (btrim(eligibility_profile_code) <> ''::text))),
    CONSTRAINT class_template_governing_bodies_metadata_object_check CHECK ((jsonb_typeof(sanction_metadata) = 'object'::text)),
    CONSTRAINT class_template_governing_bodies_reporting_code_check CHECK (((reporting_class_code IS NULL) OR (btrim(reporting_class_code) <> ''::text)))
);


ALTER TABLE public.class_template_governing_bodies OWNER TO postgres;

--
-- Name: COLUMN class_template_governing_bodies.reporting_class_code; Type: COMMENT; Schema: public; Owner: postgres
--

COMMENT ON COLUMN public.class_template_governing_bodies.reporting_class_code IS 'Default governing-body reporting code copied when a class is created from this template.';


--
-- Name: COLUMN class_template_governing_bodies.eligibility_profile_code; Type: COMMENT; Schema: public; Owner: postgres
--

COMMENT ON COLUMN public.class_template_governing_bodies.eligibility_profile_code IS 'Default governing-body eligibility profile copied when a class is created from this template.';


--
-- Name: class_templates; Type: TABLE; Schema: public; Owner: postgres
--

CREATE TABLE public.class_templates (
    id uuid DEFAULT gen_random_uuid() NOT NULL,
    organization_id uuid NOT NULL,
    block_template_id uuid NOT NULL,
    name text NOT NULL,
    code text,
    level smallint,
    default_entry_fee numeric(10,2),
    eligibility_rules jsonb DEFAULT '{}'::jsonb NOT NULL,
    sort_order integer DEFAULT 1 NOT NULL,
    notes text,
    created_at timestamp with time zone DEFAULT now() NOT NULL,
    updated_at timestamp with time zone DEFAULT now() NOT NULL,
    default_judge_fee numeric(10,2),
    default_payout_schedule_type text DEFAULT 'none'::text NOT NULL,
    default_added_money numeric(12,2) DEFAULT 0 NOT NULL,
    default_retainage_percent numeric(5,2),
    default_trophy_or_plaque_fee numeric(12,2) DEFAULT 0 NOT NULL,
    default_sanctioning_fee_percent numeric(5,2),
    default_payout_rules jsonb DEFAULT '{}'::jsonb NOT NULL,
    default_payout_notes text,
    organization_discipline_id uuid NOT NULL,
    back_number_policy_override text,
    CONSTRAINT class_template_divisions_default_payout_money_check CHECK (((default_added_money >= (0)::numeric) AND (default_trophy_or_plaque_fee >= (0)::numeric))),
    CONSTRAINT class_template_divisions_default_payout_percent_check CHECK ((((default_retainage_percent IS NULL) OR ((default_retainage_percent >= (0)::numeric) AND (default_retainage_percent <= (100)::numeric))) AND ((default_sanctioning_fee_percent IS NULL) OR ((default_sanctioning_fee_percent >= (0)::numeric) AND (default_sanctioning_fee_percent <= (100)::numeric))))),
    CONSTRAINT class_template_divisions_default_payout_schedule_type_check CHECK ((default_payout_schedule_type = ANY (ARRAY['none'::text, 'nrha_schedule_a'::text, 'nrha_schedule_b'::text, 'house_concentrated'::text, 'house_distributed'::text, 'house_custom'::text, 'jackpot_100'::text]))),
    CONSTRAINT class_templates_back_number_policy_override_check CHECK (((back_number_policy_override IS NULL) OR (back_number_policy_override = ANY (ARRAY['horse'::text, 'rider'::text, 'horse_rider_team'::text, 'entry'::text, 'custom'::text]))))
);


ALTER TABLE public.class_templates OWNER TO postgres;

--
-- Name: classes; Type: TABLE; Schema: public; Owner: postgres
--

CREATE TABLE public.classes (
    id uuid DEFAULT gen_random_uuid() NOT NULL,
    organization_id uuid NOT NULL,
    show_id uuid NOT NULL,
    block_id uuid NOT NULL,
    name character varying(255) NOT NULL,
    level smallint,
    code character varying(50),
    entry_fee numeric(10,2),
    notes text,
    created_at timestamp with time zone DEFAULT now() NOT NULL,
    updated_at timestamp with time zone DEFAULT now() NOT NULL,
    class_template_id uuid,
    eligibility_rules jsonb DEFAULT '{}'::jsonb NOT NULL,
    judge_fee numeric(10,2),
    payout_schedule_type text DEFAULT 'none'::text NOT NULL,
    added_money numeric(12,2) DEFAULT 0 NOT NULL,
    retainage_percent numeric(5,2),
    trophy_or_plaque_fee numeric(12,2) DEFAULT 0 NOT NULL,
    sanctioning_fee_percent numeric(5,2),
    payout_rules jsonb DEFAULT '{}'::jsonb NOT NULL,
    payout_notes text,
    organization_discipline_id uuid NOT NULL,
    description text,
    minimum_entries smallint DEFAULT 2 NOT NULL,
    registration_status text DEFAULT 'open'::text NOT NULL,
    is_public boolean DEFAULT true NOT NULL,
    back_number_policy_override text,
    sort_order integer DEFAULT 1 NOT NULL,
    CONSTRAINT classes_back_number_policy_override_check CHECK (((back_number_policy_override IS NULL) OR (back_number_policy_override = ANY (ARRAY['horse'::text, 'rider'::text, 'horse_rider_team'::text, 'entry'::text, 'custom'::text])))),
    CONSTRAINT classes_minimum_entries_check CHECK ((minimum_entries >= 0)),
    CONSTRAINT classes_registration_status_check CHECK ((registration_status = ANY (ARRAY['draft'::text, 'open'::text, 'closed'::text, 'cancelled'::text]))),
    CONSTRAINT classes_sort_order_check CHECK ((sort_order > 0)),
    CONSTRAINT divisions_payout_money_check CHECK (((added_money >= (0)::numeric) AND (trophy_or_plaque_fee >= (0)::numeric))),
    CONSTRAINT divisions_payout_percent_check CHECK ((((retainage_percent IS NULL) OR ((retainage_percent >= (0)::numeric) AND (retainage_percent <= (100)::numeric))) AND ((sanctioning_fee_percent IS NULL) OR ((sanctioning_fee_percent >= (0)::numeric) AND (sanctioning_fee_percent <= (100)::numeric))))),
    CONSTRAINT divisions_payout_schedule_type_check CHECK ((payout_schedule_type = ANY (ARRAY['none'::text, 'nrha_schedule_a'::text, 'nrha_schedule_b'::text, 'house_concentrated'::text, 'house_distributed'::text, 'house_custom'::text, 'jackpot_100'::text])))
);


ALTER TABLE public.classes OWNER TO postgres;

--
-- Name: contact_external_identifiers; Type: TABLE; Schema: public; Owner: postgres
--

CREATE TABLE public.contact_external_identifiers (
    id uuid DEFAULT gen_random_uuid() NOT NULL,
    contact_id uuid NOT NULL,
    external_credential_issuer_id uuid NOT NULL,
    identifier_type text DEFAULT 'membership'::text NOT NULL,
    identifier_value text NOT NULL,
    normalized_identifier_value text GENERATED ALWAYS AS (upper(btrim(identifier_value))) STORED,
    status text DEFAULT 'unknown'::text NOT NULL,
    valid_from date,
    expires_on date,
    verified_at timestamp with time zone,
    verified_by_external_data_source_id uuid,
    latest_snapshot_id uuid,
    metadata jsonb DEFAULT '{}'::jsonb NOT NULL,
    created_at timestamp with time zone DEFAULT now() NOT NULL,
    updated_at timestamp with time zone DEFAULT now() NOT NULL,
    credential_product_id uuid,
    CONSTRAINT contact_external_identifiers_check CHECK (((expires_on IS NULL) OR (valid_from IS NULL) OR (expires_on >= valid_from))),
    CONSTRAINT contact_external_identifiers_identifier_type_check CHECK ((identifier_type = ANY (ARRAY['membership'::text, 'license'::text, 'registration'::text, 'certification'::text, 'other'::text]))),
    CONSTRAINT contact_external_identifiers_identifier_value_check CHECK ((btrim(identifier_value) <> ''::text)),
    CONSTRAINT contact_external_identifiers_metadata_check CHECK ((jsonb_typeof(metadata) = 'object'::text)),
    CONSTRAINT contact_external_identifiers_status_check CHECK ((status = ANY (ARRAY['active'::text, 'pending'::text, 'expired'::text, 'inactive'::text, 'revoked'::text, 'unknown'::text])))
);


ALTER TABLE public.contact_external_identifiers OWNER TO postgres;

--
-- Name: contact_insurance_evidence; Type: TABLE; Schema: public; Owner: postgres
--

CREATE TABLE public.contact_insurance_evidence (
    id uuid DEFAULT gen_random_uuid() NOT NULL,
    contact_id uuid NOT NULL,
    external_credential_issuer_id uuid,
    credential_product_id uuid,
    policy_number text,
    provider_name text,
    valid_from date,
    expires_on date NOT NULL,
    coverage_amount numeric(12,2),
    coverage_currency text,
    document_storage_path text,
    status text DEFAULT 'pending'::text NOT NULL,
    reviewed_at timestamp with time zone,
    reviewed_by_user_id uuid,
    notes text,
    metadata jsonb DEFAULT '{}'::jsonb NOT NULL,
    created_by_user_id uuid,
    created_at timestamp with time zone DEFAULT now() NOT NULL,
    updated_at timestamp with time zone DEFAULT now() NOT NULL,
    CONSTRAINT contact_insurance_evidence_check CHECK ((expires_on >= COALESCE(valid_from, expires_on))),
    CONSTRAINT contact_insurance_evidence_coverage_amount_check CHECK (((coverage_amount IS NULL) OR (coverage_amount >= (0)::numeric))),
    CONSTRAINT contact_insurance_evidence_coverage_currency_check CHECK (((coverage_currency IS NULL) OR (coverage_currency ~ '^[A-Z]{3}$'::text))),
    CONSTRAINT contact_insurance_evidence_metadata_check CHECK ((jsonb_typeof(metadata) = 'object'::text)),
    CONSTRAINT contact_insurance_evidence_status_check CHECK ((status = ANY (ARRAY['pending'::text, 'approved'::text, 'expired'::text, 'rejected'::text, 'superseded'::text])))
);


ALTER TABLE public.contact_insurance_evidence OWNER TO postgres;

--
-- Name: TABLE contact_insurance_evidence; Type: COMMENT; Schema: public; Owner: postgres
--

COMMENT ON TABLE public.contact_insurance_evidence IS 'Auditable rider insurance evidence used when an accepted sport-organization membership is absent.';


--
-- Name: contact_organization_memberships; Type: TABLE; Schema: public; Owner: postgres
--

CREATE TABLE public.contact_organization_memberships (
    id uuid DEFAULT gen_random_uuid() NOT NULL,
    organization_id uuid NOT NULL,
    contact_id uuid NOT NULL,
    membership_type_id uuid NOT NULL,
    show_id uuid,
    payer_contact_id uuid,
    season_year integer NOT NULL,
    membership_number text,
    status text DEFAULT 'draft'::text NOT NULL,
    valid_from date NOT NULL,
    valid_until date NOT NULL,
    invoice_id uuid,
    notes text,
    sold_by_user_id uuid,
    activated_at timestamp with time zone,
    created_at timestamp with time zone DEFAULT now() NOT NULL,
    updated_at timestamp with time zone DEFAULT now() NOT NULL,
    CONSTRAINT contact_organization_memberships_check CHECK ((valid_until >= valid_from)),
    CONSTRAINT contact_organization_memberships_status_check CHECK ((status = ANY (ARRAY['draft'::text, 'active'::text, 'expired'::text, 'cancelled'::text])))
);


ALTER TABLE public.contact_organization_memberships OWNER TO postgres;

--
-- Name: contact_roles; Type: TABLE; Schema: public; Owner: postgres
--

CREATE TABLE public.contact_roles (
    id uuid DEFAULT gen_random_uuid() NOT NULL,
    organization_id uuid NOT NULL,
    contact_id uuid NOT NULL,
    role character varying(50) NOT NULL,
    source character varying(50) DEFAULT 'manual'::character varying NOT NULL,
    created_at timestamp with time zone DEFAULT now() NOT NULL,
    updated_at timestamp with time zone DEFAULT now() NOT NULL,
    CONSTRAINT contact_roles_role_check CHECK (((role)::text = ANY ((ARRAY['owner'::character varying, 'agent'::character varying, 'rider'::character varying, 'payer'::character varying, 'booker'::character varying, 'other'::character varying])::text[]))),
    CONSTRAINT contact_roles_source_check CHECK (((source)::text = ANY ((ARRAY['manual'::character varying, 'contact_type'::character varying, 'horse'::character varying, 'entry'::character varying, 'reservation'::character varying])::text[])))
);


ALTER TABLE public.contact_roles OWNER TO postgres;

--
-- Name: contact_similarity_dismissals; Type: TABLE; Schema: public; Owner: postgres
--

CREATE TABLE public.contact_similarity_dismissals (
    id uuid DEFAULT gen_random_uuid() NOT NULL,
    organization_id uuid NOT NULL,
    existing_contact_id uuid NOT NULL,
    candidate_signature text NOT NULL,
    reason text,
    algorithm_version text DEFAULT 'identity-v1'::text NOT NULL,
    dismissed_by_user_id uuid,
    created_at timestamp with time zone DEFAULT now() NOT NULL
);


ALTER TABLE public.contact_similarity_dismissals OWNER TO postgres;

--
-- Name: credential_issuer_governing_bodies; Type: TABLE; Schema: public; Owner: postgres
--

CREATE TABLE public.credential_issuer_governing_bodies (
    external_credential_issuer_id uuid NOT NULL,
    governing_body_id uuid NOT NULL,
    relationship_type text DEFAULT 'same_legal_entity'::text NOT NULL,
    is_active boolean DEFAULT true NOT NULL,
    metadata jsonb DEFAULT '{}'::jsonb NOT NULL,
    created_at timestamp with time zone DEFAULT now() NOT NULL,
    updated_at timestamp with time zone DEFAULT now() NOT NULL,
    CONSTRAINT credential_issuer_governing_bodies_metadata_check CHECK ((jsonb_typeof(metadata) = 'object'::text)),
    CONSTRAINT credential_issuer_governing_bodies_relationship_type_check CHECK ((relationship_type = ANY (ARRAY['same_legal_entity'::text, 'authorized_issuer'::text, 'affiliate'::text])))
);


ALTER TABLE public.credential_issuer_governing_bodies OWNER TO postgres;

--
-- Name: TABLE credential_issuer_governing_bodies; Type: COMMENT; Schema: public; Owner: postgres
--

COMMENT ON TABLE public.credential_issuer_governing_bodies IS 'Optional role link when one real-world entity also governs sport. It never makes the two concepts interchangeable.';


--
-- Name: show_days; Type: TABLE; Schema: public; Owner: postgres
--

CREATE TABLE public.show_days (
    id uuid DEFAULT gen_random_uuid() NOT NULL,
    organization_id uuid NOT NULL,
    show_id uuid NOT NULL,
    day_date date NOT NULL,
    day_name character varying(50),
    day_number smallint,
    start_time time without time zone,
    end_time time without time zone,
    gate_open_time time without time zone,
    max_entries_per_class smallint,
    notes text,
    created_at timestamp with time zone DEFAULT now() NOT NULL,
    updated_at timestamp with time zone DEFAULT now() NOT NULL,
    sort_order integer DEFAULT 1 NOT NULL,
    legacy_showscore_day_id text,
    user_id uuid
);


ALTER TABLE public.show_days OWNER TO postgres;

--
-- Name: days; Type: VIEW; Schema: public; Owner: postgres
--

CREATE VIEW public.days WITH (security_invoker='true') AS
 SELECT id,
    organization_id AS association_id,
    show_id,
    day_name AS label,
    day_date AS date,
    sort_order,
    created_at,
    updated_at
   FROM public.show_days;


ALTER VIEW public.days OWNER TO postgres;

--
-- Name: directory_contacts; Type: TABLE; Schema: public; Owner: postgres
--

CREATE TABLE public.directory_contacts (
    id uuid DEFAULT gen_random_uuid() NOT NULL,
    organization_discipline_id uuid NOT NULL,
    contact_id uuid NOT NULL,
    source text DEFAULT 'manual'::text NOT NULL,
    notes text,
    metadata jsonb DEFAULT '{}'::jsonb NOT NULL,
    created_by_user_id uuid,
    created_at timestamp with time zone DEFAULT now() NOT NULL,
    updated_at timestamp with time zone DEFAULT now() NOT NULL,
    CONSTRAINT directory_contacts_source_check CHECK ((source = ANY (ARRAY['manual'::text, 'entry'::text, 'membership'::text, 'relationship'::text, 'reservation'::text, 'import'::text])))
);


ALTER TABLE public.directory_contacts OWNER TO postgres;

--
-- Name: directory_horses; Type: TABLE; Schema: public; Owner: postgres
--

CREATE TABLE public.directory_horses (
    id uuid DEFAULT gen_random_uuid() NOT NULL,
    organization_discipline_id uuid NOT NULL,
    horse_id uuid NOT NULL,
    source text DEFAULT 'manual'::text NOT NULL,
    notes text,
    metadata jsonb DEFAULT '{}'::jsonb NOT NULL,
    created_by_user_id uuid,
    created_at timestamp with time zone DEFAULT now() NOT NULL,
    updated_at timestamp with time zone DEFAULT now() NOT NULL,
    CONSTRAINT directory_horses_source_check CHECK ((source = ANY (ARRAY['manual'::text, 'entry'::text, 'membership'::text, 'relationship'::text, 'reservation'::text, 'import'::text])))
);


ALTER TABLE public.directory_horses OWNER TO postgres;

--
-- Name: discipline_credential_issuers; Type: TABLE; Schema: public; Owner: postgres
--

CREATE TABLE public.discipline_credential_issuers (
    discipline_id uuid NOT NULL,
    external_credential_issuer_id uuid NOT NULL,
    is_default boolean DEFAULT false NOT NULL,
    is_active boolean DEFAULT true NOT NULL,
    settings jsonb DEFAULT '{}'::jsonb NOT NULL,
    created_by_user_id uuid,
    created_at timestamp with time zone DEFAULT now() NOT NULL,
    updated_at timestamp with time zone DEFAULT now() NOT NULL,
    CONSTRAINT discipline_credential_issuers_settings_check CHECK ((jsonb_typeof(settings) = 'object'::text))
);


ALTER TABLE public.discipline_credential_issuers OWNER TO postgres;

--
-- Name: TABLE discipline_credential_issuers; Type: COMMENT; Schema: public; Owner: postgres
--

COMMENT ON TABLE public.discipline_credential_issuers IS 'Platform-admin catalog of credential issuers available to associations using a discipline.';


--
-- Name: discipline_governing_bodies; Type: TABLE; Schema: public; Owner: postgres
--

CREATE TABLE public.discipline_governing_bodies (
    discipline_id uuid NOT NULL,
    governing_body_id uuid NOT NULL,
    is_default boolean DEFAULT false NOT NULL,
    is_active boolean DEFAULT true NOT NULL,
    settings jsonb DEFAULT '{}'::jsonb NOT NULL,
    created_by_user_id uuid,
    created_at timestamp with time zone DEFAULT now() NOT NULL,
    updated_at timestamp with time zone DEFAULT now() NOT NULL,
    CONSTRAINT discipline_governing_bodies_settings_check CHECK ((jsonb_typeof(settings) = 'object'::text))
);


ALTER TABLE public.discipline_governing_bodies OWNER TO postgres;

--
-- Name: TABLE discipline_governing_bodies; Type: COMMENT; Schema: public; Owner: postgres
--

COMMENT ON TABLE public.discipline_governing_bodies IS 'Platform-admin catalog of sporting governing bodies compatible with a discipline.';


--
-- Name: disciplines; Type: TABLE; Schema: public; Owner: postgres
--

CREATE TABLE public.disciplines (
    id uuid DEFAULT gen_random_uuid() NOT NULL,
    code text NOT NULL,
    name text NOT NULL,
    description text,
    is_active boolean DEFAULT true NOT NULL,
    metadata jsonb DEFAULT '{}'::jsonb NOT NULL,
    created_at timestamp with time zone DEFAULT now() NOT NULL,
    updated_at timestamp with time zone DEFAULT now() NOT NULL
);


ALTER TABLE public.disciplines OWNER TO postgres;

--
-- Name: eligibility_requirements; Type: TABLE; Schema: public; Owner: postgres
--

CREATE TABLE public.eligibility_requirements (
    id uuid DEFAULT gen_random_uuid() NOT NULL,
    organization_id uuid NOT NULL,
    scope_type text NOT NULL,
    organization_discipline_id uuid,
    block_id uuid,
    class_id uuid,
    block_template_id uuid,
    class_template_id uuid,
    requirement_type text NOT NULL,
    subject_type text NOT NULL,
    external_credential_issuer_id uuid,
    credential_product_id uuid,
    credential_type text,
    requirement_group_code text,
    match_rule text DEFAULT 'all'::text NOT NULL,
    validity_rule text DEFAULT 'active_on_reference_date'::text NOT NULL,
    enforcement_mode text DEFAULT 'blocking'::text NOT NULL,
    is_required boolean DEFAULT true NOT NULL,
    is_active boolean DEFAULT true NOT NULL,
    label text,
    settings jsonb DEFAULT '{}'::jsonb NOT NULL,
    created_by_user_id uuid,
    created_at timestamp with time zone DEFAULT now() NOT NULL,
    updated_at timestamp with time zone DEFAULT now() NOT NULL,
    incentive_program_id uuid,
    CONSTRAINT eligibility_requirements_check CHECK (((requirement_group_code IS NOT NULL) OR (match_rule = 'all'::text))),
    CONSTRAINT eligibility_requirements_credential_type_check CHECK (((credential_type IS NULL) OR (credential_type = ANY (ARRAY['membership'::text, 'license'::text, 'registration'::text, 'certification'::text, 'insurance'::text, 'other'::text])))),
    CONSTRAINT eligibility_requirements_enforcement_mode_check CHECK ((enforcement_mode = ANY (ARRAY['warning'::text, 'blocking'::text]))),
    CONSTRAINT eligibility_requirements_match_rule_check CHECK ((match_rule = ANY (ARRAY['all'::text, 'at_least_one'::text]))),
    CONSTRAINT eligibility_requirements_program_context_check CHECK ((((requirement_type = 'program_nomination'::text) AND (subject_type = 'horse'::text) AND (incentive_program_id IS NOT NULL)) OR ((requirement_type <> 'program_nomination'::text) AND (incentive_program_id IS NULL)))),
    CONSTRAINT eligibility_requirements_requirement_type_check CHECK ((requirement_type = ANY (ARRAY['host_membership'::text, 'external_contact_credential'::text, 'horse_registration'::text, 'rider_insurance'::text, 'program_nomination'::text]))),
    CONSTRAINT eligibility_requirements_scope_target_check CHECK ((((scope_type = 'organization_discipline'::text) AND (organization_discipline_id IS NOT NULL) AND (block_id IS NULL) AND (class_id IS NULL) AND (block_template_id IS NULL) AND (class_template_id IS NULL)) OR ((scope_type = 'block'::text) AND (organization_discipline_id IS NULL) AND (block_id IS NOT NULL) AND (class_id IS NULL) AND (block_template_id IS NULL) AND (class_template_id IS NULL)) OR ((scope_type = 'class'::text) AND (organization_discipline_id IS NULL) AND (block_id IS NULL) AND (class_id IS NOT NULL) AND (block_template_id IS NULL) AND (class_template_id IS NULL)) OR ((scope_type = 'block_template'::text) AND (organization_discipline_id IS NULL) AND (block_id IS NULL) AND (class_id IS NULL) AND (block_template_id IS NOT NULL) AND (class_template_id IS NULL)) OR ((scope_type = 'class_template'::text) AND (organization_discipline_id IS NULL) AND (block_id IS NULL) AND (class_id IS NULL) AND (block_template_id IS NULL) AND (class_template_id IS NOT NULL)))),
    CONSTRAINT eligibility_requirements_scope_type_check CHECK ((scope_type = ANY (ARRAY['organization_discipline'::text, 'block'::text, 'class'::text, 'block_template'::text, 'class_template'::text]))),
    CONSTRAINT eligibility_requirements_settings_check CHECK ((jsonb_typeof(settings) = 'object'::text)),
    CONSTRAINT eligibility_requirements_subject_type_check CHECK ((subject_type = ANY (ARRAY['rider'::text, 'owner'::text, 'horse'::text]))),
    CONSTRAINT eligibility_requirements_validity_rule_check CHECK ((validity_rule = ANY (ARRAY['present'::text, 'active_on_reference_date'::text])))
);


ALTER TABLE public.eligibility_requirements OWNER TO postgres;

--
-- Name: TABLE eligibility_requirements; Type: COMMENT; Schema: public; Owner: postgres
--

COMMENT ON TABLE public.eligibility_requirements IS 'Association-owned requirements inherited from discipline to block and supplemented by class rules.';


--
-- Name: entries; Type: TABLE; Schema: public; Owner: postgres
--

CREATE TABLE public.entries (
    id uuid DEFAULT gen_random_uuid() NOT NULL,
    organization_id uuid NOT NULL,
    show_id uuid NOT NULL,
    horse_id uuid NOT NULL,
    class_id uuid NOT NULL,
    created_by_user_id uuid NOT NULL,
    owner_contact_id uuid NOT NULL,
    agent_user_id uuid,
    rider_contact_id uuid,
    payer_contact_id uuid NOT NULL,
    status character varying(50) DEFAULT 'draft'::character varying NOT NULL,
    membership_verified boolean DEFAULT false NOT NULL,
    membership_verified_at timestamp with time zone,
    coggins_verified boolean DEFAULT false NOT NULL,
    coggins_verified_at timestamp with time zone,
    health_cert_verified boolean DEFAULT false NOT NULL,
    health_cert_verified_at timestamp with time zone,
    entry_number smallint,
    base_fee numeric(10,2),
    total_fees numeric(10,2),
    notes text,
    special_requests text,
    created_at timestamp with time zone DEFAULT now() NOT NULL,
    updated_at timestamp with time zone DEFAULT now() NOT NULL,
    scratched_at timestamp with time zone,
    scratched_by_user_id uuid,
    is_late boolean DEFAULT false NOT NULL,
    late_fee_percent numeric(5,2) DEFAULT 0 NOT NULL,
    late_fee_amount numeric(12,2) DEFAULT 0 NOT NULL,
    CONSTRAINT entries_late_fee_check CHECK (((late_fee_percent >= (0)::numeric) AND (late_fee_percent <= (1000)::numeric) AND (late_fee_amount >= (0)::numeric))),
    CONSTRAINT entries_status_check CHECK (((status)::text = ANY ((ARRAY['draft'::character varying, 'pending_checkout'::character varying, 'active'::character varying, 'scratched_pending_refund'::character varying, 'scratched'::character varying, 'completed'::character varying, 'cancelled'::character varying])::text[])))
);


ALTER TABLE public.entries OWNER TO postgres;

--
-- Name: entry_results; Type: TABLE; Schema: public; Owner: postgres
--

CREATE TABLE public.entry_results (
    entry_id uuid NOT NULL,
    run_id uuid NOT NULL,
    block_run_id uuid NOT NULL,
    block_id uuid NOT NULL,
    class_id uuid NOT NULL,
    show_id uuid NOT NULL,
    final_score numeric(8,3),
    status text NOT NULL,
    synced_at timestamp with time zone DEFAULT now() NOT NULL,
    updated_at timestamp with time zone DEFAULT now() NOT NULL,
    CONSTRAINT entry_results_check CHECK ((((status = 'scored'::text) AND (final_score IS NOT NULL)) OR ((status <> 'scored'::text) AND (final_score IS NULL)))),
    CONSTRAINT entry_results_status_check CHECK ((status = ANY (ARRAY['scored'::text, 'scratch'::text, 'no_score'::text, 'disqualified'::text])))
);


ALTER TABLE public.entry_results OWNER TO postgres;

--
-- Name: external_credential_issuers; Type: TABLE; Schema: public; Owner: postgres
--

CREATE TABLE public.external_credential_issuers (
    id uuid DEFAULT gen_random_uuid() NOT NULL,
    code text NOT NULL,
    name text NOT NULL,
    issuer_type text DEFAULT 'other'::text NOT NULL,
    country_code text,
    subdivision_code text,
    website_url text,
    is_active boolean DEFAULT true NOT NULL,
    metadata jsonb DEFAULT '{}'::jsonb NOT NULL,
    created_at timestamp with time zone DEFAULT now() NOT NULL,
    updated_at timestamp with time zone DEFAULT now() NOT NULL,
    CONSTRAINT external_credential_issuers_code_check CHECK ((btrim(code) <> ''::text)),
    CONSTRAINT external_credential_issuers_country_code_check CHECK (((country_code IS NULL) OR (country_code ~ '^[A-Z]{2}$'::text))),
    CONSTRAINT external_credential_issuers_issuer_type_check CHECK ((issuer_type = ANY (ARRAY['provincial_territorial_sport_organization'::text, 'national_sport_organization'::text, 'breed_registry'::text, 'sanctioning_organization'::text, 'insurance_provider'::text, 'other'::text]))),
    CONSTRAINT external_credential_issuers_metadata_check CHECK ((jsonb_typeof(metadata) = 'object'::text)),
    CONSTRAINT external_credential_issuers_name_check CHECK ((btrim(name) <> ''::text)),
    CONSTRAINT external_credential_issuers_subdivision_code_check CHECK (((subdivision_code IS NULL) OR (subdivision_code ~ '^[A-Z0-9-]{2,10}$'::text)))
);


ALTER TABLE public.external_credential_issuers OWNER TO postgres;

--
-- Name: TABLE external_credential_issuers; Type: COMMENT; Schema: public; Owner: postgres
--

COMMENT ON TABLE public.external_credential_issuers IS 'Organizations that issue memberships, licences, registrations or comparable credentials. They are not HSP tenants or technical data sources.';


--
-- Name: COLUMN external_credential_issuers.issuer_type; Type: COMMENT; Schema: public; Owner: postgres
--

COMMENT ON COLUMN public.external_credential_issuers.issuer_type IS 'OPTS organizations use provincial_territorial_sport_organization and are scoped with country_code plus subdivision_code.';


--
-- Name: external_credential_products; Type: TABLE; Schema: public; Owner: postgres
--

CREATE TABLE public.external_credential_products (
    id uuid DEFAULT gen_random_uuid() NOT NULL,
    external_credential_issuer_id uuid NOT NULL,
    code text NOT NULL,
    name text NOT NULL,
    credential_type text NOT NULL,
    includes_liability_insurance boolean DEFAULT false NOT NULL,
    minimum_coverage_amount numeric(12,2),
    coverage_currency text,
    is_active boolean DEFAULT true NOT NULL,
    settings jsonb DEFAULT '{}'::jsonb NOT NULL,
    created_by_user_id uuid,
    created_at timestamp with time zone DEFAULT now() NOT NULL,
    updated_at timestamp with time zone DEFAULT now() NOT NULL,
    CONSTRAINT external_credential_products_code_check CHECK ((btrim(code) <> ''::text)),
    CONSTRAINT external_credential_products_coverage_currency_check CHECK (((coverage_currency IS NULL) OR (coverage_currency ~ '^[A-Z]{3}$'::text))),
    CONSTRAINT external_credential_products_credential_type_check CHECK ((credential_type = ANY (ARRAY['membership'::text, 'license'::text, 'registration'::text, 'certification'::text, 'insurance'::text, 'other'::text]))),
    CONSTRAINT external_credential_products_minimum_coverage_amount_check CHECK (((minimum_coverage_amount IS NULL) OR (minimum_coverage_amount >= (0)::numeric))),
    CONSTRAINT external_credential_products_name_check CHECK ((btrim(name) <> ''::text)),
    CONSTRAINT external_credential_products_settings_check CHECK ((jsonb_typeof(settings) = 'object'::text))
);


ALTER TABLE public.external_credential_products OWNER TO postgres;

--
-- Name: TABLE external_credential_products; Type: COMMENT; Schema: public; Owner: postgres
--

COMMENT ON TABLE public.external_credential_products IS 'Platform-admin catalog of memberships, registrations and insurance products issued by an external organization.';


--
-- Name: external_data_snapshot_contacts; Type: TABLE; Schema: public; Owner: postgres
--

CREATE TABLE public.external_data_snapshot_contacts (
    snapshot_id uuid NOT NULL,
    contact_id uuid NOT NULL,
    relationship_type text DEFAULT 'subject'::text NOT NULL,
    CONSTRAINT external_data_snapshot_contacts_relationship_type_check CHECK ((relationship_type = ANY (ARRAY['subject'::text, 'candidate'::text, 'related'::text])))
);


ALTER TABLE public.external_data_snapshot_contacts OWNER TO postgres;

--
-- Name: external_data_snapshot_horses; Type: TABLE; Schema: public; Owner: postgres
--

CREATE TABLE public.external_data_snapshot_horses (
    snapshot_id uuid NOT NULL,
    horse_id uuid NOT NULL,
    relationship_type text DEFAULT 'subject'::text NOT NULL,
    CONSTRAINT external_data_snapshot_horses_relationship_type_check CHECK ((relationship_type = ANY (ARRAY['subject'::text, 'candidate'::text, 'related'::text])))
);


ALTER TABLE public.external_data_snapshot_horses OWNER TO postgres;

--
-- Name: external_data_snapshots; Type: TABLE; Schema: public; Owner: postgres
--

CREATE TABLE public.external_data_snapshots (
    id uuid DEFAULT gen_random_uuid() NOT NULL,
    external_data_source_id uuid NOT NULL,
    source_record_key text,
    status text DEFAULT 'captured'::text NOT NULL,
    retrieved_at timestamp with time zone DEFAULT now() NOT NULL,
    effective_at timestamp with time zone,
    expires_at timestamp with time zone,
    payload jsonb DEFAULT '{}'::jsonb NOT NULL,
    payload_hash text,
    created_by_user_id uuid DEFAULT public.current_profile_id(),
    created_at timestamp with time zone DEFAULT now() NOT NULL,
    CONSTRAINT external_data_snapshots_payload_check CHECK ((jsonb_typeof(payload) = 'object'::text)),
    CONSTRAINT external_data_snapshots_status_check CHECK ((status = ANY (ARRAY['captured'::text, 'verified'::text, 'rejected'::text, 'superseded'::text])))
);


ALTER TABLE public.external_data_snapshots OWNER TO postgres;

--
-- Name: TABLE external_data_snapshots; Type: COMMENT; Schema: public; Owner: postgres
--

COMMENT ON TABLE public.external_data_snapshots IS 'Immutable evidence captured from an external data channel. Business decisions remain outside this table.';


--
-- Name: external_data_sources; Type: TABLE; Schema: public; Owner: postgres
--

CREATE TABLE public.external_data_sources (
    id uuid DEFAULT gen_random_uuid() NOT NULL,
    code text NOT NULL,
    name text NOT NULL,
    source_type text NOT NULL,
    operational_status text DEFAULT 'planned'::text NOT NULL,
    base_url text,
    documentation_url text,
    capabilities jsonb DEFAULT '{}'::jsonb NOT NULL,
    configuration jsonb DEFAULT '{}'::jsonb NOT NULL,
    availability_checked_at timestamp with time zone,
    is_active boolean DEFAULT true NOT NULL,
    metadata jsonb DEFAULT '{}'::jsonb NOT NULL,
    created_at timestamp with time zone DEFAULT now() NOT NULL,
    updated_at timestamp with time zone DEFAULT now() NOT NULL,
    CONSTRAINT external_data_sources_capabilities_check CHECK ((jsonb_typeof(capabilities) = 'object'::text)),
    CONSTRAINT external_data_sources_code_check CHECK ((btrim(code) <> ''::text)),
    CONSTRAINT external_data_sources_configuration_check CHECK ((jsonb_typeof(configuration) = 'object'::text)),
    CONSTRAINT external_data_sources_metadata_check CHECK ((jsonb_typeof(metadata) = 'object'::text)),
    CONSTRAINT external_data_sources_name_check CHECK ((btrim(name) <> ''::text)),
    CONSTRAINT external_data_sources_operational_status_check CHECK ((operational_status = ANY (ARRAY['planned'::text, 'available'::text, 'degraded'::text, 'unavailable'::text, 'retired'::text]))),
    CONSTRAINT external_data_sources_source_type_check CHECK ((source_type = ANY (ARRAY['api'::text, 'manual_import'::text, 'document'::text, 'public_registry'::text])))
);


ALTER TABLE public.external_data_sources OWNER TO postgres;

--
-- Name: TABLE external_data_sources; Type: COMMENT; Schema: public; Owner: postgres
--

COMMENT ON TABLE public.external_data_sources IS 'Catalog of external data channels. A source is an optional tool and never owns an HSP identity.';


--
-- Name: COLUMN external_data_sources.configuration; Type: COMMENT; Schema: public; Owner: postgres
--

COMMENT ON COLUMN public.external_data_sources.configuration IS 'Non-secret connector configuration only. Credentials and tokens must remain in the deployment secret store.';


--
-- Name: external_source_governing_bodies; Type: TABLE; Schema: public; Owner: postgres
--

CREATE TABLE public.external_source_governing_bodies (
    external_data_source_id uuid NOT NULL,
    governing_body_id uuid NOT NULL,
    relationship_type text DEFAULT 'official'::text NOT NULL,
    data_scope jsonb DEFAULT '{}'::jsonb NOT NULL,
    is_active boolean DEFAULT true NOT NULL,
    created_at timestamp with time zone DEFAULT now() NOT NULL,
    updated_at timestamp with time zone DEFAULT now() NOT NULL,
    CONSTRAINT external_source_governing_bodies_data_scope_check CHECK ((jsonb_typeof(data_scope) = 'object'::text)),
    CONSTRAINT external_source_governing_bodies_relationship_type_check CHECK ((relationship_type = ANY (ARRAY['official'::text, 'authorized'::text, 'third_party'::text, 'manual'::text])))
);


ALTER TABLE public.external_source_governing_bodies OWNER TO postgres;

--
-- Name: TABLE external_source_governing_bodies; Type: COMMENT; Schema: public; Owner: postgres
--

COMMENT ON TABLE public.external_source_governing_bodies IS 'Optional many-to-many catalog link. It does not make a source a tenant or prove that a class is sanctioned.';


--
-- Name: governing_bodies; Type: TABLE; Schema: public; Owner: postgres
--

CREATE TABLE public.governing_bodies (
    id uuid DEFAULT gen_random_uuid() NOT NULL,
    code text NOT NULL,
    name text NOT NULL,
    description text,
    default_back_number_policy text DEFAULT 'horse'::text NOT NULL,
    is_active boolean DEFAULT true NOT NULL,
    metadata jsonb DEFAULT '{}'::jsonb NOT NULL,
    created_at timestamp with time zone DEFAULT now() NOT NULL,
    updated_at timestamp with time zone DEFAULT now() NOT NULL,
    CONSTRAINT governing_bodies_default_back_number_policy_check CHECK ((default_back_number_policy = ANY (ARRAY['horse'::text, 'rider'::text, 'horse_rider_team'::text, 'entry'::text, 'custom'::text])))
);


ALTER TABLE public.governing_bodies OWNER TO postgres;

--
-- Name: horse_contacts; Type: TABLE; Schema: public; Owner: postgres
--

CREATE TABLE public.horse_contacts (
    id uuid DEFAULT gen_random_uuid() NOT NULL,
    horse_id uuid NOT NULL,
    contact_id uuid NOT NULL,
    role character varying(50) NOT NULL,
    can_create_entries boolean DEFAULT false NOT NULL,
    can_modify_entries boolean DEFAULT false NOT NULL,
    can_book_stalls boolean DEFAULT false NOT NULL,
    can_pay_invoices boolean DEFAULT false NOT NULL,
    created_at timestamp with time zone DEFAULT now() NOT NULL,
    updated_at timestamp with time zone DEFAULT now() NOT NULL,
    CONSTRAINT horse_contacts_role_check CHECK (((role)::text = ANY ((ARRAY['owner'::character varying, 'co-owner'::character varying, 'agent'::character varying, 'rider'::character varying, 'manager'::character varying])::text[])))
);


ALTER TABLE public.horse_contacts OWNER TO postgres;

--
-- Name: horse_documents; Type: TABLE; Schema: public; Owner: postgres
--

CREATE TABLE public.horse_documents (
    id uuid DEFAULT gen_random_uuid() NOT NULL,
    horse_id uuid NOT NULL,
    document_type character varying(50) NOT NULL,
    status character varying(50) DEFAULT 'pending_review'::character varying NOT NULL,
    verification_source character varying(50) DEFAULT 'manual'::character varying NOT NULL,
    source_url text,
    document_url text,
    certificate_number character varying(120),
    issuer_name text,
    test_or_administered_on date,
    expires_on date,
    result character varying(120),
    horse_name text,
    horse_date_of_birth date,
    horse_external_id text,
    warnings text[] DEFAULT '{}'::text[] NOT NULL,
    payload jsonb DEFAULT '{}'::jsonb NOT NULL,
    reviewed_by_user_id uuid,
    reviewed_at timestamp with time zone,
    review_notes text,
    created_by_user_id uuid,
    created_at timestamp with time zone DEFAULT now() NOT NULL,
    updated_at timestamp with time zone DEFAULT now() NOT NULL,
    document_category text DEFAULT 'health'::text NOT NULL,
    external_credential_issuer_id uuid,
    registration_number text,
    breed_name text,
    original_file_name text,
    mime_type text,
    file_size_bytes bigint,
    content_sha256 text,
    metadata jsonb DEFAULT '{}'::jsonb NOT NULL,
    uploaded_by_organization_id uuid,
    CONSTRAINT horse_documents_category_check CHECK ((document_category = ANY (ARRAY['health'::text, 'registration'::text, 'other'::text]))),
    CONSTRAINT horse_documents_category_type_check CHECK ((((document_category = 'health'::text) AND ((document_type)::text = ANY ((ARRAY['coggins_eia'::character varying, 'influenza_vaccine'::character varying, 'rhino_vaccine'::character varying, 'combo_vaccine'::character varying, 'other'::character varying])::text[]))) OR ((document_category = 'registration'::text) AND ((document_type)::text = ANY ((ARRAY['breed_registration'::character varying, 'breed_pedigree'::character varying, 'ownership_certificate'::character varying, 'other'::character varying])::text[]))) OR (document_category = 'other'::text))),
    CONSTRAINT horse_documents_file_size_check CHECK (((file_size_bytes IS NULL) OR (file_size_bytes >= 0))),
    CONSTRAINT horse_documents_registration_context_check CHECK ((((document_type)::text <> 'breed_registration'::text) OR ((document_category = 'registration'::text) AND (external_credential_issuer_id IS NOT NULL) AND (NULLIF(btrim(registration_number), ''::text) IS NOT NULL)))),
    CONSTRAINT horse_documents_sha256_check CHECK (((content_sha256 IS NULL) OR (content_sha256 ~ '^[0-9a-f]{64}$'::text))),
    CONSTRAINT horse_documents_type_check CHECK (((document_type)::text = ANY ((ARRAY['coggins_eia'::character varying, 'influenza_vaccine'::character varying, 'rhino_vaccine'::character varying, 'combo_vaccine'::character varying, 'breed_registration'::character varying, 'breed_pedigree'::character varying, 'ownership_certificate'::character varying, 'other'::character varying])::text[]))),
    CONSTRAINT horse_health_documents_status_check CHECK (((status)::text = ANY ((ARRAY['pending_review'::character varying, 'verified'::character varying, 'approved'::character varying, 'rejected'::character varying, 'expired'::character varying])::text[]))),
    CONSTRAINT horse_health_documents_verification_source_check CHECK (((verification_source)::text = ANY ((ARRAY['manual'::character varying, 'gvl_qr'::character varying, 'gvl_url'::character varying, 'gvl_api'::character varying, 'upload'::character varying])::text[])))
);


ALTER TABLE public.horse_documents OWNER TO postgres;

--
-- Name: TABLE horse_documents; Type: COMMENT; Schema: public; Owner: postgres
--

COMMENT ON TABLE public.horse_documents IS 'Immutable horse-owned source documents. Association context records provenance only and never owns the document.';


--
-- Name: horse_external_identifiers; Type: TABLE; Schema: public; Owner: postgres
--

CREATE TABLE public.horse_external_identifiers (
    id uuid DEFAULT gen_random_uuid() NOT NULL,
    horse_id uuid NOT NULL,
    external_credential_issuer_id uuid NOT NULL,
    identifier_type text DEFAULT 'competition_license'::text NOT NULL,
    identifier_value text NOT NULL,
    normalized_identifier_value text GENERATED ALWAYS AS (upper(btrim(identifier_value))) STORED,
    status text DEFAULT 'unknown'::text NOT NULL,
    valid_from date,
    expires_on date,
    verified_at timestamp with time zone,
    verified_by_external_data_source_id uuid,
    latest_snapshot_id uuid,
    metadata jsonb DEFAULT '{}'::jsonb NOT NULL,
    created_at timestamp with time zone DEFAULT now() NOT NULL,
    updated_at timestamp with time zone DEFAULT now() NOT NULL,
    credential_product_id uuid,
    CONSTRAINT horse_external_identifiers_check CHECK (((expires_on IS NULL) OR (valid_from IS NULL) OR (expires_on >= valid_from))),
    CONSTRAINT horse_external_identifiers_identifier_type_check CHECK ((identifier_type = ANY (ARRAY['competition_license'::text, 'registration'::text, 'membership'::text, 'microchip'::text, 'passport'::text, 'other'::text]))),
    CONSTRAINT horse_external_identifiers_identifier_value_check CHECK ((btrim(identifier_value) <> ''::text)),
    CONSTRAINT horse_external_identifiers_metadata_check CHECK ((jsonb_typeof(metadata) = 'object'::text)),
    CONSTRAINT horse_external_identifiers_status_check CHECK ((status = ANY (ARRAY['active'::text, 'pending'::text, 'expired'::text, 'inactive'::text, 'revoked'::text, 'unknown'::text])))
);


ALTER TABLE public.horse_external_identifiers OWNER TO postgres;

--
-- Name: horse_similarity_dismissals; Type: TABLE; Schema: public; Owner: postgres
--

CREATE TABLE public.horse_similarity_dismissals (
    id uuid DEFAULT gen_random_uuid() NOT NULL,
    organization_id uuid NOT NULL,
    existing_horse_id uuid NOT NULL,
    candidate_signature text NOT NULL,
    reason text,
    algorithm_version text DEFAULT 'identity-v1'::text NOT NULL,
    dismissed_by_user_id uuid,
    created_at timestamp with time zone DEFAULT now() NOT NULL
);


ALTER TABLE public.horse_similarity_dismissals OWNER TO postgres;

--
-- Name: horses; Type: TABLE; Schema: public; Owner: postgres
--

CREATE TABLE public.horses (
    id uuid DEFAULT gen_random_uuid() NOT NULL,
    name character varying(255) NOT NULL,
    breed character varying(100),
    color character varying(100),
    gender character varying(10),
    birth_year smallint,
    registration_number character varying(100),
    registration_organization character varying(100),
    primary_owner_contact_id uuid NOT NULL,
    coggins_expiry date,
    health_cert_expiry date,
    registration_doc_url text,
    notes text,
    created_by_user_id uuid,
    created_at timestamp with time zone DEFAULT now() NOT NULL,
    updated_at timestamp with time zone DEFAULT now() NOT NULL,
    date_of_birth date,
    sire_name character varying(255),
    dam_name character varying(255),
    registration_status text DEFAULT 'unknown'::text NOT NULL,
    CONSTRAINT horses_gender_check CHECK (((gender)::text = ANY ((ARRAY['M'::character varying, 'F'::character varying, 'G'::character varying])::text[]))),
    CONSTRAINT horses_grade_has_no_legacy_registration_check CHECK (((registration_status <> 'grade'::text) OR (registration_number IS NULL))),
    CONSTRAINT horses_registration_status_check CHECK ((registration_status = ANY (ARRAY['registered'::text, 'grade'::text, 'unknown'::text])))
);


ALTER TABLE public.horses OWNER TO postgres;

--
-- Name: COLUMN horses.registration_status; Type: COMMENT; Schema: public; Owner: postgres
--

COMMENT ON COLUMN public.horses.registration_status IS 'registered = one or more registries may apply; grade = explicitly unregistered; unknown = not yet declared.';


--
-- Name: incentive_programs; Type: TABLE; Schema: public; Owner: postgres
--

CREATE TABLE public.incentive_programs (
    id uuid DEFAULT gen_random_uuid() NOT NULL,
    organization_id uuid NOT NULL,
    code text NOT NULL,
    name_fr text NOT NULL,
    name_en text,
    description_fr text,
    description_en text,
    program_type text NOT NULL,
    valid_from date,
    valid_until date,
    nomination_deadline date,
    nomination_fee numeric(12,2) DEFAULT 0 NOT NULL,
    tax_applicable boolean DEFAULT false NOT NULL,
    is_active boolean DEFAULT true NOT NULL,
    settings jsonb DEFAULT '{}'::jsonb NOT NULL,
    created_by_user_id uuid,
    created_at timestamp with time zone DEFAULT now() NOT NULL,
    updated_at timestamp with time zone DEFAULT now() NOT NULL,
    CONSTRAINT incentive_programs_check CHECK (((valid_until IS NULL) OR (valid_from IS NULL) OR (valid_until >= valid_from))),
    CONSTRAINT incentive_programs_code_check CHECK ((btrim(code) <> ''::text)),
    CONSTRAINT incentive_programs_name_fr_check CHECK ((btrim(name_fr) <> ''::text)),
    CONSTRAINT incentive_programs_nomination_fee_check CHECK ((nomination_fee >= (0)::numeric)),
    CONSTRAINT incentive_programs_program_type_check CHECK ((program_type = ANY (ARRAY['horse_foal_nomination'::text, 'stallion_nomination'::text, 'stallion_subscription_foal_nomination'::text, 'stallion_incentive'::text, 'performance_incentive'::text]))),
    CONSTRAINT incentive_programs_settings_check CHECK ((jsonb_typeof(settings) = 'object'::text))
);


ALTER TABLE public.incentive_programs OWNER TO postgres;

--
-- Name: TABLE incentive_programs; Type: COMMENT; Schema: public; Owner: postgres
--

COMMENT ON TABLE public.incentive_programs IS 'Optional association-owned horse, foal, stallion and performance incentive or nomination programs.';


--
-- Name: invoice_line_items; Type: TABLE; Schema: public; Owner: postgres
--

CREATE TABLE public.invoice_line_items (
    id uuid DEFAULT gen_random_uuid() NOT NULL,
    organization_id uuid NOT NULL,
    invoice_id uuid NOT NULL,
    item_type character varying(50) NOT NULL,
    item_id uuid,
    description character varying(255) NOT NULL,
    quantity numeric(10,2) DEFAULT 1 NOT NULL,
    unit_price numeric(12,2) DEFAULT 0 NOT NULL,
    total_price numeric(12,2) NOT NULL,
    tax_applicable boolean DEFAULT true NOT NULL,
    tax_amount numeric(12,2) DEFAULT 0 NOT NULL,
    created_at timestamp with time zone DEFAULT now() NOT NULL,
    CONSTRAINT invoice_line_items_item_type_check CHECK (((item_type)::text = ANY ((ARRAY['entry'::character varying, 'judge_fee'::character varying, 'stall'::character varying, 'extra'::character varying, 'membership'::character varying, 'fee'::character varying, 'discount'::character varying, 'tax'::character varying, 'manual'::character varying])::text[])))
);


ALTER TABLE public.invoice_line_items OWNER TO postgres;

--
-- Name: invoices; Type: TABLE; Schema: public; Owner: postgres
--

CREATE TABLE public.invoices (
    id uuid DEFAULT gen_random_uuid() NOT NULL,
    organization_id uuid NOT NULL,
    show_id uuid,
    invoice_number character varying(50) NOT NULL,
    payer_contact_id uuid NOT NULL,
    created_by_user_id uuid NOT NULL,
    issue_date date DEFAULT CURRENT_DATE NOT NULL,
    due_date date,
    status character varying(50) DEFAULT 'draft'::character varying NOT NULL,
    subtotal numeric(12,2) DEFAULT 0 NOT NULL,
    tax_amount numeric(12,2) DEFAULT 0 NOT NULL,
    discount_amount numeric(12,2) DEFAULT 0 NOT NULL,
    total_amount numeric(12,2) DEFAULT 0 NOT NULL,
    total_paid numeric(12,2) DEFAULT 0 NOT NULL,
    balance_due numeric(12,2) GENERATED ALWAYS AS ((total_amount - total_paid)) STORED,
    notes text,
    payment_terms text,
    sent_at timestamp with time zone,
    sent_by_user_id uuid,
    created_at timestamp with time zone DEFAULT now() NOT NULL,
    updated_at timestamp with time zone DEFAULT now() NOT NULL,
    CONSTRAINT invoices_invoice_number_format_check CHECK (((invoice_number)::text ~ '^[0-9]{4}$'::text)),
    CONSTRAINT invoices_status_check CHECK (((status)::text = ANY ((ARRAY['draft'::character varying, 'sent'::character varying, 'viewed'::character varying, 'partially_paid'::character varying, 'paid'::character varying, 'overdue'::character varying, 'void'::character varying])::text[])))
);


ALTER TABLE public.invoices OWNER TO postgres;

--
-- Name: manual_sales; Type: TABLE; Schema: public; Owner: postgres
--

CREATE TABLE public.manual_sales (
    id uuid DEFAULT gen_random_uuid() NOT NULL,
    organization_id uuid NOT NULL,
    product_id uuid,
    show_id uuid,
    payer_contact_id uuid NOT NULL,
    sold_by_user_id uuid NOT NULL,
    status text DEFAULT 'active'::text NOT NULL,
    description text NOT NULL,
    quantity numeric(10,2) DEFAULT 1 NOT NULL,
    unit_price numeric(12,2) DEFAULT 0 NOT NULL,
    tax_applicable boolean DEFAULT true NOT NULL,
    invoice_id uuid,
    source_payload jsonb DEFAULT '{}'::jsonb NOT NULL,
    created_at timestamp with time zone DEFAULT now() NOT NULL,
    updated_at timestamp with time zone DEFAULT now() NOT NULL,
    CONSTRAINT manual_sales_quantity_check CHECK ((quantity > (0)::numeric)),
    CONSTRAINT manual_sales_status_check CHECK ((status = ANY (ARRAY['draft'::text, 'active'::text, 'cancelled'::text]))),
    CONSTRAINT manual_sales_unit_price_check CHECK ((unit_price >= (0)::numeric))
);


ALTER TABLE public.manual_sales OWNER TO postgres;

--
-- Name: nrha_rider_rankings; Type: TABLE; Schema: public; Owner: postgres
--

CREATE TABLE public.nrha_rider_rankings (
    id uuid DEFAULT gen_random_uuid() NOT NULL,
    eligibility_year integer NOT NULL,
    source_year integer,
    list_type character varying(80) NOT NULL,
    rank integer NOT NULL,
    rider_name text NOT NULL,
    rider_name_normalized text NOT NULL,
    rider_name_match_key text NOT NULL,
    earnings numeric(14,2),
    applies_to_categories integer[] DEFAULT ARRAY[2, 6] NOT NULL,
    source_file_name text,
    source_payload jsonb DEFAULT '{}'::jsonb NOT NULL,
    imported_by_user_id uuid,
    created_at timestamp with time zone DEFAULT now() NOT NULL,
    updated_at timestamp with time zone DEFAULT now() NOT NULL,
    CONSTRAINT nrha_rider_rankings_eligibility_year_check CHECK (((eligibility_year >= 2000) AND (eligibility_year <= 2100))),
    CONSTRAINT nrha_rider_rankings_list_type_check CHECK (((list_type)::text = ANY ((ARRAY['top_professional_riders'::character varying, 'top_200_non_pro_riders'::character varying, 'top_200_lifetime_all_riders'::character varying])::text[]))),
    CONSTRAINT nrha_rider_rankings_rank_check CHECK ((rank > 0)),
    CONSTRAINT nrha_rider_rankings_source_year_check CHECK (((source_year >= 2000) AND (source_year <= 2100)))
);


ALTER TABLE public.nrha_rider_rankings OWNER TO postgres;

--
-- Name: organization_deadline_policies; Type: TABLE; Schema: public; Owner: postgres
--

CREATE TABLE public.organization_deadline_policies (
    organization_id uuid NOT NULL,
    entry_deadline_mode text DEFAULT 'block'::text NOT NULL,
    entry_days_before smallint DEFAULT 1 NOT NULL,
    entry_local_time time without time zone DEFAULT '18:00:00'::time without time zone NOT NULL,
    reservation_days_before smallint,
    reservation_local_time time without time zone,
    late_entries_allowed boolean DEFAULT true NOT NULL,
    late_entry_fee_percent numeric(5,2) DEFAULT 50 NOT NULL,
    created_at timestamp with time zone DEFAULT now() NOT NULL,
    updated_at timestamp with time zone DEFAULT now() NOT NULL,
    CONSTRAINT organization_deadline_policies_check CHECK ((((reservation_days_before IS NULL) AND (reservation_local_time IS NULL)) OR ((reservation_days_before IS NOT NULL) AND (reservation_local_time IS NOT NULL)))),
    CONSTRAINT organization_deadline_policies_entry_days_before_check CHECK ((entry_days_before >= 0)),
    CONSTRAINT organization_deadline_policies_entry_deadline_mode_check CHECK ((entry_deadline_mode = ANY (ARRAY['show'::text, 'block'::text]))),
    CONSTRAINT organization_deadline_policies_late_entry_fee_percent_check CHECK (((late_entry_fee_percent >= (0)::numeric) AND (late_entry_fee_percent <= (1000)::numeric))),
    CONSTRAINT organization_deadline_policies_reservation_days_before_check CHECK (((reservation_days_before IS NULL) OR (reservation_days_before >= 0)))
);


ALTER TABLE public.organization_deadline_policies OWNER TO postgres;

--
-- Name: organization_discipline_governing_bodies; Type: TABLE; Schema: public; Owner: postgres
--

CREATE TABLE public.organization_discipline_governing_bodies (
    organization_discipline_id uuid NOT NULL,
    governing_body_id uuid NOT NULL,
    is_default boolean DEFAULT false NOT NULL,
    is_active boolean DEFAULT true NOT NULL,
    settings jsonb DEFAULT '{}'::jsonb NOT NULL,
    created_by_user_id uuid,
    created_at timestamp with time zone DEFAULT now() NOT NULL,
    updated_at timestamp with time zone DEFAULT now() NOT NULL,
    CONSTRAINT organization_discipline_governing_bodies_settings_check CHECK ((jsonb_typeof(settings) = 'object'::text))
);


ALTER TABLE public.organization_discipline_governing_bodies OWNER TO postgres;

--
-- Name: TABLE organization_discipline_governing_bodies; Type: COMMENT; Schema: public; Owner: postgres
--

COMMENT ON TABLE public.organization_discipline_governing_bodies IS 'Association selection and defaults among the governing bodies allowed for one active discipline.';


--
-- Name: organization_external_credential_requirements; Type: TABLE; Schema: public; Owner: postgres
--

CREATE TABLE public.organization_external_credential_requirements (
    id uuid DEFAULT gen_random_uuid() NOT NULL,
    organization_id uuid NOT NULL,
    external_credential_issuer_id uuid NOT NULL,
    contact_type text DEFAULT 'rider'::text NOT NULL,
    identifier_type text DEFAULT 'membership'::text NOT NULL,
    requirement_group_code text,
    match_rule text DEFAULT 'all'::text NOT NULL,
    validity_rule text DEFAULT 'active_on_reference_date'::text NOT NULL,
    enforcement_mode text DEFAULT 'blocking'::text NOT NULL,
    is_required boolean DEFAULT true NOT NULL,
    metadata jsonb DEFAULT '{}'::jsonb NOT NULL,
    created_at timestamp with time zone DEFAULT now() NOT NULL,
    updated_at timestamp with time zone DEFAULT now() NOT NULL,
    CONSTRAINT organization_external_credential_require_enforcement_mode_check CHECK ((enforcement_mode = ANY (ARRAY['warning'::text, 'blocking'::text]))),
    CONSTRAINT organization_external_credential_requirem_identifier_type_check CHECK ((identifier_type = ANY (ARRAY['membership'::text, 'license'::text, 'registration'::text, 'certification'::text, 'other'::text]))),
    CONSTRAINT organization_external_credential_requiremen_validity_rule_check CHECK ((validity_rule = ANY (ARRAY['present'::text, 'active_on_reference_date'::text]))),
    CONSTRAINT organization_external_credential_requirement_contact_type_check CHECK ((contact_type = ANY (ARRAY['owner'::text, 'agent'::text, 'rider'::text, 'payer'::text, 'other'::text]))),
    CONSTRAINT organization_external_credential_requirements_check CHECK (((requirement_group_code IS NOT NULL) OR (match_rule = 'all'::text))),
    CONSTRAINT organization_external_credential_requirements_match_rule_check CHECK ((match_rule = ANY (ARRAY['all'::text, 'at_least_one'::text]))),
    CONSTRAINT organization_external_credential_requirements_metadata_check CHECK ((jsonb_typeof(metadata) = 'object'::text))
);


ALTER TABLE public.organization_external_credential_requirements OWNER TO postgres;

--
-- Name: TABLE organization_external_credential_requirements; Type: COMMENT; Schema: public; Owner: postgres
--

COMMENT ON TABLE public.organization_external_credential_requirements IS 'Association-owned credential requirements. They are independent of discipline and evaluated at the relevant show date when configured.';


--
-- Name: COLUMN organization_external_credential_requirements.requirement_group_code; Type: COMMENT; Schema: public; Owner: postgres
--

COMMENT ON COLUMN public.organization_external_credential_requirements.requirement_group_code IS 'Rows sharing a group and match_rule at_least_one are alternatives, such as the OPTS accepted by a Canadian association.';


--
-- Name: organization_governing_bodies; Type: TABLE; Schema: public; Owner: postgres
--

CREATE TABLE public.organization_governing_bodies (
    id uuid DEFAULT gen_random_uuid() NOT NULL,
    organization_id uuid NOT NULL,
    governing_body_id uuid NOT NULL,
    is_active boolean DEFAULT true NOT NULL,
    settings jsonb DEFAULT '{}'::jsonb NOT NULL,
    created_by_user_id uuid,
    created_at timestamp with time zone DEFAULT now() NOT NULL,
    updated_at timestamp with time zone DEFAULT now() NOT NULL
);


ALTER TABLE public.organization_governing_bodies OWNER TO postgres;

--
-- Name: organization_membership_types; Type: TABLE; Schema: public; Owner: postgres
--

CREATE TABLE public.organization_membership_types (
    id uuid DEFAULT gen_random_uuid() NOT NULL,
    organization_id uuid NOT NULL,
    name text NOT NULL,
    code text,
    description text,
    season_year integer NOT NULL,
    price numeric(10,2) DEFAULT 0 NOT NULL,
    tax_applicable boolean DEFAULT true NOT NULL,
    valid_from date NOT NULL,
    valid_until date NOT NULL,
    is_active boolean DEFAULT true NOT NULL,
    created_at timestamp with time zone DEFAULT now() NOT NULL,
    updated_at timestamp with time zone DEFAULT now() NOT NULL,
    CONSTRAINT organization_membership_types_check CHECK ((valid_until >= valid_from)),
    CONSTRAINT organization_membership_types_price_check CHECK ((price >= (0)::numeric))
);


ALTER TABLE public.organization_membership_types OWNER TO postgres;

--
-- Name: organization_products; Type: TABLE; Schema: public; Owner: postgres
--

CREATE TABLE public.organization_products (
    id uuid DEFAULT gen_random_uuid() NOT NULL,
    organization_id uuid NOT NULL,
    name text NOT NULL,
    code text,
    description text,
    category text DEFAULT 'manual'::text NOT NULL,
    default_price numeric(10,2) DEFAULT 0 NOT NULL,
    tax_applicable boolean DEFAULT true NOT NULL,
    is_active boolean DEFAULT true NOT NULL,
    created_at timestamp with time zone DEFAULT now() NOT NULL,
    updated_at timestamp with time zone DEFAULT now() NOT NULL,
    CONSTRAINT organization_products_category_check CHECK ((category = ANY (ARRAY['stall_extra'::text, 'feed'::text, 'merch'::text, 'ticket'::text, 'meal'::text, 'admin_fee'::text, 'manual'::text]))),
    CONSTRAINT organization_products_default_price_check CHECK ((default_price >= (0)::numeric))
);


ALTER TABLE public.organization_products OWNER TO postgres;

--
-- Name: payments; Type: TABLE; Schema: public; Owner: postgres
--

CREATE TABLE public.payments (
    id uuid DEFAULT gen_random_uuid() NOT NULL,
    organization_id uuid NOT NULL,
    invoice_id uuid NOT NULL,
    payment_method character varying(50) NOT NULL,
    amount numeric(12,2) NOT NULL,
    currency character varying(3) DEFAULT 'USD'::character varying NOT NULL,
    stripe_payment_intent_id character varying(255),
    stripe_charge_id character varying(255),
    check_number character varying(50),
    bank_transfer_ref character varying(255),
    etransfer_ref character varying(255),
    status character varying(50) DEFAULT 'pending'::character varying NOT NULL,
    created_by_user_id uuid NOT NULL,
    notes text,
    created_at timestamp with time zone DEFAULT now() NOT NULL,
    updated_at timestamp with time zone DEFAULT now() NOT NULL,
    processed_at timestamp with time zone,
    refunded_at timestamp with time zone,
    CONSTRAINT payments_payment_method_check CHECK (((payment_method)::text = ANY ((ARRAY['stripe'::character varying, 'cash'::character varying, 'check'::character varying, 'etransfer'::character varying, 'bank_transfer'::character varying, 'manual'::character varying, 'comped'::character varying])::text[]))),
    CONSTRAINT payments_status_check CHECK (((status)::text = ANY ((ARRAY['pending'::character varying, 'processing'::character varying, 'completed'::character varying, 'failed'::character varying, 'refunded'::character varying, 'partially_refunded'::character varying])::text[])))
);


ALTER TABLE public.payments OWNER TO postgres;

--
-- Name: payout_awards; Type: TABLE; Schema: public; Owner: postgres
--

CREATE TABLE public.payout_awards (
    id uuid DEFAULT gen_random_uuid() NOT NULL,
    calculation_id uuid NOT NULL,
    entry_id uuid NOT NULL,
    rank integer NOT NULL,
    percentage numeric(6,3) DEFAULT 0 NOT NULL,
    amount numeric(12,2) DEFAULT 0 NOT NULL,
    payee_contact_id uuid,
    payee_name text,
    payee_override_note text,
    created_at timestamp with time zone DEFAULT now() NOT NULL,
    updated_at timestamp with time zone DEFAULT now() NOT NULL,
    CONSTRAINT payout_awards_amount_check CHECK ((amount >= (0)::numeric)),
    CONSTRAINT payout_awards_percentage_check CHECK ((percentage >= (0)::numeric)),
    CONSTRAINT payout_awards_rank_check CHECK ((rank > 0))
);


ALTER TABLE public.payout_awards OWNER TO postgres;

--
-- Name: payout_calculations; Type: TABLE; Schema: public; Owner: postgres
--

CREATE TABLE public.payout_calculations (
    id uuid DEFAULT gen_random_uuid() NOT NULL,
    show_id uuid NOT NULL,
    class_id uuid NOT NULL,
    status text DEFAULT 'draft'::text NOT NULL,
    currency text NOT NULL,
    entry_count integer NOT NULL,
    gross_entry_fees numeric(12,2) DEFAULT 0 NOT NULL,
    trophy_or_plaque_fee numeric(12,2) DEFAULT 0 NOT NULL,
    base_after_trophy_fee numeric(12,2) DEFAULT 0 NOT NULL,
    nrha_fee_amount numeric(12,2) DEFAULT 0 NOT NULL,
    net_entry_fee numeric(12,2) DEFAULT 0 NOT NULL,
    retainage_amount numeric(12,2) DEFAULT 0 NOT NULL,
    final_net_entry_fee numeric(12,2) DEFAULT 0 NOT NULL,
    added_money numeric(12,2) DEFAULT 0 NOT NULL,
    net_purse numeric(12,2) DEFAULT 0 NOT NULL,
    payout_schedule_id uuid,
    source_snapshot jsonb DEFAULT '{}'::jsonb NOT NULL,
    result_snapshot jsonb DEFAULT '[]'::jsonb NOT NULL,
    calculated_at timestamp with time zone DEFAULT now() NOT NULL,
    reviewed_at timestamp with time zone,
    published_at timestamp with time zone,
    calculated_by uuid,
    created_at timestamp with time zone DEFAULT now() NOT NULL,
    updated_at timestamp with time zone DEFAULT now() NOT NULL,
    CONSTRAINT payout_calculations_entry_count_check CHECK ((entry_count >= 0)),
    CONSTRAINT payout_calculations_status_check CHECK ((status = ANY (ARRAY['draft'::text, 'reviewed'::text, 'published'::text])))
);


ALTER TABLE public.payout_calculations OWNER TO postgres;

--
-- Name: payout_schedule_brackets; Type: TABLE; Schema: public; Owner: postgres
--

CREATE TABLE public.payout_schedule_brackets (
    id uuid DEFAULT gen_random_uuid() NOT NULL,
    schedule_id uuid NOT NULL,
    min_entries integer NOT NULL,
    max_entries integer,
    place integer NOT NULL,
    percentage numeric(6,3) NOT NULL,
    created_at timestamp with time zone DEFAULT now() NOT NULL,
    CONSTRAINT payout_schedule_brackets_check CHECK (((max_entries IS NULL) OR (max_entries >= min_entries))),
    CONSTRAINT payout_schedule_brackets_min_entries_check CHECK ((min_entries > 0)),
    CONSTRAINT payout_schedule_brackets_percentage_check CHECK ((percentage > (0)::numeric)),
    CONSTRAINT payout_schedule_brackets_place_check CHECK ((place > 0))
);


ALTER TABLE public.payout_schedule_brackets OWNER TO postgres;

--
-- Name: payout_schedules; Type: TABLE; Schema: public; Owner: postgres
--

CREATE TABLE public.payout_schedules (
    id uuid DEFAULT gen_random_uuid() NOT NULL,
    name text NOT NULL,
    federation text DEFAULT 'NRHA'::text NOT NULL,
    description text,
    is_system boolean DEFAULT true NOT NULL,
    created_at timestamp with time zone DEFAULT now() NOT NULL,
    updated_at timestamp with time zone DEFAULT now() NOT NULL,
    CONSTRAINT payout_schedules_federation_check CHECK ((federation = ANY (ARRAY['NRHA'::text, 'AQHA'::text, 'NSBA'::text, 'custom'::text])))
);


ALTER TABLE public.payout_schedules OWNER TO postgres;

--
-- Name: platform_admins; Type: TABLE; Schema: public; Owner: postgres
--

CREATE TABLE public.platform_admins (
    id uuid DEFAULT gen_random_uuid() NOT NULL,
    user_id uuid NOT NULL,
    permissions jsonb DEFAULT '[]'::jsonb NOT NULL,
    created_at timestamp with time zone DEFAULT now() NOT NULL,
    updated_at timestamp with time zone DEFAULT now() NOT NULL,
    email text
);


ALTER TABLE public.platform_admins OWNER TO postgres;

--
-- Name: sanctioning_bodies; Type: TABLE; Schema: public; Owner: postgres
--

CREATE TABLE public.sanctioning_bodies (
    code text NOT NULL,
    name text NOT NULL,
    back_number_policy text DEFAULT 'horse'::text NOT NULL,
    rule_notes text,
    metadata jsonb DEFAULT '{}'::jsonb NOT NULL,
    created_at timestamp with time zone DEFAULT now() NOT NULL,
    updated_at timestamp with time zone DEFAULT now() NOT NULL,
    CONSTRAINT sanctioning_bodies_back_number_policy_check CHECK ((back_number_policy = ANY (ARRAY['horse'::text, 'rider'::text, 'horse_rider_team'::text, 'entry'::text, 'custom'::text])))
);


ALTER TABLE public.sanctioning_bodies OWNER TO postgres;

--
-- Name: scored_runs; Type: TABLE; Schema: public; Owner: postgres
--

CREATE TABLE public.scored_runs (
    run_id uuid NOT NULL,
    show_id uuid NOT NULL,
    back_number text,
    rider_id uuid,
    horse_id uuid,
    owner_id uuid,
    scored_at timestamp with time zone DEFAULT now() NOT NULL,
    status text NOT NULL,
    final_score numeric(8,3),
    created_at timestamp with time zone DEFAULT now() NOT NULL,
    updated_at timestamp with time zone DEFAULT now() NOT NULL,
    CONSTRAINT scored_runs_check CHECK ((((status = 'scored'::text) AND (final_score IS NOT NULL)) OR ((status <> 'scored'::text) AND (final_score IS NULL)))),
    CONSTRAINT scored_runs_status_check CHECK ((status = ANY (ARRAY['scored'::text, 'scratch'::text, 'no_score'::text, 'disqualified'::text])))
);


ALTER TABLE public.scored_runs OWNER TO postgres;

--
-- Name: show_announcements; Type: TABLE; Schema: public; Owner: postgres
--

CREATE TABLE public.show_announcements (
    id uuid DEFAULT gen_random_uuid() NOT NULL,
    organization_id uuid NOT NULL,
    show_id uuid NOT NULL,
    title character varying(255) NOT NULL,
    body text NOT NULL,
    created_by_user_id uuid,
    created_at timestamp with time zone DEFAULT now() NOT NULL
);


ALTER TABLE public.show_announcements OWNER TO postgres;

--
-- Name: show_roles; Type: TABLE; Schema: public; Owner: postgres
--

CREATE TABLE public.show_roles (
    id uuid DEFAULT gen_random_uuid() NOT NULL,
    organization_id uuid NOT NULL,
    show_id uuid NOT NULL,
    user_id uuid NOT NULL,
    role character varying(50) NOT NULL,
    scope character varying(50) DEFAULT 'show'::character varying NOT NULL,
    scope_id uuid,
    permissions jsonb DEFAULT '[]'::jsonb NOT NULL,
    created_at timestamp with time zone DEFAULT now() NOT NULL,
    updated_at timestamp with time zone DEFAULT now() NOT NULL,
    CONSTRAINT show_roles_role_check CHECK (((role)::text = ANY ((ARRAY['organizer'::character varying, 'secretary'::character varying, 'judge'::character varying, 'scribe'::character varying, 'announcer'::character varying])::text[]))),
    CONSTRAINT show_roles_scope_check CHECK (((scope)::text = ANY ((ARRAY['show'::character varying, 'ring'::character varying, 'class'::character varying])::text[])))
);


ALTER TABLE public.show_roles OWNER TO postgres;

--
-- Name: show_score_announcer_live_sessions; Type: TABLE; Schema: public; Owner: postgres
--

CREATE TABLE public.show_score_announcer_live_sessions (
    class_id uuid NOT NULL,
    runs jsonb DEFAULT '[]'::jsonb NOT NULL,
    active_manoeuvre jsonb,
    started_at timestamp with time zone,
    completed_at timestamp with time zone,
    completed_by uuid,
    revision bigint DEFAULT 0 NOT NULL,
    created_at timestamp with time zone DEFAULT now() NOT NULL,
    updated_at timestamp with time zone DEFAULT now() NOT NULL
);


ALTER TABLE public.show_score_announcer_live_sessions OWNER TO postgres;

--
-- Name: show_score_block_setups; Type: TABLE; Schema: public; Owner: postgres
--

CREATE TABLE public.show_score_block_setups (
    block_id uuid NOT NULL,
    organization_id uuid NOT NULL,
    show_id uuid NOT NULL,
    show_day_id uuid,
    pattern text,
    custom_pattern jsonb,
    runs jsonb DEFAULT '[]'::jsonb NOT NULL,
    schedule_details jsonb DEFAULT '{}'::jsonb NOT NULL,
    judges jsonb DEFAULT '[{"id": "judge-1", "name": "", "order": 1}]'::jsonb NOT NULL,
    is_draw_imported boolean DEFAULT false NOT NULL,
    started_at timestamp with time zone,
    drag_interval integer,
    drag_duration_minutes integer DEFAULT 8 NOT NULL,
    locked_at timestamp with time zone,
    locked_by_user_id uuid,
    locked_by_label text,
    finalized boolean DEFAULT false NOT NULL,
    finalized_at timestamp with time zone,
    finalized_by_user_id uuid,
    legacy_showscore_class_id text,
    legacy_payload jsonb,
    created_at timestamp with time zone DEFAULT now() NOT NULL,
    updated_at timestamp with time zone DEFAULT now() NOT NULL,
    block_classes jsonb DEFAULT '[]'::jsonb NOT NULL,
    judge_name text,
    judge_signature text,
    judge_signed_at timestamp with time zone,
    final_pdf_file_name text,
    user_id uuid,
    set_approval_mode text DEFAULT 'class_end'::text NOT NULL,
    set_approvals jsonb DEFAULT '[]'::jsonb NOT NULL,
    live_data_source text DEFAULT 'announcer'::text NOT NULL,
    live_display_mode text DEFAULT 'full'::text NOT NULL,
    qualified_rider_count integer DEFAULT 6,
    live_source_changed_at timestamp with time zone,
    live_source_changed_by text,
    CONSTRAINT show_score_block_setups_live_data_source_check CHECK ((live_data_source = ANY (ARRAY['scribe'::text, 'announcer'::text]))),
    CONSTRAINT show_score_block_setups_live_display_mode_check CHECK ((live_display_mode = ANY (ARRAY['full'::text, 'order_only'::text]))),
    CONSTRAINT show_score_block_setups_qualified_rider_count_check CHECK (((qualified_rider_count IS NULL) OR (qualified_rider_count > 0))),
    CONSTRAINT show_score_block_setups_set_approval_mode_check CHECK ((set_approval_mode = ANY (ARRAY['class_end'::text, 'per_set'::text])))
);


ALTER TABLE public.show_score_block_setups OWNER TO postgres;

--
-- Name: show_score_championship_seasons; Type: TABLE; Schema: public; Owner: postgres
--

CREATE TABLE public.show_score_championship_seasons (
    id text NOT NULL,
    organization_id text NOT NULL,
    title text DEFAULT ''::text NOT NULL,
    season_year text DEFAULT ''::text NOT NULL,
    status text DEFAULT 'draft'::text NOT NULL,
    season_payload jsonb DEFAULT '{}'::jsonb NOT NULL,
    created_at timestamp with time zone DEFAULT now() NOT NULL,
    updated_at timestamp with time zone DEFAULT now() NOT NULL,
    CONSTRAINT show_score_championship_seasons_status_check CHECK ((status = ANY (ARRAY['draft'::text, 'published'::text, 'final'::text])))
);


ALTER TABLE public.show_score_championship_seasons OWNER TO postgres;

--
-- Name: show_score_championship_update_campaigns; Type: TABLE; Schema: public; Owner: postgres
--

CREATE TABLE public.show_score_championship_update_campaigns (
    id uuid DEFAULT gen_random_uuid() NOT NULL,
    organization_id text NOT NULL,
    season_id text DEFAULT ''::text NOT NULL,
    mode text DEFAULT 'campaign'::text NOT NULL,
    subject text DEFAULT ''::text NOT NULL,
    message text DEFAULT ''::text NOT NULL,
    public_url text DEFAULT ''::text NOT NULL,
    sent_by uuid,
    sent_at timestamp with time zone,
    recipient_count integer DEFAULT 0 NOT NULL,
    success_count integer DEFAULT 0 NOT NULL,
    failure_count integer DEFAULT 0 NOT NULL,
    status text DEFAULT 'draft'::text NOT NULL,
    error_message text DEFAULT ''::text NOT NULL,
    created_at timestamp with time zone DEFAULT now() NOT NULL,
    updated_at timestamp with time zone DEFAULT now() NOT NULL,
    CONSTRAINT show_score_championship_update_campaigns_mode_check CHECK ((mode = ANY (ARRAY['campaign'::text, 'test'::text]))),
    CONSTRAINT show_score_championship_update_campaigns_status_check CHECK ((status = ANY (ARRAY['draft'::text, 'sending'::text, 'sent'::text, 'partial_failed'::text, 'failed'::text])))
);


ALTER TABLE public.show_score_championship_update_campaigns OWNER TO postgres;

--
-- Name: show_score_championship_update_deliveries; Type: TABLE; Schema: public; Owner: postgres
--

CREATE TABLE public.show_score_championship_update_deliveries (
    id uuid DEFAULT gen_random_uuid() NOT NULL,
    campaign_id uuid NOT NULL,
    subscriber_id uuid,
    email text NOT NULL,
    status text NOT NULL,
    resend_id text,
    error_message text DEFAULT ''::text NOT NULL,
    sent_at timestamp with time zone DEFAULT now() NOT NULL,
    created_at timestamp with time zone DEFAULT now() NOT NULL,
    CONSTRAINT show_score_championship_update_deliveries_status_check CHECK ((status = ANY (ARRAY['sent'::text, 'failed'::text])))
);


ALTER TABLE public.show_score_championship_update_deliveries OWNER TO postgres;

--
-- Name: show_score_championship_update_subscribers; Type: TABLE; Schema: public; Owner: postgres
--

CREATE TABLE public.show_score_championship_update_subscribers (
    id uuid DEFAULT gen_random_uuid() NOT NULL,
    organization_id text NOT NULL,
    email text NOT NULL,
    name text DEFAULT ''::text NOT NULL,
    language text DEFAULT 'fr'::text NOT NULL,
    status text DEFAULT 'subscribed'::text NOT NULL,
    consent_source text DEFAULT ''::text NOT NULL,
    consent_text text DEFAULT ''::text NOT NULL,
    source_url text DEFAULT ''::text NOT NULL,
    unsubscribe_token_hash text,
    unsubscribe_token_issued_at timestamp with time zone,
    subscribed_at timestamp with time zone DEFAULT now() NOT NULL,
    unsubscribed_at timestamp with time zone,
    created_at timestamp with time zone DEFAULT now() NOT NULL,
    updated_at timestamp with time zone DEFAULT now() NOT NULL,
    CONSTRAINT show_score_championship_update_subscribers_email_check CHECK ((email = lower(email))),
    CONSTRAINT show_score_championship_update_subscribers_language_check CHECK ((language = ANY (ARRAY['fr'::text, 'en'::text]))),
    CONSTRAINT show_score_championship_update_subscribers_status_check CHECK ((status = ANY (ARRAY['subscribed'::text, 'unsubscribed'::text])))
);


ALTER TABLE public.show_score_championship_update_subscribers OWNER TO postgres;

--
-- Name: show_score_class_documents; Type: TABLE; Schema: public; Owner: postgres
--

CREATE TABLE public.show_score_class_documents (
    class_id uuid NOT NULL,
    organization_id uuid NOT NULL,
    show_id uuid NOT NULL,
    document_type text DEFAULT 'scoresheet_scan'::text NOT NULL,
    storage_path text NOT NULL,
    file_name text NOT NULL,
    file_size bigint DEFAULT 0 NOT NULL,
    uploaded_at timestamp with time zone DEFAULT now() NOT NULL,
    uploaded_by uuid,
    CONSTRAINT show_score_class_documents_document_type_check CHECK ((document_type = 'scoresheet_scan'::text)),
    CONSTRAINT show_score_class_documents_file_size_check CHECK (((file_size >= 0) AND (file_size <= 20971520)))
);


ALTER TABLE public.show_score_class_documents OWNER TO postgres;

--
-- Name: show_score_judge_sessions; Type: TABLE; Schema: public; Owner: postgres
--

CREATE TABLE public.show_score_judge_sessions (
    block_id uuid NOT NULL,
    judge_id text NOT NULL,
    organization_id uuid NOT NULL,
    show_id uuid NOT NULL,
    judge_user_id uuid,
    judge_name text,
    claimed_by_user_id uuid,
    claimed_by_email text,
    claimed_at timestamp with time zone,
    runs jsonb DEFAULT '[]'::jsonb NOT NULL,
    active_manoeuvre jsonb,
    judge_signature text,
    finalized boolean DEFAULT false NOT NULL,
    finalized_at timestamp with time zone,
    judge_signed_at timestamp with time zone,
    legacy_payload jsonb,
    created_at timestamp with time zone DEFAULT now() NOT NULL,
    updated_at timestamp with time zone DEFAULT now() NOT NULL,
    claimed_by text,
    set_approvals jsonb DEFAULT '[]'::jsonb NOT NULL
);


ALTER TABLE public.show_score_judge_sessions OWNER TO postgres;

--
-- Name: show_score_official_results; Type: TABLE; Schema: public; Owner: postgres
--

CREATE TABLE public.show_score_official_results (
    block_id uuid NOT NULL,
    organization_id uuid NOT NULL,
    show_id uuid NOT NULL,
    judge_name text,
    judge_signature text,
    finalized boolean DEFAULT false NOT NULL,
    finalized_at timestamp with time zone,
    judge_signed_at timestamp with time zone,
    secretariat_validated_at timestamp with time zone,
    secretariat_validated_by_user_id uuid,
    final_pdf_file_name text,
    custom_pattern jsonb,
    official_runs jsonb DEFAULT '[]'::jsonb NOT NULL,
    legacy_showscore_class_id text,
    legacy_payload jsonb,
    created_at timestamp with time zone DEFAULT now() NOT NULL,
    updated_at timestamp with time zone DEFAULT now() NOT NULL
);


ALTER TABLE public.show_score_official_results OWNER TO postgres;

--
-- Name: show_score_paid_warmups; Type: TABLE; Schema: public; Owner: postgres
--

CREATE TABLE public.show_score_paid_warmups (
    id uuid DEFAULT gen_random_uuid() NOT NULL,
    organization_id uuid NOT NULL,
    show_id uuid NOT NULL,
    show_day_id uuid NOT NULL,
    name text NOT NULL,
    duration_minutes_per_rider integer DEFAULT 5 NOT NULL,
    drag_interval integer,
    drag_duration_minutes integer DEFAULT 8 NOT NULL,
    is_public_live boolean DEFAULT false NOT NULL,
    active_entry_id text,
    active_started_at timestamp with time zone,
    entries jsonb DEFAULT '[]'::jsonb NOT NULL,
    sort_order integer DEFAULT 1 NOT NULL,
    legacy_showscore_paid_warmup_id text,
    legacy_payload jsonb,
    created_at timestamp with time zone DEFAULT now() NOT NULL,
    updated_at timestamp with time zone DEFAULT now() NOT NULL,
    arena text,
    schedule_start_mode text,
    schedule_start_time text,
    block_id uuid NOT NULL
);


ALTER TABLE public.show_score_paid_warmups OWNER TO postgres;

--
-- Name: show_score_public_championship_seasons; Type: TABLE; Schema: public; Owner: postgres
--

CREATE TABLE public.show_score_public_championship_seasons (
    season_id text NOT NULL,
    organization_id text NOT NULL,
    title text DEFAULT ''::text NOT NULL,
    season_year text DEFAULT ''::text NOT NULL,
    status text NOT NULL,
    public_payload jsonb DEFAULT '{}'::jsonb NOT NULL,
    updated_at timestamp with time zone DEFAULT now() NOT NULL,
    CONSTRAINT show_score_public_championship_seasons_status_check CHECK ((status = ANY (ARRAY['published'::text, 'final'::text])))
);


ALTER TABLE public.show_score_public_championship_seasons OWNER TO postgres;

--
-- Name: show_score_publication_states; Type: TABLE; Schema: public; Owner: postgres
--

CREATE TABLE public.show_score_publication_states (
    block_id uuid NOT NULL,
    organization_id uuid NOT NULL,
    show_id uuid NOT NULL,
    status text DEFAULT 'hidden'::text NOT NULL,
    published_at timestamp with time zone,
    published_by_user_id uuid,
    public_url text,
    visible_fields jsonb DEFAULT '["draw", "backNumber", "rider", "horse", "owner", "divisionNames", "scoreTotal", "status"]'::jsonb NOT NULL,
    legacy_showscore_class_id text,
    legacy_payload jsonb,
    created_at timestamp with time zone DEFAULT now() NOT NULL,
    updated_at timestamp with time zone DEFAULT now() NOT NULL,
    planned_live_status text DEFAULT 'live_scoring'::text NOT NULL,
    published_by text,
    CONSTRAINT show_score_publication_states_status_check CHECK ((status = ANY (ARRAY['hidden'::text, 'live'::text, 'live_no_score'::text, 'live_scoring'::text, 'live_finished'::text, 'pending_review'::text, 'official'::text, 'published'::text])))
);


ALTER TABLE public.show_score_publication_states OWNER TO postgres;

--
-- Name: show_score_scoring_sessions; Type: TABLE; Schema: public; Owner: postgres
--

CREATE TABLE public.show_score_scoring_sessions (
    block_id uuid NOT NULL,
    organization_id uuid NOT NULL,
    show_id uuid NOT NULL,
    runs jsonb DEFAULT '[]'::jsonb NOT NULL,
    active_manoeuvre jsonb,
    started_at timestamp with time zone,
    legacy_showscore_class_id text,
    legacy_payload jsonb,
    created_at timestamp with time zone DEFAULT now() NOT NULL,
    updated_at timestamp with time zone DEFAULT now() NOT NULL
);


ALTER TABLE public.show_score_scoring_sessions OWNER TO postgres;

--
-- Name: shows; Type: TABLE; Schema: public; Owner: postgres
--

CREATE TABLE public.shows (
    id uuid DEFAULT gen_random_uuid() NOT NULL,
    organization_id uuid NOT NULL,
    name character varying(255) NOT NULL,
    slug character varying(100) NOT NULL,
    description text,
    start_date date NOT NULL,
    end_date date NOT NULL,
    location character varying(255),
    city character varying(100),
    state character varying(50),
    zip_code character varying(20),
    country character varying(2),
    coordinates point,
    status character varying(50) DEFAULT 'draft'::character varying NOT NULL,
    timezone character varying(50),
    modules_enabled jsonb,
    default_currency character varying(3),
    tax_rate numeric(6,3),
    is_public boolean DEFAULT false NOT NULL,
    show_schedule_public boolean DEFAULT false NOT NULL,
    show_draw_public boolean DEFAULT false NOT NULL,
    show_results_public boolean DEFAULT false NOT NULL,
    show_standings_public boolean DEFAULT false NOT NULL,
    image_url text,
    created_by_user_id uuid,
    created_at timestamp with time zone DEFAULT now() NOT NULL,
    updated_at timestamp with time zone DEFAULT now() NOT NULL,
    venue character varying(255),
    legacy_showscore_show_id text,
    reservation_payment_policy text DEFAULT 'pay_at_booking'::text NOT NULL,
    entry_payment_policy text DEFAULT 'card_on_file_preauth'::text NOT NULL,
    entry_preauth_timing text DEFAULT 'show_start'::text NOT NULL,
    entry_preauth_time time without time zone DEFAULT '08:00:00'::time without time zone NOT NULL,
    entry_settlement_timing text DEFAULT 'show_end'::text NOT NULL,
    entry_settlement_due_time time without time zone DEFAULT '14:00:00'::time without time zone NOT NULL,
    entry_auto_capture_enabled boolean DEFAULT true NOT NULL,
    entry_preauth_amount_strategy text DEFAULT 'entry_balance'::text NOT NULL,
    entry_preauth_margin_percent numeric(5,2) DEFAULT 0 NOT NULL,
    livestream_url text,
    is_livestream_public boolean DEFAULT false NOT NULL,
    user_id uuid,
    obs_overlay_mode text DEFAULT 'live'::text NOT NULL,
    entry_deadline_mode text DEFAULT 'block'::text NOT NULL,
    entries_close_at timestamp with time zone,
    reservations_close_at timestamp with time zone,
    late_entries_allowed boolean DEFAULT true NOT NULL,
    late_entry_fee_percent numeric(5,2) DEFAULT 50 NOT NULL,
    livestream_urls_by_date jsonb DEFAULT '{}'::jsonb NOT NULL,
    tv_display_paused boolean DEFAULT false NOT NULL,
    tv_display_message_fr text DEFAULT ''::text NOT NULL,
    tv_display_message_en text DEFAULT ''::text NOT NULL,
    tv_display_video_path text DEFAULT ''::text NOT NULL,
    tv_display_video_name text DEFAULT ''::text NOT NULL,
    tv_display_video_size bigint DEFAULT 0 NOT NULL,
    tv_display_video_arena text DEFAULT ''::text NOT NULL,
    CONSTRAINT shows_entry_deadline_mode_check CHECK ((entry_deadline_mode = ANY (ARRAY['show'::text, 'block'::text]))),
    CONSTRAINT shows_entry_payment_policy_check CHECK ((entry_payment_policy = ANY (ARRAY['card_on_file_preauth'::text, 'manual'::text]))),
    CONSTRAINT shows_entry_preauth_amount_strategy_check CHECK ((entry_preauth_amount_strategy = ANY (ARRAY['entry_balance'::text, 'entry_balance_with_margin'::text]))),
    CONSTRAINT shows_entry_preauth_margin_percent_check CHECK ((entry_preauth_margin_percent >= (0)::numeric)),
    CONSTRAINT shows_entry_preauth_timing_check CHECK ((entry_preauth_timing = ANY (ARRAY['show_start'::text, 'manual'::text]))),
    CONSTRAINT shows_entry_settlement_timing_check CHECK ((entry_settlement_timing = ANY (ARRAY['show_end'::text, 'manual'::text]))),
    CONSTRAINT shows_late_entry_fee_percent_check CHECK (((late_entry_fee_percent >= (0)::numeric) AND (late_entry_fee_percent <= (1000)::numeric))),
    CONSTRAINT shows_obs_overlay_mode_check CHECK ((obs_overlay_mode = ANY (ARRAY['live'::text, 'neutral'::text]))),
    CONSTRAINT shows_reservation_payment_policy_check CHECK ((reservation_payment_policy = ANY (ARRAY['pay_at_booking'::text, 'manual'::text]))),
    CONSTRAINT shows_status_check CHECK (((status)::text = ANY ((ARRAY['draft'::character varying, 'open'::character varying, 'closed'::character varying, 'archived'::character varying])::text[]))),
    CONSTRAINT shows_tv_display_video_size_check CHECK (((tv_display_video_size >= 0) AND (tv_display_video_size <= '2147483648'::bigint)))
);


ALTER TABLE public.shows OWNER TO postgres;

--
-- Name: showscore_public_broadcast_seq; Type: SEQUENCE; Schema: public; Owner: postgres
--

CREATE SEQUENCE public.showscore_public_broadcast_seq
    START WITH 1
    INCREMENT BY 1
    NO MINVALUE
    NO MAXVALUE
    CACHE 1;


ALTER SEQUENCE public.showscore_public_broadcast_seq OWNER TO postgres;

--
-- Name: slates; Type: TABLE; Schema: public; Owner: postgres
--

CREATE TABLE public.slates (
    id uuid DEFAULT gen_random_uuid() NOT NULL,
    organization_id uuid NOT NULL,
    show_id uuid NOT NULL,
    governing_body_id uuid,
    name text NOT NULL,
    technical_number text,
    sort_order integer DEFAULT 1 NOT NULL,
    reporting_rules jsonb DEFAULT '{}'::jsonb NOT NULL,
    notes text,
    created_by_user_id uuid,
    created_at timestamp with time zone DEFAULT now() NOT NULL,
    updated_at timestamp with time zone DEFAULT now() NOT NULL,
    CONSTRAINT slates_check CHECK (((technical_number IS NULL) OR (governing_body_id IS NOT NULL))),
    CONSTRAINT slates_sort_order_check CHECK ((sort_order > 0))
);


ALTER TABLE public.slates OWNER TO postgres;

--
-- Name: stall_bookings; Type: TABLE; Schema: public; Owner: postgres
--

CREATE TABLE public.stall_bookings (
    id uuid DEFAULT gen_random_uuid() NOT NULL,
    organization_id uuid NOT NULL,
    show_id uuid NOT NULL,
    stall_option_id uuid NOT NULL,
    horse_id uuid,
    created_by_user_id uuid NOT NULL,
    booker_contact_id uuid NOT NULL,
    payer_contact_id uuid NOT NULL,
    status character varying(50) DEFAULT 'reserved'::character varying NOT NULL,
    show_day_start_id uuid,
    show_day_end_id uuid,
    unit_price numeric(10,2),
    total_price numeric(10,2),
    notes text,
    created_at timestamp with time zone DEFAULT now() NOT NULL,
    updated_at timestamp with time zone DEFAULT now() NOT NULL,
    cancelled_at timestamp with time zone,
    cancelled_by_user_id uuid,
    quantity smallint DEFAULT 1 NOT NULL,
    affects_inventory boolean DEFAULT true NOT NULL,
    billable boolean DEFAULT true NOT NULL,
    CONSTRAINT stall_bookings_quantity_check CHECK ((quantity > 0)),
    CONSTRAINT stall_bookings_status_check CHECK (((status)::text = ANY ((ARRAY['requested'::character varying, 'reserved'::character varying, 'active'::character varying, 'cancelled'::character varying, 'completed'::character varying])::text[])))
);


ALTER TABLE public.stall_bookings OWNER TO postgres;

--
-- Name: stall_options; Type: TABLE; Schema: public; Owner: postgres
--

CREATE TABLE public.stall_options (
    id uuid DEFAULT gen_random_uuid() NOT NULL,
    organization_id uuid NOT NULL,
    show_id uuid NOT NULL,
    name character varying(255) NOT NULL,
    description text,
    price numeric(10,2) NOT NULL,
    total_quantity smallint NOT NULL,
    available_quantity smallint NOT NULL,
    duration_days smallint,
    show_day_start_id uuid,
    show_day_end_id uuid,
    category character varying(50),
    notes text,
    created_at timestamp with time zone DEFAULT now() NOT NULL,
    updated_at timestamp with time zone DEFAULT now() NOT NULL,
    requires_horse_assignment boolean DEFAULT true NOT NULL,
    limit_per_horse_stalls smallint,
    product_id uuid,
    CONSTRAINT stall_options_available_quantity_check CHECK ((available_quantity >= 0)),
    CONSTRAINT stall_options_category_check CHECK (((category)::text = ANY ((ARRAY['stall'::character varying, 'camping'::character varying, 'parking'::character varying, 'extra'::character varying])::text[]))),
    CONSTRAINT stall_options_check CHECK ((available_quantity <= total_quantity)),
    CONSTRAINT stall_options_limit_per_horse_stalls_check CHECK (((limit_per_horse_stalls IS NULL) OR (limit_per_horse_stalls > 0))),
    CONSTRAINT stall_options_total_quantity_check CHECK ((total_quantity >= 0))
);


ALTER TABLE public.stall_options OWNER TO postgres;

--
-- Name: team_eligibility_decisions; Type: TABLE; Schema: public; Owner: postgres
--

CREATE TABLE public.team_eligibility_decisions (
    id uuid DEFAULT gen_random_uuid() NOT NULL,
    organization_id uuid NOT NULL,
    show_id uuid NOT NULL,
    class_id uuid NOT NULL,
    governing_body_id uuid NOT NULL,
    horse_id uuid NOT NULL,
    rider_contact_id uuid NOT NULL,
    reference_date date NOT NULL,
    status text NOT NULL,
    can_proceed boolean NOT NULL,
    reasons jsonb DEFAULT '[]'::jsonb NOT NULL,
    input_fingerprint text NOT NULL,
    source_mode text NOT NULL,
    external_snapshot_id uuid,
    checked_at timestamp with time zone DEFAULT now() NOT NULL,
    expires_at timestamp with time zone,
    created_by_user_id uuid DEFAULT public.current_profile_id(),
    created_at timestamp with time zone DEFAULT now() NOT NULL,
    CONSTRAINT team_eligibility_decisions_check CHECK (((expires_at IS NULL) OR (expires_at > checked_at))),
    CONSTRAINT team_eligibility_decisions_check1 CHECK ((((status = 'eligible'::text) AND can_proceed) OR ((status = 'ineligible'::text) AND (NOT can_proceed)) OR (status = 'unavailable'::text))),
    CONSTRAINT team_eligibility_decisions_input_fingerprint_check CHECK ((btrim(input_fingerprint) <> ''::text)),
    CONSTRAINT team_eligibility_decisions_reasons_check CHECK ((jsonb_typeof(reasons) = 'array'::text)),
    CONSTRAINT team_eligibility_decisions_source_mode_check CHECK ((source_mode = ANY (ARRAY['live_external'::text, 'local'::text, 'manual'::text]))),
    CONSTRAINT team_eligibility_decisions_status_check CHECK ((status = ANY (ARRAY['eligible'::text, 'ineligible'::text, 'unavailable'::text])))
);


ALTER TABLE public.team_eligibility_decisions OWNER TO postgres;

--
-- Name: TABLE team_eligibility_decisions; Type: COMMENT; Schema: public; Owner: postgres
--

COMMENT ON TABLE public.team_eligibility_decisions IS 'Immutable HSP decisions for one horse, rider, class, governing body and reference date. External evidence remains in external_data_snapshots.';


--
-- Name: team_eligibility_snapshots; Type: TABLE; Schema: public; Owner: postgres
--

CREATE TABLE public.team_eligibility_snapshots (
    snapshot_id uuid NOT NULL,
    horse_id uuid NOT NULL,
    rider_contact_id uuid NOT NULL,
    show_id uuid NOT NULL,
    class_id uuid NOT NULL,
    governing_body_id uuid NOT NULL,
    created_at timestamp with time zone DEFAULT now() NOT NULL
);


ALTER TABLE public.team_eligibility_snapshots OWNER TO postgres;

--
-- Name: TABLE team_eligibility_snapshots; Type: COMMENT; Schema: public; Owner: postgres
--

COMMENT ON TABLE public.team_eligibility_snapshots IS 'Typed team/class link for immutable external evidence. It is not the HSP eligibility decision.';


--
-- Name: app_events app_events_pkey; Type: CONSTRAINT; Schema: public; Owner: postgres
--

ALTER TABLE ONLY public.app_events
    ADD CONSTRAINT app_events_pkey PRIMARY KEY (id);


--
-- Name: association_invitations association_invitations_pkey; Type: CONSTRAINT; Schema: public; Owner: postgres
--

ALTER TABLE ONLY public.association_invitations
    ADD CONSTRAINT association_invitations_pkey PRIMARY KEY (id);


--
-- Name: association_invitations association_invitations_token_key; Type: CONSTRAINT; Schema: public; Owner: postgres
--

ALTER TABLE ONLY public.association_invitations
    ADD CONSTRAINT association_invitations_token_key UNIQUE (token);


--
-- Name: audit_events audit_events_pkey; Type: CONSTRAINT; Schema: public; Owner: postgres
--

ALTER TABLE ONLY public.audit_events
    ADD CONSTRAINT audit_events_pkey PRIMARY KEY (id);


--
-- Name: block_concurrency_group_members block_concurrency_group_members_block_id_key; Type: CONSTRAINT; Schema: public; Owner: postgres
--

ALTER TABLE ONLY public.block_concurrency_group_members
    ADD CONSTRAINT block_concurrency_group_members_block_id_key UNIQUE (block_id);


--
-- Name: block_concurrency_group_members block_concurrency_group_members_group_id_sort_order_key; Type: CONSTRAINT; Schema: public; Owner: postgres
--

ALTER TABLE ONLY public.block_concurrency_group_members
    ADD CONSTRAINT block_concurrency_group_members_group_id_sort_order_key UNIQUE (group_id, sort_order);


--
-- Name: block_concurrency_group_members block_concurrency_group_members_pkey; Type: CONSTRAINT; Schema: public; Owner: postgres
--

ALTER TABLE ONLY public.block_concurrency_group_members
    ADD CONSTRAINT block_concurrency_group_members_pkey PRIMARY KEY (group_id, block_id);


--
-- Name: block_concurrency_groups block_concurrency_groups_id_organization_id_show_id_key; Type: CONSTRAINT; Schema: public; Owner: postgres
--

ALTER TABLE ONLY public.block_concurrency_groups
    ADD CONSTRAINT block_concurrency_groups_id_organization_id_show_id_key UNIQUE (id, organization_id, show_id);


--
-- Name: block_concurrency_groups block_concurrency_groups_pkey; Type: CONSTRAINT; Schema: public; Owner: postgres
--

ALTER TABLE ONLY public.block_concurrency_groups
    ADD CONSTRAINT block_concurrency_groups_pkey PRIMARY KEY (id);


--
-- Name: block_concurrency_groups block_concurrency_groups_show_id_name_key; Type: CONSTRAINT; Schema: public; Owner: postgres
--

ALTER TABLE ONLY public.block_concurrency_groups
    ADD CONSTRAINT block_concurrency_groups_show_id_name_key UNIQUE (show_id, name);


--
-- Name: block_judge_assignments block_judge_assignments_block_id_sort_order_key; Type: CONSTRAINT; Schema: public; Owner: postgres
--

ALTER TABLE ONLY public.block_judge_assignments
    ADD CONSTRAINT block_judge_assignments_block_id_sort_order_key UNIQUE (block_id, sort_order);


--
-- Name: block_judge_assignments block_judge_assignments_pkey; Type: CONSTRAINT; Schema: public; Owner: postgres
--

ALTER TABLE ONLY public.block_judge_assignments
    ADD CONSTRAINT block_judge_assignments_pkey PRIMARY KEY (id);


--
-- Name: block_run_class_entries block_run_class_entries_pkey; Type: CONSTRAINT; Schema: public; Owner: postgres
--

ALTER TABLE ONLY public.block_run_class_entries
    ADD CONSTRAINT block_run_class_entries_pkey PRIMARY KEY (block_run_id, entry_id);


--
-- Name: block_run_entries block_run_entries_block_id_run_id_key; Type: CONSTRAINT; Schema: public; Owner: postgres
--

ALTER TABLE ONLY public.block_run_entries
    ADD CONSTRAINT block_run_entries_block_id_run_id_key UNIQUE (block_id, run_id);


--
-- Name: block_run_entries block_run_entries_pkey; Type: CONSTRAINT; Schema: public; Owner: postgres
--

ALTER TABLE ONLY public.block_run_entries
    ADD CONSTRAINT block_run_entries_pkey PRIMARY KEY (block_run_id);


--
-- Name: blocks blocks_identity_context_key; Type: CONSTRAINT; Schema: public; Owner: postgres
--

ALTER TABLE ONLY public.blocks
    ADD CONSTRAINT blocks_identity_context_key UNIQUE (id, organization_id, show_id);


--
-- Name: blocks blocks_pkey; Type: CONSTRAINT; Schema: public; Owner: postgres
--

ALTER TABLE ONLY public.blocks
    ADD CONSTRAINT blocks_pkey PRIMARY KEY (id);


--
-- Name: class_governing_bodies class_governing_bodies_pkey; Type: CONSTRAINT; Schema: public; Owner: postgres
--

ALTER TABLE ONLY public.class_governing_bodies
    ADD CONSTRAINT class_governing_bodies_pkey PRIMARY KEY (class_id, governing_body_id);


--
-- Name: block_result_publications class_result_publications_pkey; Type: CONSTRAINT; Schema: public; Owner: postgres
--

ALTER TABLE ONLY public.block_result_publications
    ADD CONSTRAINT class_result_publications_pkey PRIMARY KEY (block_id);


--
-- Name: class_templates class_template_divisions_class_template_id_name_key; Type: CONSTRAINT; Schema: public; Owner: postgres
--

ALTER TABLE ONLY public.class_templates
    ADD CONSTRAINT class_template_divisions_class_template_id_name_key UNIQUE (block_template_id, name);


--
-- Name: class_templates class_template_divisions_pkey; Type: CONSTRAINT; Schema: public; Owner: postgres
--

ALTER TABLE ONLY public.class_templates
    ADD CONSTRAINT class_template_divisions_pkey PRIMARY KEY (id);


--
-- Name: class_template_governing_bodies class_template_governing_bodies_pkey; Type: CONSTRAINT; Schema: public; Owner: postgres
--

ALTER TABLE ONLY public.class_template_governing_bodies
    ADD CONSTRAINT class_template_governing_bodies_pkey PRIMARY KEY (class_template_id, governing_body_id);


--
-- Name: block_templates class_templates_organization_id_name_key; Type: CONSTRAINT; Schema: public; Owner: postgres
--

ALTER TABLE ONLY public.block_templates
    ADD CONSTRAINT class_templates_organization_id_name_key UNIQUE (organization_id, name);


--
-- Name: block_templates class_templates_pkey; Type: CONSTRAINT; Schema: public; Owner: postgres
--

ALTER TABLE ONLY public.block_templates
    ADD CONSTRAINT class_templates_pkey PRIMARY KEY (id);


--
-- Name: classes classes_block_sort_key; Type: CONSTRAINT; Schema: public; Owner: postgres
--

ALTER TABLE ONLY public.classes
    ADD CONSTRAINT classes_block_sort_key UNIQUE (block_id, sort_order);


--
-- Name: classes classes_identity_context_key; Type: CONSTRAINT; Schema: public; Owner: postgres
--

ALTER TABLE ONLY public.classes
    ADD CONSTRAINT classes_identity_context_key UNIQUE (id, organization_id, show_id);


--
-- Name: classes classes_pkey; Type: CONSTRAINT; Schema: public; Owner: postgres
--

ALTER TABLE ONLY public.classes
    ADD CONSTRAINT classes_pkey PRIMARY KEY (id);


--
-- Name: contact_external_identifiers contact_external_identifiers_contact_id_external_credential_key; Type: CONSTRAINT; Schema: public; Owner: postgres
--

ALTER TABLE ONLY public.contact_external_identifiers
    ADD CONSTRAINT contact_external_identifiers_contact_id_external_credential_key UNIQUE (contact_id, external_credential_issuer_id, identifier_type);


--
-- Name: contact_external_identifiers contact_external_identifiers_pkey; Type: CONSTRAINT; Schema: public; Owner: postgres
--

ALTER TABLE ONLY public.contact_external_identifiers
    ADD CONSTRAINT contact_external_identifiers_pkey PRIMARY KEY (id);


--
-- Name: contact_insurance_evidence contact_insurance_evidence_pkey; Type: CONSTRAINT; Schema: public; Owner: postgres
--

ALTER TABLE ONLY public.contact_insurance_evidence
    ADD CONSTRAINT contact_insurance_evidence_pkey PRIMARY KEY (id);


--
-- Name: contact_organization_memberships contact_organization_membersh_organization_id_contact_id_me_key; Type: CONSTRAINT; Schema: public; Owner: postgres
--

ALTER TABLE ONLY public.contact_organization_memberships
    ADD CONSTRAINT contact_organization_membersh_organization_id_contact_id_me_key UNIQUE (organization_id, contact_id, membership_type_id, season_year);


--
-- Name: contact_organization_memberships contact_organization_memberships_pkey; Type: CONSTRAINT; Schema: public; Owner: postgres
--

ALTER TABLE ONLY public.contact_organization_memberships
    ADD CONSTRAINT contact_organization_memberships_pkey PRIMARY KEY (id);


--
-- Name: contact_roles contact_roles_organization_id_contact_id_role_key; Type: CONSTRAINT; Schema: public; Owner: postgres
--

ALTER TABLE ONLY public.contact_roles
    ADD CONSTRAINT contact_roles_organization_id_contact_id_role_key UNIQUE (organization_id, contact_id, role);


--
-- Name: contact_roles contact_roles_pkey; Type: CONSTRAINT; Schema: public; Owner: postgres
--

ALTER TABLE ONLY public.contact_roles
    ADD CONSTRAINT contact_roles_pkey PRIMARY KEY (id);


--
-- Name: contact_similarity_dismissals contact_similarity_dismissals_organization_id_existing_cont_key; Type: CONSTRAINT; Schema: public; Owner: postgres
--

ALTER TABLE ONLY public.contact_similarity_dismissals
    ADD CONSTRAINT contact_similarity_dismissals_organization_id_existing_cont_key UNIQUE (organization_id, existing_contact_id, candidate_signature, algorithm_version);


--
-- Name: contact_similarity_dismissals contact_similarity_dismissals_pkey; Type: CONSTRAINT; Schema: public; Owner: postgres
--

ALTER TABLE ONLY public.contact_similarity_dismissals
    ADD CONSTRAINT contact_similarity_dismissals_pkey PRIMARY KEY (id);


--
-- Name: contacts contacts_pkey; Type: CONSTRAINT; Schema: public; Owner: postgres
--

ALTER TABLE ONLY public.contacts
    ADD CONSTRAINT contacts_pkey PRIMARY KEY (id);


--
-- Name: credential_issuer_governing_bodies credential_issuer_governing_bodies_pkey; Type: CONSTRAINT; Schema: public; Owner: postgres
--

ALTER TABLE ONLY public.credential_issuer_governing_bodies
    ADD CONSTRAINT credential_issuer_governing_bodies_pkey PRIMARY KEY (external_credential_issuer_id, governing_body_id);


--
-- Name: directory_contacts directory_contacts_organization_discipline_id_contact_id_key; Type: CONSTRAINT; Schema: public; Owner: postgres
--

ALTER TABLE ONLY public.directory_contacts
    ADD CONSTRAINT directory_contacts_organization_discipline_id_contact_id_key UNIQUE (organization_discipline_id, contact_id);


--
-- Name: directory_contacts directory_contacts_pkey; Type: CONSTRAINT; Schema: public; Owner: postgres
--

ALTER TABLE ONLY public.directory_contacts
    ADD CONSTRAINT directory_contacts_pkey PRIMARY KEY (id);


--
-- Name: directory_horses directory_horses_organization_discipline_id_horse_id_key; Type: CONSTRAINT; Schema: public; Owner: postgres
--

ALTER TABLE ONLY public.directory_horses
    ADD CONSTRAINT directory_horses_organization_discipline_id_horse_id_key UNIQUE (organization_discipline_id, horse_id);


--
-- Name: directory_horses directory_horses_pkey; Type: CONSTRAINT; Schema: public; Owner: postgres
--

ALTER TABLE ONLY public.directory_horses
    ADD CONSTRAINT directory_horses_pkey PRIMARY KEY (id);


--
-- Name: discipline_credential_issuers discipline_credential_issuers_pkey; Type: CONSTRAINT; Schema: public; Owner: postgres
--

ALTER TABLE ONLY public.discipline_credential_issuers
    ADD CONSTRAINT discipline_credential_issuers_pkey PRIMARY KEY (discipline_id, external_credential_issuer_id);


--
-- Name: discipline_governing_bodies discipline_governing_bodies_pkey; Type: CONSTRAINT; Schema: public; Owner: postgres
--

ALTER TABLE ONLY public.discipline_governing_bodies
    ADD CONSTRAINT discipline_governing_bodies_pkey PRIMARY KEY (discipline_id, governing_body_id);


--
-- Name: disciplines disciplines_code_key; Type: CONSTRAINT; Schema: public; Owner: postgres
--

ALTER TABLE ONLY public.disciplines
    ADD CONSTRAINT disciplines_code_key UNIQUE (code);


--
-- Name: disciplines disciplines_pkey; Type: CONSTRAINT; Schema: public; Owner: postgres
--

ALTER TABLE ONLY public.disciplines
    ADD CONSTRAINT disciplines_pkey PRIMARY KEY (id);


--
-- Name: classes divisions_class_id_name_key; Type: CONSTRAINT; Schema: public; Owner: postgres
--

ALTER TABLE ONLY public.classes
    ADD CONSTRAINT divisions_class_id_name_key UNIQUE (block_id, name);


--
-- Name: eligibility_requirements eligibility_requirements_pkey; Type: CONSTRAINT; Schema: public; Owner: postgres
--

ALTER TABLE ONLY public.eligibility_requirements
    ADD CONSTRAINT eligibility_requirements_pkey PRIMARY KEY (id);


--
-- Name: entries entries_pkey; Type: CONSTRAINT; Schema: public; Owner: postgres
--

ALTER TABLE ONLY public.entries
    ADD CONSTRAINT entries_pkey PRIMARY KEY (id);


--
-- Name: entries entries_show_id_horse_id_division_id_key; Type: CONSTRAINT; Schema: public; Owner: postgres
--

ALTER TABLE ONLY public.entries
    ADD CONSTRAINT entries_show_id_horse_id_division_id_key UNIQUE (show_id, horse_id, class_id);


--
-- Name: entry_results entry_results_pkey; Type: CONSTRAINT; Schema: public; Owner: postgres
--

ALTER TABLE ONLY public.entry_results
    ADD CONSTRAINT entry_results_pkey PRIMARY KEY (entry_id);


--
-- Name: external_credential_issuers external_credential_issuers_code_key; Type: CONSTRAINT; Schema: public; Owner: postgres
--

ALTER TABLE ONLY public.external_credential_issuers
    ADD CONSTRAINT external_credential_issuers_code_key UNIQUE (code);


--
-- Name: external_credential_issuers external_credential_issuers_pkey; Type: CONSTRAINT; Schema: public; Owner: postgres
--

ALTER TABLE ONLY public.external_credential_issuers
    ADD CONSTRAINT external_credential_issuers_pkey PRIMARY KEY (id);


--
-- Name: external_credential_products external_credential_products_external_credential_issuer_id__key; Type: CONSTRAINT; Schema: public; Owner: postgres
--

ALTER TABLE ONLY public.external_credential_products
    ADD CONSTRAINT external_credential_products_external_credential_issuer_id__key UNIQUE (external_credential_issuer_id, code);


--
-- Name: external_credential_products external_credential_products_pkey; Type: CONSTRAINT; Schema: public; Owner: postgres
--

ALTER TABLE ONLY public.external_credential_products
    ADD CONSTRAINT external_credential_products_pkey PRIMARY KEY (id);


--
-- Name: external_data_snapshot_contacts external_data_snapshot_contacts_pkey; Type: CONSTRAINT; Schema: public; Owner: postgres
--

ALTER TABLE ONLY public.external_data_snapshot_contacts
    ADD CONSTRAINT external_data_snapshot_contacts_pkey PRIMARY KEY (snapshot_id, contact_id);


--
-- Name: external_data_snapshot_horses external_data_snapshot_horses_pkey; Type: CONSTRAINT; Schema: public; Owner: postgres
--

ALTER TABLE ONLY public.external_data_snapshot_horses
    ADD CONSTRAINT external_data_snapshot_horses_pkey PRIMARY KEY (snapshot_id, horse_id);


--
-- Name: external_data_snapshots external_data_snapshots_pkey; Type: CONSTRAINT; Schema: public; Owner: postgres
--

ALTER TABLE ONLY public.external_data_snapshots
    ADD CONSTRAINT external_data_snapshots_pkey PRIMARY KEY (id);


--
-- Name: external_data_sources external_data_sources_code_key; Type: CONSTRAINT; Schema: public; Owner: postgres
--

ALTER TABLE ONLY public.external_data_sources
    ADD CONSTRAINT external_data_sources_code_key UNIQUE (code);


--
-- Name: external_data_sources external_data_sources_pkey; Type: CONSTRAINT; Schema: public; Owner: postgres
--

ALTER TABLE ONLY public.external_data_sources
    ADD CONSTRAINT external_data_sources_pkey PRIMARY KEY (id);


--
-- Name: external_source_governing_bodies external_source_governing_bodies_pkey; Type: CONSTRAINT; Schema: public; Owner: postgres
--

ALTER TABLE ONLY public.external_source_governing_bodies
    ADD CONSTRAINT external_source_governing_bodies_pkey PRIMARY KEY (external_data_source_id, governing_body_id);


--
-- Name: governing_bodies governing_bodies_code_key; Type: CONSTRAINT; Schema: public; Owner: postgres
--

ALTER TABLE ONLY public.governing_bodies
    ADD CONSTRAINT governing_bodies_code_key UNIQUE (code);


--
-- Name: governing_bodies governing_bodies_pkey; Type: CONSTRAINT; Schema: public; Owner: postgres
--

ALTER TABLE ONLY public.governing_bodies
    ADD CONSTRAINT governing_bodies_pkey PRIMARY KEY (id);


--
-- Name: horse_contacts horse_contacts_horse_id_contact_id_role_key; Type: CONSTRAINT; Schema: public; Owner: postgres
--

ALTER TABLE ONLY public.horse_contacts
    ADD CONSTRAINT horse_contacts_horse_id_contact_id_role_key UNIQUE (horse_id, contact_id, role);


--
-- Name: horse_contacts horse_contacts_pkey; Type: CONSTRAINT; Schema: public; Owner: postgres
--

ALTER TABLE ONLY public.horse_contacts
    ADD CONSTRAINT horse_contacts_pkey PRIMARY KEY (id);


--
-- Name: horse_document_validations horse_document_validations_horse_document_id_version_key; Type: CONSTRAINT; Schema: public; Owner: postgres
--

ALTER TABLE ONLY public.horse_document_validations
    ADD CONSTRAINT horse_document_validations_horse_document_id_version_key UNIQUE (horse_document_id, version);


--
-- Name: horse_document_validations horse_document_validations_pkey; Type: CONSTRAINT; Schema: public; Owner: postgres
--

ALTER TABLE ONLY public.horse_document_validations
    ADD CONSTRAINT horse_document_validations_pkey PRIMARY KEY (id);


--
-- Name: horse_external_identifiers horse_external_identifiers_horse_id_external_credential_iss_key; Type: CONSTRAINT; Schema: public; Owner: postgres
--

ALTER TABLE ONLY public.horse_external_identifiers
    ADD CONSTRAINT horse_external_identifiers_horse_id_external_credential_iss_key UNIQUE (horse_id, external_credential_issuer_id, identifier_type);


--
-- Name: horse_external_identifiers horse_external_identifiers_pkey; Type: CONSTRAINT; Schema: public; Owner: postgres
--

ALTER TABLE ONLY public.horse_external_identifiers
    ADD CONSTRAINT horse_external_identifiers_pkey PRIMARY KEY (id);


--
-- Name: horse_documents horse_health_documents_pkey; Type: CONSTRAINT; Schema: public; Owner: postgres
--

ALTER TABLE ONLY public.horse_documents
    ADD CONSTRAINT horse_health_documents_pkey PRIMARY KEY (id);


--
-- Name: horse_identity_corrections horse_identity_corrections_pkey; Type: CONSTRAINT; Schema: public; Owner: postgres
--

ALTER TABLE ONLY public.horse_identity_corrections
    ADD CONSTRAINT horse_identity_corrections_pkey PRIMARY KEY (id);


--
-- Name: horse_similarity_dismissals horse_similarity_dismissals_organization_id_existing_horse__key; Type: CONSTRAINT; Schema: public; Owner: postgres
--

ALTER TABLE ONLY public.horse_similarity_dismissals
    ADD CONSTRAINT horse_similarity_dismissals_organization_id_existing_horse__key UNIQUE (organization_id, existing_horse_id, candidate_signature, algorithm_version);


--
-- Name: horse_similarity_dismissals horse_similarity_dismissals_pkey; Type: CONSTRAINT; Schema: public; Owner: postgres
--

ALTER TABLE ONLY public.horse_similarity_dismissals
    ADD CONSTRAINT horse_similarity_dismissals_pkey PRIMARY KEY (id);


--
-- Name: horses horses_pkey; Type: CONSTRAINT; Schema: public; Owner: postgres
--

ALTER TABLE ONLY public.horses
    ADD CONSTRAINT horses_pkey PRIMARY KEY (id);


--
-- Name: incentive_program_nominations incentive_program_nominations_incentive_program_id_horse_id_key; Type: CONSTRAINT; Schema: public; Owner: postgres
--

ALTER TABLE ONLY public.incentive_program_nominations
    ADD CONSTRAINT incentive_program_nominations_incentive_program_id_horse_id_key UNIQUE (incentive_program_id, horse_id, season_year, nomination_role);


--
-- Name: incentive_program_nominations incentive_program_nominations_pkey; Type: CONSTRAINT; Schema: public; Owner: postgres
--

ALTER TABLE ONLY public.incentive_program_nominations
    ADD CONSTRAINT incentive_program_nominations_pkey PRIMARY KEY (id);


--
-- Name: incentive_programs incentive_programs_organization_id_code_key; Type: CONSTRAINT; Schema: public; Owner: postgres
--

ALTER TABLE ONLY public.incentive_programs
    ADD CONSTRAINT incentive_programs_organization_id_code_key UNIQUE (organization_id, code);


--
-- Name: incentive_programs incentive_programs_pkey; Type: CONSTRAINT; Schema: public; Owner: postgres
--

ALTER TABLE ONLY public.incentive_programs
    ADD CONSTRAINT incentive_programs_pkey PRIMARY KEY (id);


--
-- Name: invoice_line_items invoice_line_items_pkey; Type: CONSTRAINT; Schema: public; Owner: postgres
--

ALTER TABLE ONLY public.invoice_line_items
    ADD CONSTRAINT invoice_line_items_pkey PRIMARY KEY (id);


--
-- Name: invoices invoices_pkey; Type: CONSTRAINT; Schema: public; Owner: postgres
--

ALTER TABLE ONLY public.invoices
    ADD CONSTRAINT invoices_pkey PRIMARY KEY (id);


--
-- Name: manual_sales manual_sales_pkey; Type: CONSTRAINT; Schema: public; Owner: postgres
--

ALTER TABLE ONLY public.manual_sales
    ADD CONSTRAINT manual_sales_pkey PRIMARY KEY (id);


--
-- Name: nrha_rider_rankings nrha_rider_rankings_eligibility_year_list_type_rank_key; Type: CONSTRAINT; Schema: public; Owner: postgres
--

ALTER TABLE ONLY public.nrha_rider_rankings
    ADD CONSTRAINT nrha_rider_rankings_eligibility_year_list_type_rank_key UNIQUE (eligibility_year, list_type, rank);


--
-- Name: nrha_rider_rankings nrha_rider_rankings_eligibility_year_list_type_rider_name_n_key; Type: CONSTRAINT; Schema: public; Owner: postgres
--

ALTER TABLE ONLY public.nrha_rider_rankings
    ADD CONSTRAINT nrha_rider_rankings_eligibility_year_list_type_rider_name_n_key UNIQUE (eligibility_year, list_type, rider_name_normalized);


--
-- Name: nrha_rider_rankings nrha_rider_rankings_pkey; Type: CONSTRAINT; Schema: public; Owner: postgres
--

ALTER TABLE ONLY public.nrha_rider_rankings
    ADD CONSTRAINT nrha_rider_rankings_pkey PRIMARY KEY (id);


--
-- Name: organization_back_numbers organization_back_numbers_organization_id_number_key; Type: CONSTRAINT; Schema: public; Owner: postgres
--

ALTER TABLE ONLY public.organization_back_numbers
    ADD CONSTRAINT organization_back_numbers_organization_id_number_key UNIQUE (organization_id, number);


--
-- Name: organization_back_numbers organization_back_numbers_pkey; Type: CONSTRAINT; Schema: public; Owner: postgres
--

ALTER TABLE ONLY public.organization_back_numbers
    ADD CONSTRAINT organization_back_numbers_pkey PRIMARY KEY (id);


--
-- Name: organization_deadline_policies organization_deadline_policies_pkey; Type: CONSTRAINT; Schema: public; Owner: postgres
--

ALTER TABLE ONLY public.organization_deadline_policies
    ADD CONSTRAINT organization_deadline_policies_pkey PRIMARY KEY (organization_id);


--
-- Name: organization_discipline_governing_bodies organization_discipline_governing_bodies_pkey; Type: CONSTRAINT; Schema: public; Owner: postgres
--

ALTER TABLE ONLY public.organization_discipline_governing_bodies
    ADD CONSTRAINT organization_discipline_governing_bodies_pkey PRIMARY KEY (organization_discipline_id, governing_body_id);


--
-- Name: organization_disciplines organization_disciplines_id_organization_id_key; Type: CONSTRAINT; Schema: public; Owner: postgres
--

ALTER TABLE ONLY public.organization_disciplines
    ADD CONSTRAINT organization_disciplines_id_organization_id_key UNIQUE (id, organization_id);


--
-- Name: organization_disciplines organization_disciplines_organization_id_discipline_id_key; Type: CONSTRAINT; Schema: public; Owner: postgres
--

ALTER TABLE ONLY public.organization_disciplines
    ADD CONSTRAINT organization_disciplines_organization_id_discipline_id_key UNIQUE (organization_id, discipline_id);


--
-- Name: organization_disciplines organization_disciplines_pkey; Type: CONSTRAINT; Schema: public; Owner: postgres
--

ALTER TABLE ONLY public.organization_disciplines
    ADD CONSTRAINT organization_disciplines_pkey PRIMARY KEY (id);


--
-- Name: organization_external_credential_requirements organization_external_credent_organization_id_external_cred_key; Type: CONSTRAINT; Schema: public; Owner: postgres
--

ALTER TABLE ONLY public.organization_external_credential_requirements
    ADD CONSTRAINT organization_external_credent_organization_id_external_cred_key UNIQUE (organization_id, external_credential_issuer_id, contact_type, identifier_type);


--
-- Name: organization_external_credential_requirements organization_external_credential_requirements_pkey; Type: CONSTRAINT; Schema: public; Owner: postgres
--

ALTER TABLE ONLY public.organization_external_credential_requirements
    ADD CONSTRAINT organization_external_credential_requirements_pkey PRIMARY KEY (id);


--
-- Name: organization_governing_bodies organization_governing_bodies_organization_id_governing_bod_key; Type: CONSTRAINT; Schema: public; Owner: postgres
--

ALTER TABLE ONLY public.organization_governing_bodies
    ADD CONSTRAINT organization_governing_bodies_organization_id_governing_bod_key UNIQUE (organization_id, governing_body_id);


--
-- Name: organization_governing_bodies organization_governing_bodies_pkey; Type: CONSTRAINT; Schema: public; Owner: postgres
--

ALTER TABLE ONLY public.organization_governing_bodies
    ADD CONSTRAINT organization_governing_bodies_pkey PRIMARY KEY (id);


--
-- Name: organization_health_document_reviews organization_health_document__organization_id_horse_documen_key; Type: CONSTRAINT; Schema: public; Owner: postgres
--

ALTER TABLE ONLY public.organization_health_document_reviews
    ADD CONSTRAINT organization_health_document__organization_id_horse_documen_key UNIQUE (organization_id, horse_document_id, version);


--
-- Name: organization_health_document_reviews organization_health_document_reviews_pkey; Type: CONSTRAINT; Schema: public; Owner: postgres
--

ALTER TABLE ONLY public.organization_health_document_reviews
    ADD CONSTRAINT organization_health_document_reviews_pkey PRIMARY KEY (id);


--
-- Name: organization_health_policies organization_health_policies_organization_id_effective_from_key; Type: CONSTRAINT; Schema: public; Owner: postgres
--

ALTER TABLE ONLY public.organization_health_policies
    ADD CONSTRAINT organization_health_policies_organization_id_effective_from_key UNIQUE (organization_id, effective_from);


--
-- Name: organization_health_policies organization_health_policies_pkey; Type: CONSTRAINT; Schema: public; Owner: postgres
--

ALTER TABLE ONLY public.organization_health_policies
    ADD CONSTRAINT organization_health_policies_pkey PRIMARY KEY (id);


--
-- Name: organization_members organization_members_organization_id_user_id_key; Type: CONSTRAINT; Schema: public; Owner: postgres
--

ALTER TABLE ONLY public.organization_members
    ADD CONSTRAINT organization_members_organization_id_user_id_key UNIQUE (organization_id, user_id);


--
-- Name: organization_members organization_members_pkey; Type: CONSTRAINT; Schema: public; Owner: postgres
--

ALTER TABLE ONLY public.organization_members
    ADD CONSTRAINT organization_members_pkey PRIMARY KEY (id);


--
-- Name: organization_membership_types organization_membership_types_organization_id_season_year_c_key; Type: CONSTRAINT; Schema: public; Owner: postgres
--

ALTER TABLE ONLY public.organization_membership_types
    ADD CONSTRAINT organization_membership_types_organization_id_season_year_c_key UNIQUE (organization_id, season_year, code);


--
-- Name: organization_membership_types organization_membership_types_pkey; Type: CONSTRAINT; Schema: public; Owner: postgres
--

ALTER TABLE ONLY public.organization_membership_types
    ADD CONSTRAINT organization_membership_types_pkey PRIMARY KEY (id);


--
-- Name: organization_products organization_products_organization_id_code_key; Type: CONSTRAINT; Schema: public; Owner: postgres
--

ALTER TABLE ONLY public.organization_products
    ADD CONSTRAINT organization_products_organization_id_code_key UNIQUE (organization_id, code);


--
-- Name: organization_products organization_products_pkey; Type: CONSTRAINT; Schema: public; Owner: postgres
--

ALTER TABLE ONLY public.organization_products
    ADD CONSTRAINT organization_products_pkey PRIMARY KEY (id);


--
-- Name: organizations organizations_pkey; Type: CONSTRAINT; Schema: public; Owner: postgres
--

ALTER TABLE ONLY public.organizations
    ADD CONSTRAINT organizations_pkey PRIMARY KEY (id);


--
-- Name: organizations organizations_slug_key; Type: CONSTRAINT; Schema: public; Owner: postgres
--

ALTER TABLE ONLY public.organizations
    ADD CONSTRAINT organizations_slug_key UNIQUE (slug);


--
-- Name: payments payments_pkey; Type: CONSTRAINT; Schema: public; Owner: postgres
--

ALTER TABLE ONLY public.payments
    ADD CONSTRAINT payments_pkey PRIMARY KEY (id);


--
-- Name: payout_awards payout_awards_calculation_id_entry_id_key; Type: CONSTRAINT; Schema: public; Owner: postgres
--

ALTER TABLE ONLY public.payout_awards
    ADD CONSTRAINT payout_awards_calculation_id_entry_id_key UNIQUE (calculation_id, entry_id);


--
-- Name: payout_awards payout_awards_pkey; Type: CONSTRAINT; Schema: public; Owner: postgres
--

ALTER TABLE ONLY public.payout_awards
    ADD CONSTRAINT payout_awards_pkey PRIMARY KEY (id);


--
-- Name: payout_calculations payout_calculations_pkey; Type: CONSTRAINT; Schema: public; Owner: postgres
--

ALTER TABLE ONLY public.payout_calculations
    ADD CONSTRAINT payout_calculations_pkey PRIMARY KEY (id);


--
-- Name: payout_calculations payout_calculations_show_id_division_id_key; Type: CONSTRAINT; Schema: public; Owner: postgres
--

ALTER TABLE ONLY public.payout_calculations
    ADD CONSTRAINT payout_calculations_show_id_division_id_key UNIQUE (show_id, class_id);


--
-- Name: payout_schedule_brackets payout_schedule_brackets_pkey; Type: CONSTRAINT; Schema: public; Owner: postgres
--

ALTER TABLE ONLY public.payout_schedule_brackets
    ADD CONSTRAINT payout_schedule_brackets_pkey PRIMARY KEY (id);


--
-- Name: payout_schedules payout_schedules_federation_name_key; Type: CONSTRAINT; Schema: public; Owner: postgres
--

ALTER TABLE ONLY public.payout_schedules
    ADD CONSTRAINT payout_schedules_federation_name_key UNIQUE (federation, name);


--
-- Name: payout_schedules payout_schedules_pkey; Type: CONSTRAINT; Schema: public; Owner: postgres
--

ALTER TABLE ONLY public.payout_schedules
    ADD CONSTRAINT payout_schedules_pkey PRIMARY KEY (id);


--
-- Name: platform_admins platform_admins_pkey; Type: CONSTRAINT; Schema: public; Owner: postgres
--

ALTER TABLE ONLY public.platform_admins
    ADD CONSTRAINT platform_admins_pkey PRIMARY KEY (id);


--
-- Name: platform_admins platform_admins_user_id_key; Type: CONSTRAINT; Schema: public; Owner: postgres
--

ALTER TABLE ONLY public.platform_admins
    ADD CONSTRAINT platform_admins_user_id_key UNIQUE (user_id);


--
-- Name: sanctioning_bodies sanctioning_bodies_pkey; Type: CONSTRAINT; Schema: public; Owner: postgres
--

ALTER TABLE ONLY public.sanctioning_bodies
    ADD CONSTRAINT sanctioning_bodies_pkey PRIMARY KEY (code);


--
-- Name: scored_runs scored_runs_pkey; Type: CONSTRAINT; Schema: public; Owner: postgres
--

ALTER TABLE ONLY public.scored_runs
    ADD CONSTRAINT scored_runs_pkey PRIMARY KEY (run_id);


--
-- Name: show_announcements show_announcements_pkey; Type: CONSTRAINT; Schema: public; Owner: postgres
--

ALTER TABLE ONLY public.show_announcements
    ADD CONSTRAINT show_announcements_pkey PRIMARY KEY (id);


--
-- Name: show_days show_days_pkey; Type: CONSTRAINT; Schema: public; Owner: postgres
--

ALTER TABLE ONLY public.show_days
    ADD CONSTRAINT show_days_pkey PRIMARY KEY (id);


--
-- Name: show_days show_days_show_id_day_date_key; Type: CONSTRAINT; Schema: public; Owner: postgres
--

ALTER TABLE ONLY public.show_days
    ADD CONSTRAINT show_days_show_id_day_date_key UNIQUE (show_id, day_date);


--
-- Name: show_roles show_roles_pkey; Type: CONSTRAINT; Schema: public; Owner: postgres
--

ALTER TABLE ONLY public.show_roles
    ADD CONSTRAINT show_roles_pkey PRIMARY KEY (id);


--
-- Name: show_roles show_roles_show_id_user_id_role_key; Type: CONSTRAINT; Schema: public; Owner: postgres
--

ALTER TABLE ONLY public.show_roles
    ADD CONSTRAINT show_roles_show_id_user_id_role_key UNIQUE (show_id, user_id, role);


--
-- Name: show_score_announcer_live_sessions show_score_announcer_live_sessions_pkey; Type: CONSTRAINT; Schema: public; Owner: postgres
--

ALTER TABLE ONLY public.show_score_announcer_live_sessions
    ADD CONSTRAINT show_score_announcer_live_sessions_pkey PRIMARY KEY (class_id);


--
-- Name: show_score_championship_seasons show_score_championship_seasons_pkey; Type: CONSTRAINT; Schema: public; Owner: postgres
--

ALTER TABLE ONLY public.show_score_championship_seasons
    ADD CONSTRAINT show_score_championship_seasons_pkey PRIMARY KEY (id);


--
-- Name: show_score_championship_update_campaigns show_score_championship_update_campaigns_pkey; Type: CONSTRAINT; Schema: public; Owner: postgres
--

ALTER TABLE ONLY public.show_score_championship_update_campaigns
    ADD CONSTRAINT show_score_championship_update_campaigns_pkey PRIMARY KEY (id);


--
-- Name: show_score_championship_update_deliveries show_score_championship_update_deliveries_pkey; Type: CONSTRAINT; Schema: public; Owner: postgres
--

ALTER TABLE ONLY public.show_score_championship_update_deliveries
    ADD CONSTRAINT show_score_championship_update_deliveries_pkey PRIMARY KEY (id);


--
-- Name: show_score_championship_update_subscribers show_score_championship_update_subscribers_pkey; Type: CONSTRAINT; Schema: public; Owner: postgres
--

ALTER TABLE ONLY public.show_score_championship_update_subscribers
    ADD CONSTRAINT show_score_championship_update_subscribers_pkey PRIMARY KEY (id);


--
-- Name: show_score_class_documents show_score_class_documents_pkey; Type: CONSTRAINT; Schema: public; Owner: postgres
--

ALTER TABLE ONLY public.show_score_class_documents
    ADD CONSTRAINT show_score_class_documents_pkey PRIMARY KEY (class_id, document_type);


--
-- Name: show_score_block_setups show_score_class_setups_pkey; Type: CONSTRAINT; Schema: public; Owner: postgres
--

ALTER TABLE ONLY public.show_score_block_setups
    ADD CONSTRAINT show_score_class_setups_pkey PRIMARY KEY (block_id);


--
-- Name: show_score_judge_sessions show_score_judge_sessions_pkey; Type: CONSTRAINT; Schema: public; Owner: postgres
--

ALTER TABLE ONLY public.show_score_judge_sessions
    ADD CONSTRAINT show_score_judge_sessions_pkey PRIMARY KEY (block_id, judge_id);


--
-- Name: show_score_official_results show_score_official_results_pkey; Type: CONSTRAINT; Schema: public; Owner: postgres
--

ALTER TABLE ONLY public.show_score_official_results
    ADD CONSTRAINT show_score_official_results_pkey PRIMARY KEY (block_id);


--
-- Name: show_score_paid_warmups show_score_paid_warmups_block_key; Type: CONSTRAINT; Schema: public; Owner: postgres
--

ALTER TABLE ONLY public.show_score_paid_warmups
    ADD CONSTRAINT show_score_paid_warmups_block_key UNIQUE (block_id);


--
-- Name: show_score_paid_warmups show_score_paid_warmups_pkey; Type: CONSTRAINT; Schema: public; Owner: postgres
--

ALTER TABLE ONLY public.show_score_paid_warmups
    ADD CONSTRAINT show_score_paid_warmups_pkey PRIMARY KEY (id);


--
-- Name: show_score_public_championship_seasons show_score_public_championship_seasons_pkey; Type: CONSTRAINT; Schema: public; Owner: postgres
--

ALTER TABLE ONLY public.show_score_public_championship_seasons
    ADD CONSTRAINT show_score_public_championship_seasons_pkey PRIMARY KEY (season_id);


--
-- Name: show_score_publication_states show_score_publication_states_pkey; Type: CONSTRAINT; Schema: public; Owner: postgres
--

ALTER TABLE ONLY public.show_score_publication_states
    ADD CONSTRAINT show_score_publication_states_pkey PRIMARY KEY (block_id);


--
-- Name: show_score_scoring_sessions show_score_scoring_sessions_pkey; Type: CONSTRAINT; Schema: public; Owner: postgres
--

ALTER TABLE ONLY public.show_score_scoring_sessions
    ADD CONSTRAINT show_score_scoring_sessions_pkey PRIMARY KEY (block_id);


--
-- Name: shows shows_organization_id_slug_key; Type: CONSTRAINT; Schema: public; Owner: postgres
--

ALTER TABLE ONLY public.shows
    ADD CONSTRAINT shows_organization_id_slug_key UNIQUE (organization_id, slug);


--
-- Name: shows shows_pkey; Type: CONSTRAINT; Schema: public; Owner: postgres
--

ALTER TABLE ONLY public.shows
    ADD CONSTRAINT shows_pkey PRIMARY KEY (id);


--
-- Name: slates slates_id_organization_id_show_id_key; Type: CONSTRAINT; Schema: public; Owner: postgres
--

ALTER TABLE ONLY public.slates
    ADD CONSTRAINT slates_id_organization_id_show_id_key UNIQUE (id, organization_id, show_id);


--
-- Name: slates slates_pkey; Type: CONSTRAINT; Schema: public; Owner: postgres
--

ALTER TABLE ONLY public.slates
    ADD CONSTRAINT slates_pkey PRIMARY KEY (id);


--
-- Name: slates slates_show_id_name_key; Type: CONSTRAINT; Schema: public; Owner: postgres
--

ALTER TABLE ONLY public.slates
    ADD CONSTRAINT slates_show_id_name_key UNIQUE (show_id, name);


--
-- Name: stall_bookings stall_bookings_pkey; Type: CONSTRAINT; Schema: public; Owner: postgres
--

ALTER TABLE ONLY public.stall_bookings
    ADD CONSTRAINT stall_bookings_pkey PRIMARY KEY (id);


--
-- Name: stall_options stall_options_pkey; Type: CONSTRAINT; Schema: public; Owner: postgres
--

ALTER TABLE ONLY public.stall_options
    ADD CONSTRAINT stall_options_pkey PRIMARY KEY (id);


--
-- Name: team_eligibility_decisions team_eligibility_decisions_pkey; Type: CONSTRAINT; Schema: public; Owner: postgres
--

ALTER TABLE ONLY public.team_eligibility_decisions
    ADD CONSTRAINT team_eligibility_decisions_pkey PRIMARY KEY (id);


--
-- Name: team_eligibility_snapshots team_eligibility_snapshots_pkey; Type: CONSTRAINT; Schema: public; Owner: postgres
--

ALTER TABLE ONLY public.team_eligibility_snapshots
    ADD CONSTRAINT team_eligibility_snapshots_pkey PRIMARY KEY (snapshot_id);


--
-- Name: user_profiles user_profiles_pkey; Type: CONSTRAINT; Schema: public; Owner: postgres
--

ALTER TABLE ONLY public.user_profiles
    ADD CONSTRAINT user_profiles_pkey PRIMARY KEY (id);


--
-- Name: user_profiles user_profiles_user_id_key; Type: CONSTRAINT; Schema: public; Owner: postgres
--

ALTER TABLE ONLY public.user_profiles
    ADD CONSTRAINT user_profiles_user_id_key UNIQUE (user_id);


--
-- Name: app_events_actor_user_created_at_idx; Type: INDEX; Schema: public; Owner: postgres
--

CREATE INDEX app_events_actor_user_created_at_idx ON public.app_events USING btree (actor_user_id, created_at DESC) WHERE (actor_user_id IS NOT NULL);


--
-- Name: app_events_association_created_at_idx; Type: INDEX; Schema: public; Owner: postgres
--

CREATE INDEX app_events_association_created_at_idx ON public.app_events USING btree (association_id, created_at DESC) WHERE (association_id IS NOT NULL);


--
-- Name: app_events_created_at_idx; Type: INDEX; Schema: public; Owner: postgres
--

CREATE INDEX app_events_created_at_idx ON public.app_events USING btree (created_at DESC);


--
-- Name: app_events_event_type_created_at_idx; Type: INDEX; Schema: public; Owner: postgres
--

CREATE INDEX app_events_event_type_created_at_idx ON public.app_events USING btree (event_type, created_at DESC);


--
-- Name: block_judge_assignments_block_idx; Type: INDEX; Schema: public; Owner: postgres
--

CREATE INDEX block_judge_assignments_block_idx ON public.block_judge_assignments USING btree (block_id, sort_order);


--
-- Name: blocks_follows_block_idx; Type: INDEX; Schema: public; Owner: postgres
--

CREATE INDEX blocks_follows_block_idx ON public.blocks USING btree (follows_block_id) WHERE (follows_block_id IS NOT NULL);


--
-- Name: blocks_show_schedule_idx; Type: INDEX; Schema: public; Owner: postgres
--

CREATE INDEX blocks_show_schedule_idx ON public.blocks USING btree (show_id, show_day_id, schedule_start_mode, scheduled_time, sort_order);


--
-- Name: blocks_slate_idx; Type: INDEX; Schema: public; Owner: postgres
--

CREATE INDEX blocks_slate_idx ON public.blocks USING btree (slate_id, sort_order) WHERE (slate_id IS NOT NULL);


--
-- Name: class_governing_bodies_governing_body_idx; Type: INDEX; Schema: public; Owner: postgres
--

CREATE INDEX class_governing_bodies_governing_body_idx ON public.class_governing_bodies USING btree (governing_body_id, class_id);


--
-- Name: classes_block_idx; Type: INDEX; Schema: public; Owner: postgres
--

CREATE INDEX classes_block_idx ON public.classes USING btree (block_id, sort_order, name);


--
-- Name: classes_discipline_idx; Type: INDEX; Schema: public; Owner: postgres
--

CREATE INDEX classes_discipline_idx ON public.classes USING btree (organization_discipline_id, show_id, registration_status);


--
-- Name: contact_external_identifiers_contact_idx; Type: INDEX; Schema: public; Owner: postgres
--

CREATE INDEX contact_external_identifiers_contact_idx ON public.contact_external_identifiers USING btree (contact_id, external_credential_issuer_id);


--
-- Name: contact_external_identifiers_lookup_idx; Type: INDEX; Schema: public; Owner: postgres
--

CREATE INDEX contact_external_identifiers_lookup_idx ON public.contact_external_identifiers USING btree (external_credential_issuer_id, normalized_identifier_value);


--
-- Name: contact_insurance_evidence_contact_idx; Type: INDEX; Schema: public; Owner: postgres
--

CREATE INDEX contact_insurance_evidence_contact_idx ON public.contact_insurance_evidence USING btree (contact_id, expires_on DESC);


--
-- Name: contacts_global_normalized_email_key; Type: INDEX; Schema: public; Owner: postgres
--

CREATE UNIQUE INDEX contacts_global_normalized_email_key ON public.contacts USING btree (lower(btrim((email)::text))) WHERE (email IS NOT NULL);


--
-- Name: contacts_identity_name_trgm_idx; Type: INDEX; Schema: public; Owner: postgres
--

CREATE INDEX contacts_identity_name_trgm_idx ON public.contacts USING gin (public.identity_search_key(public.contact_identity_name((first_name)::text, (middle_name)::text, (last_name)::text)) extensions.gin_trgm_ops);


--
-- Name: contacts_identity_phone_idx; Type: INDEX; Schema: public; Owner: postgres
--

CREATE INDEX contacts_identity_phone_idx ON public.contacts USING btree (regexp_replace((COALESCE(phone, ''::character varying))::text, '[^0-9]+'::text, ''::text, 'g'::text)) WHERE (phone IS NOT NULL);


--
-- Name: directory_contacts_contact_idx; Type: INDEX; Schema: public; Owner: postgres
--

CREATE INDEX directory_contacts_contact_idx ON public.directory_contacts USING btree (contact_id, organization_discipline_id);


--
-- Name: directory_horses_horse_idx; Type: INDEX; Schema: public; Owner: postgres
--

CREATE INDEX directory_horses_horse_idx ON public.directory_horses USING btree (horse_id, organization_discipline_id);


--
-- Name: disciplines_normalized_code_key; Type: INDEX; Schema: public; Owner: postgres
--

CREATE UNIQUE INDEX disciplines_normalized_code_key ON public.disciplines USING btree (upper(btrim(code)));


--
-- Name: eligibility_requirements_block_idx; Type: INDEX; Schema: public; Owner: postgres
--

CREATE INDEX eligibility_requirements_block_idx ON public.eligibility_requirements USING btree (block_id) WHERE (block_id IS NOT NULL);


--
-- Name: eligibility_requirements_class_idx; Type: INDEX; Schema: public; Owner: postgres
--

CREATE INDEX eligibility_requirements_class_idx ON public.eligibility_requirements USING btree (class_id) WHERE (class_id IS NOT NULL);


--
-- Name: eligibility_requirements_directory_idx; Type: INDEX; Schema: public; Owner: postgres
--

CREATE INDEX eligibility_requirements_directory_idx ON public.eligibility_requirements USING btree (organization_discipline_id) WHERE (organization_discipline_id IS NOT NULL);


--
-- Name: eligibility_requirements_host_membership_directory_key; Type: INDEX; Schema: public; Owner: postgres
--

CREATE UNIQUE INDEX eligibility_requirements_host_membership_directory_key ON public.eligibility_requirements USING btree (organization_discipline_id, subject_type) WHERE ((scope_type = 'organization_discipline'::text) AND (requirement_type = 'host_membership'::text));


--
-- Name: eligibility_requirements_organization_idx; Type: INDEX; Schema: public; Owner: postgres
--

CREATE INDEX eligibility_requirements_organization_idx ON public.eligibility_requirements USING btree (organization_id, scope_type, is_active);


--
-- Name: eligibility_requirements_program_idx; Type: INDEX; Schema: public; Owner: postgres
--

CREATE INDEX eligibility_requirements_program_idx ON public.eligibility_requirements USING btree (incentive_program_id) WHERE (incentive_program_id IS NOT NULL);


--
-- Name: external_credential_issuers_normalized_code_key; Type: INDEX; Schema: public; Owner: postgres
--

CREATE UNIQUE INDEX external_credential_issuers_normalized_code_key ON public.external_credential_issuers USING btree (upper(btrim(code)));


--
-- Name: external_data_snapshots_source_date_idx; Type: INDEX; Schema: public; Owner: postgres
--

CREATE INDEX external_data_snapshots_source_date_idx ON public.external_data_snapshots USING btree (external_data_source_id, retrieved_at DESC);


--
-- Name: external_data_sources_normalized_code_key; Type: INDEX; Schema: public; Owner: postgres
--

CREATE UNIQUE INDEX external_data_sources_normalized_code_key ON public.external_data_sources USING btree (upper(btrim(code)));


--
-- Name: external_source_governing_bodies_body_idx; Type: INDEX; Schema: public; Owner: postgres
--

CREATE INDEX external_source_governing_bodies_body_idx ON public.external_source_governing_bodies USING btree (governing_body_id, is_active, external_data_source_id);


--
-- Name: governing_bodies_normalized_code_key; Type: INDEX; Schema: public; Owner: postgres
--

CREATE UNIQUE INDEX governing_bodies_normalized_code_key ON public.governing_bodies USING btree (upper(btrim(code)));


--
-- Name: horse_document_validations_horse_idx; Type: INDEX; Schema: public; Owner: postgres
--

CREATE INDEX horse_document_validations_horse_idx ON public.horse_document_validations USING btree (horse_id, created_at DESC);


--
-- Name: horse_document_validations_one_active_idx; Type: INDEX; Schema: public; Owner: postgres
--

CREATE UNIQUE INDEX horse_document_validations_one_active_idx ON public.horse_document_validations USING btree (horse_document_id) WHERE (status <> ALL (ARRAY['superseded'::text, 'invalidated'::text]));


--
-- Name: horse_external_identifiers_horse_idx; Type: INDEX; Schema: public; Owner: postgres
--

CREATE INDEX horse_external_identifiers_horse_idx ON public.horse_external_identifiers USING btree (horse_id, external_credential_issuer_id);


--
-- Name: horse_external_identifiers_lookup_idx; Type: INDEX; Schema: public; Owner: postgres
--

CREATE INDEX horse_external_identifiers_lookup_idx ON public.horse_external_identifiers USING btree (external_credential_issuer_id, normalized_identifier_value);


--
-- Name: horse_identity_corrections_horse_idx; Type: INDEX; Schema: public; Owner: postgres
--

CREATE INDEX horse_identity_corrections_horse_idx ON public.horse_identity_corrections USING btree (horse_id, created_at DESC);


--
-- Name: horses_identity_name_trgm_idx; Type: INDEX; Schema: public; Owner: postgres
--

CREATE INDEX horses_identity_name_trgm_idx ON public.horses USING gin (public.identity_search_key((name)::text) extensions.gin_trgm_ops);


--
-- Name: horses_identity_registration_idx; Type: INDEX; Schema: public; Owner: postgres
--

CREATE INDEX horses_identity_registration_idx ON public.horses USING btree (public.identity_search_key((registration_number)::text)) WHERE (registration_number IS NOT NULL);


--
-- Name: idx_association_invitations_association_id; Type: INDEX; Schema: public; Owner: postgres
--

CREATE INDEX idx_association_invitations_association_id ON public.association_invitations USING btree (association_id);


--
-- Name: idx_association_invitations_email; Type: INDEX; Schema: public; Owner: postgres
--

CREATE INDEX idx_association_invitations_email ON public.association_invitations USING btree (email);


--
-- Name: idx_association_invitations_token; Type: INDEX; Schema: public; Owner: postgres
--

CREATE INDEX idx_association_invitations_token ON public.association_invitations USING btree (token);


--
-- Name: idx_audit_events_entity; Type: INDEX; Schema: public; Owner: postgres
--

CREATE INDEX idx_audit_events_entity ON public.audit_events USING btree (entity_type, entity_id);


--
-- Name: idx_audit_events_org_id; Type: INDEX; Schema: public; Owner: postgres
--

CREATE INDEX idx_audit_events_org_id ON public.audit_events USING btree (organization_id);


--
-- Name: idx_block_run_class_entries_entry_id; Type: INDEX; Schema: public; Owner: postgres
--

CREATE INDEX idx_block_run_class_entries_entry_id ON public.block_run_class_entries USING btree (entry_id);


--
-- Name: idx_block_run_entries_block_id; Type: INDEX; Schema: public; Owner: postgres
--

CREATE INDEX idx_block_run_entries_block_id ON public.block_run_entries USING btree (block_id);


--
-- Name: idx_block_run_entries_run_id; Type: INDEX; Schema: public; Owner: postgres
--

CREATE INDEX idx_block_run_entries_run_id ON public.block_run_entries USING btree (run_id);


--
-- Name: idx_block_run_entries_show_id; Type: INDEX; Schema: public; Owner: postgres
--

CREATE INDEX idx_block_run_entries_show_id ON public.block_run_entries USING btree (show_id);


--
-- Name: idx_championship_update_campaigns_org_sent; Type: INDEX; Schema: public; Owner: postgres
--

CREATE INDEX idx_championship_update_campaigns_org_sent ON public.show_score_championship_update_campaigns USING btree (organization_id, sent_at DESC);


--
-- Name: idx_championship_update_deliveries_campaign; Type: INDEX; Schema: public; Owner: postgres
--

CREATE INDEX idx_championship_update_deliveries_campaign ON public.show_score_championship_update_deliveries USING btree (campaign_id);


--
-- Name: idx_championship_update_subscribers_org_email; Type: INDEX; Schema: public; Owner: postgres
--

CREATE UNIQUE INDEX idx_championship_update_subscribers_org_email ON public.show_score_championship_update_subscribers USING btree (organization_id, email);


--
-- Name: idx_championship_update_subscribers_org_status; Type: INDEX; Schema: public; Owner: postgres
--

CREATE INDEX idx_championship_update_subscribers_org_status ON public.show_score_championship_update_subscribers USING btree (organization_id, status);


--
-- Name: idx_class_template_divisions_template_sort; Type: INDEX; Schema: public; Owner: postgres
--

CREATE INDEX idx_class_template_divisions_template_sort ON public.class_templates USING btree (block_template_id, sort_order, name);


--
-- Name: idx_class_templates_org_sort; Type: INDEX; Schema: public; Owner: postgres
--

CREATE INDEX idx_class_templates_org_sort ON public.block_templates USING btree (organization_id, sort_order, name);


--
-- Name: idx_classes_block_id; Type: INDEX; Schema: public; Owner: postgres
--

CREATE INDEX idx_classes_block_id ON public.classes USING btree (block_id);


--
-- Name: idx_classes_day_id; Type: INDEX; Schema: public; Owner: postgres
--

CREATE INDEX idx_classes_day_id ON public.blocks USING btree (show_day_id);


--
-- Name: idx_classes_day_schedule_start; Type: INDEX; Schema: public; Owner: postgres
--

CREATE INDEX idx_classes_day_schedule_start ON public.blocks USING btree (show_id, show_day_id, schedule_start_mode, scheduled_time, sort_order);


--
-- Name: idx_classes_show_id; Type: INDEX; Schema: public; Owner: postgres
--

CREATE INDEX idx_classes_show_id ON public.blocks USING btree (show_id);


--
-- Name: idx_classes_sort_order; Type: INDEX; Schema: public; Owner: postgres
--

CREATE INDEX idx_classes_sort_order ON public.blocks USING btree (show_id, show_day_id, sort_order);


--
-- Name: idx_classes_status; Type: INDEX; Schema: public; Owner: postgres
--

CREATE INDEX idx_classes_status ON public.blocks USING btree (schedule_status);


--
-- Name: idx_classes_template_id; Type: INDEX; Schema: public; Owner: postgres
--

CREATE INDEX idx_classes_template_id ON public.blocks USING btree (block_template_id);


--
-- Name: idx_contact_organization_memberships_contact; Type: INDEX; Schema: public; Owner: postgres
--

CREATE INDEX idx_contact_organization_memberships_contact ON public.contact_organization_memberships USING btree (contact_id, organization_id);


--
-- Name: idx_contact_organization_memberships_org; Type: INDEX; Schema: public; Owner: postgres
--

CREATE INDEX idx_contact_organization_memberships_org ON public.contact_organization_memberships USING btree (organization_id, season_year, status);


--
-- Name: idx_contact_organization_memberships_show; Type: INDEX; Schema: public; Owner: postgres
--

CREATE INDEX idx_contact_organization_memberships_show ON public.contact_organization_memberships USING btree (show_id, payer_contact_id);


--
-- Name: idx_contact_roles_contact_id; Type: INDEX; Schema: public; Owner: postgres
--

CREATE INDEX idx_contact_roles_contact_id ON public.contact_roles USING btree (contact_id);


--
-- Name: idx_contact_roles_org_id; Type: INDEX; Schema: public; Owner: postgres
--

CREATE INDEX idx_contact_roles_org_id ON public.contact_roles USING btree (organization_id);


--
-- Name: idx_contact_roles_role; Type: INDEX; Schema: public; Owner: postgres
--

CREATE INDEX idx_contact_roles_role ON public.contact_roles USING btree (role);


--
-- Name: idx_contacts_created_by_user_id; Type: INDEX; Schema: public; Owner: postgres
--

CREATE INDEX idx_contacts_created_by_user_id ON public.contacts USING btree (created_by_user_id);


--
-- Name: idx_contacts_linked_user_id; Type: INDEX; Schema: public; Owner: postgres
--

CREATE INDEX idx_contacts_linked_user_id ON public.contacts USING btree (linked_user_id);


--
-- Name: idx_contacts_type; Type: INDEX; Schema: public; Owner: postgres
--

CREATE INDEX idx_contacts_type ON public.contacts USING btree (type);


--
-- Name: idx_entries_class_id; Type: INDEX; Schema: public; Owner: postgres
--

CREATE INDEX idx_entries_class_id ON public.entries USING btree (class_id);


--
-- Name: idx_entries_horse_id; Type: INDEX; Schema: public; Owner: postgres
--

CREATE INDEX idx_entries_horse_id ON public.entries USING btree (horse_id);


--
-- Name: idx_entries_payer_contact_id; Type: INDEX; Schema: public; Owner: postgres
--

CREATE INDEX idx_entries_payer_contact_id ON public.entries USING btree (payer_contact_id);


--
-- Name: idx_entries_show_id; Type: INDEX; Schema: public; Owner: postgres
--

CREATE INDEX idx_entries_show_id ON public.entries USING btree (show_id);


--
-- Name: idx_entries_status; Type: INDEX; Schema: public; Owner: postgres
--

CREATE INDEX idx_entries_status ON public.entries USING btree (status);


--
-- Name: idx_entry_results_block_id; Type: INDEX; Schema: public; Owner: postgres
--

CREATE INDEX idx_entry_results_block_id ON public.entry_results USING btree (block_id);


--
-- Name: idx_entry_results_class_id; Type: INDEX; Schema: public; Owner: postgres
--

CREATE INDEX idx_entry_results_class_id ON public.entry_results USING btree (class_id);


--
-- Name: idx_entry_results_show_id; Type: INDEX; Schema: public; Owner: postgres
--

CREATE INDEX idx_entry_results_show_id ON public.entry_results USING btree (show_id);


--
-- Name: idx_horse_contacts_contact_id; Type: INDEX; Schema: public; Owner: postgres
--

CREATE INDEX idx_horse_contacts_contact_id ON public.horse_contacts USING btree (contact_id);


--
-- Name: idx_horse_contacts_horse_id; Type: INDEX; Schema: public; Owner: postgres
--

CREATE INDEX idx_horse_contacts_horse_id ON public.horse_contacts USING btree (horse_id);


--
-- Name: idx_horse_documents_category_type_status; Type: INDEX; Schema: public; Owner: postgres
--

CREATE INDEX idx_horse_documents_category_type_status ON public.horse_documents USING btree (document_category, document_type, status);


--
-- Name: idx_horse_documents_content_sha256; Type: INDEX; Schema: public; Owner: postgres
--

CREATE UNIQUE INDEX idx_horse_documents_content_sha256 ON public.horse_documents USING btree (horse_id, content_sha256) WHERE (content_sha256 IS NOT NULL);


--
-- Name: idx_horse_documents_horse_id; Type: INDEX; Schema: public; Owner: postgres
--

CREATE INDEX idx_horse_documents_horse_id ON public.horse_documents USING btree (horse_id);


--
-- Name: idx_horse_documents_issuer_registration; Type: INDEX; Schema: public; Owner: postgres
--

CREATE INDEX idx_horse_documents_issuer_registration ON public.horse_documents USING btree (external_credential_issuer_id, registration_number) WHERE ((external_credential_issuer_id IS NOT NULL) AND (registration_number IS NOT NULL));


--
-- Name: idx_horse_documents_unique_certificate; Type: INDEX; Schema: public; Owner: postgres
--

CREATE UNIQUE INDEX idx_horse_documents_unique_certificate ON public.horse_documents USING btree (horse_id, document_type, certificate_number) WHERE (certificate_number IS NOT NULL);


--
-- Name: idx_horses_created_by_user_id; Type: INDEX; Schema: public; Owner: postgres
--

CREATE INDEX idx_horses_created_by_user_id ON public.horses USING btree (created_by_user_id);


--
-- Name: idx_horses_owner_contact_id; Type: INDEX; Schema: public; Owner: postgres
--

CREATE INDEX idx_horses_owner_contact_id ON public.horses USING btree (primary_owner_contact_id);


--
-- Name: idx_invoice_line_items_invoice_id; Type: INDEX; Schema: public; Owner: postgres
--

CREATE INDEX idx_invoice_line_items_invoice_id ON public.invoice_line_items USING btree (invoice_id);


--
-- Name: idx_invoice_line_items_item_reference; Type: INDEX; Schema: public; Owner: postgres
--

CREATE INDEX idx_invoice_line_items_item_reference ON public.invoice_line_items USING btree (item_type, item_id) WHERE (item_id IS NOT NULL);


--
-- Name: idx_invoices_invoice_number; Type: INDEX; Schema: public; Owner: postgres
--

CREATE INDEX idx_invoices_invoice_number ON public.invoices USING btree (invoice_number);


--
-- Name: idx_invoices_org_id; Type: INDEX; Schema: public; Owner: postgres
--

CREATE INDEX idx_invoices_org_id ON public.invoices USING btree (organization_id);


--
-- Name: idx_invoices_org_show_invoice_number; Type: INDEX; Schema: public; Owner: postgres
--

CREATE UNIQUE INDEX idx_invoices_org_show_invoice_number ON public.invoices USING btree (organization_id, COALESCE(show_id, '00000000-0000-0000-0000-000000000000'::uuid), invoice_number);


--
-- Name: idx_invoices_payer_contact_id; Type: INDEX; Schema: public; Owner: postgres
--

CREATE INDEX idx_invoices_payer_contact_id ON public.invoices USING btree (payer_contact_id);


--
-- Name: idx_invoices_show_id; Type: INDEX; Schema: public; Owner: postgres
--

CREATE INDEX idx_invoices_show_id ON public.invoices USING btree (show_id);


--
-- Name: idx_invoices_status; Type: INDEX; Schema: public; Owner: postgres
--

CREATE INDEX idx_invoices_status ON public.invoices USING btree (status);


--
-- Name: idx_manual_sales_org; Type: INDEX; Schema: public; Owner: postgres
--

CREATE INDEX idx_manual_sales_org ON public.manual_sales USING btree (organization_id, show_id, payer_contact_id, status);


--
-- Name: idx_nrha_rider_rankings_categories; Type: INDEX; Schema: public; Owner: postgres
--

CREATE INDEX idx_nrha_rider_rankings_categories ON public.nrha_rider_rankings USING gin (applies_to_categories);


--
-- Name: idx_nrha_rider_rankings_lookup; Type: INDEX; Schema: public; Owner: postgres
--

CREATE INDEX idx_nrha_rider_rankings_lookup ON public.nrha_rider_rankings USING btree (eligibility_year, list_type, rider_name_normalized);


--
-- Name: idx_nrha_rider_rankings_match_key; Type: INDEX; Schema: public; Owner: postgres
--

CREATE INDEX idx_nrha_rider_rankings_match_key ON public.nrha_rider_rankings USING btree (eligibility_year, list_type, rider_name_match_key);


--
-- Name: idx_organization_back_numbers_horse_id; Type: INDEX; Schema: public; Owner: postgres
--

CREATE INDEX idx_organization_back_numbers_horse_id ON public.organization_back_numbers USING btree (assigned_horse_id);


--
-- Name: idx_organization_back_numbers_org_id; Type: INDEX; Schema: public; Owner: postgres
--

CREATE INDEX idx_organization_back_numbers_org_id ON public.organization_back_numbers USING btree (organization_id);


--
-- Name: idx_organization_back_numbers_rider_contact_id; Type: INDEX; Schema: public; Owner: postgres
--

CREATE INDEX idx_organization_back_numbers_rider_contact_id ON public.organization_back_numbers USING btree (assigned_rider_contact_id);


--
-- Name: idx_organization_members_org_id; Type: INDEX; Schema: public; Owner: postgres
--

CREATE INDEX idx_organization_members_org_id ON public.organization_members USING btree (organization_id);


--
-- Name: idx_organization_members_role; Type: INDEX; Schema: public; Owner: postgres
--

CREATE INDEX idx_organization_members_role ON public.organization_members USING btree (role);


--
-- Name: idx_organization_members_user_id; Type: INDEX; Schema: public; Owner: postgres
--

CREATE INDEX idx_organization_members_user_id ON public.organization_members USING btree (user_id);


--
-- Name: idx_organization_membership_types_org; Type: INDEX; Schema: public; Owner: postgres
--

CREATE INDEX idx_organization_membership_types_org ON public.organization_membership_types USING btree (organization_id, season_year, is_active);


--
-- Name: idx_organization_products_org; Type: INDEX; Schema: public; Owner: postgres
--

CREATE INDEX idx_organization_products_org ON public.organization_products USING btree (organization_id, category, is_active);


--
-- Name: idx_organizations_legacy_showscore_association_id; Type: INDEX; Schema: public; Owner: postgres
--

CREATE UNIQUE INDEX idx_organizations_legacy_showscore_association_id ON public.organizations USING btree (legacy_showscore_association_id) WHERE (legacy_showscore_association_id IS NOT NULL);


--
-- Name: idx_organizations_slug; Type: INDEX; Schema: public; Owner: postgres
--

CREATE INDEX idx_organizations_slug ON public.organizations USING btree (slug);


--
-- Name: idx_payments_invoice_id; Type: INDEX; Schema: public; Owner: postgres
--

CREATE INDEX idx_payments_invoice_id ON public.payments USING btree (invoice_id);


--
-- Name: idx_payments_status; Type: INDEX; Schema: public; Owner: postgres
--

CREATE INDEX idx_payments_status ON public.payments USING btree (status);


--
-- Name: idx_payments_stripe_payment_intent_id; Type: INDEX; Schema: public; Owner: postgres
--

CREATE INDEX idx_payments_stripe_payment_intent_id ON public.payments USING btree (stripe_payment_intent_id);


--
-- Name: idx_payout_awards_calculation_id; Type: INDEX; Schema: public; Owner: postgres
--

CREATE INDEX idx_payout_awards_calculation_id ON public.payout_awards USING btree (calculation_id);


--
-- Name: idx_payout_awards_entry_id; Type: INDEX; Schema: public; Owner: postgres
--

CREATE INDEX idx_payout_awards_entry_id ON public.payout_awards USING btree (entry_id);


--
-- Name: idx_payout_calculations_class_id; Type: INDEX; Schema: public; Owner: postgres
--

CREATE INDEX idx_payout_calculations_class_id ON public.payout_calculations USING btree (class_id);


--
-- Name: idx_payout_calculations_show_id; Type: INDEX; Schema: public; Owner: postgres
--

CREATE INDEX idx_payout_calculations_show_id ON public.payout_calculations USING btree (show_id);


--
-- Name: idx_payout_calculations_status; Type: INDEX; Schema: public; Owner: postgres
--

CREATE INDEX idx_payout_calculations_status ON public.payout_calculations USING btree (status);


--
-- Name: idx_payout_schedule_brackets_entries; Type: INDEX; Schema: public; Owner: postgres
--

CREATE INDEX idx_payout_schedule_brackets_entries ON public.payout_schedule_brackets USING btree (schedule_id, min_entries, max_entries, place);


--
-- Name: idx_payout_schedule_brackets_schedule_id; Type: INDEX; Schema: public; Owner: postgres
--

CREATE INDEX idx_payout_schedule_brackets_schedule_id ON public.payout_schedule_brackets USING btree (schedule_id);


--
-- Name: idx_platform_admins_user_id; Type: INDEX; Schema: public; Owner: postgres
--

CREATE INDEX idx_platform_admins_user_id ON public.platform_admins USING btree (user_id);


--
-- Name: idx_scored_runs_show_id; Type: INDEX; Schema: public; Owner: postgres
--

CREATE INDEX idx_scored_runs_show_id ON public.scored_runs USING btree (show_id);


--
-- Name: idx_show_days_legacy_showscore_day_id; Type: INDEX; Schema: public; Owner: postgres
--

CREATE UNIQUE INDEX idx_show_days_legacy_showscore_day_id ON public.show_days USING btree (legacy_showscore_day_id) WHERE (legacy_showscore_day_id IS NOT NULL);


--
-- Name: idx_show_days_show_id; Type: INDEX; Schema: public; Owner: postgres
--

CREATE INDEX idx_show_days_show_id ON public.show_days USING btree (show_id);


--
-- Name: idx_show_days_sort_order; Type: INDEX; Schema: public; Owner: postgres
--

CREATE INDEX idx_show_days_sort_order ON public.show_days USING btree (show_id, sort_order);


--
-- Name: idx_show_roles_show_id; Type: INDEX; Schema: public; Owner: postgres
--

CREATE INDEX idx_show_roles_show_id ON public.show_roles USING btree (show_id);


--
-- Name: idx_show_roles_user_id; Type: INDEX; Schema: public; Owner: postgres
--

CREATE INDEX idx_show_roles_user_id ON public.show_roles USING btree (user_id);


--
-- Name: idx_show_score_championship_seasons_org_updated; Type: INDEX; Schema: public; Owner: postgres
--

CREATE INDEX idx_show_score_championship_seasons_org_updated ON public.show_score_championship_seasons USING btree (organization_id, updated_at DESC);


--
-- Name: idx_show_score_class_setups_show_id; Type: INDEX; Schema: public; Owner: postgres
--

CREATE INDEX idx_show_score_class_setups_show_id ON public.show_score_block_setups USING btree (show_id);


--
-- Name: idx_show_score_judge_sessions_show_id; Type: INDEX; Schema: public; Owner: postgres
--

CREATE INDEX idx_show_score_judge_sessions_show_id ON public.show_score_judge_sessions USING btree (show_id);


--
-- Name: idx_show_score_official_results_show_id; Type: INDEX; Schema: public; Owner: postgres
--

CREATE INDEX idx_show_score_official_results_show_id ON public.show_score_official_results USING btree (show_id);


--
-- Name: idx_show_score_paid_warmups_legacy_id; Type: INDEX; Schema: public; Owner: postgres
--

CREATE UNIQUE INDEX idx_show_score_paid_warmups_legacy_id ON public.show_score_paid_warmups USING btree (legacy_showscore_paid_warmup_id) WHERE (legacy_showscore_paid_warmup_id IS NOT NULL);


--
-- Name: idx_show_score_paid_warmups_show_id; Type: INDEX; Schema: public; Owner: postgres
--

CREATE INDEX idx_show_score_paid_warmups_show_id ON public.show_score_paid_warmups USING btree (show_id);


--
-- Name: idx_show_score_paid_warmups_sort_order; Type: INDEX; Schema: public; Owner: postgres
--

CREATE INDEX idx_show_score_paid_warmups_sort_order ON public.show_score_paid_warmups USING btree (show_id, show_day_id, sort_order);


--
-- Name: idx_show_score_public_championship_seasons_org_updated; Type: INDEX; Schema: public; Owner: postgres
--

CREATE INDEX idx_show_score_public_championship_seasons_org_updated ON public.show_score_public_championship_seasons USING btree (organization_id, updated_at DESC);


--
-- Name: idx_show_score_publication_states_show_id; Type: INDEX; Schema: public; Owner: postgres
--

CREATE INDEX idx_show_score_publication_states_show_id ON public.show_score_publication_states USING btree (show_id);


--
-- Name: idx_show_score_publication_states_status; Type: INDEX; Schema: public; Owner: postgres
--

CREATE INDEX idx_show_score_publication_states_status ON public.show_score_publication_states USING btree (status);


--
-- Name: idx_show_score_scoring_sessions_show_id; Type: INDEX; Schema: public; Owner: postgres
--

CREATE INDEX idx_show_score_scoring_sessions_show_id ON public.show_score_scoring_sessions USING btree (show_id);


--
-- Name: idx_shows_dates; Type: INDEX; Schema: public; Owner: postgres
--

CREATE INDEX idx_shows_dates ON public.shows USING btree (start_date, end_date);


--
-- Name: idx_shows_legacy_showscore_show_id; Type: INDEX; Schema: public; Owner: postgres
--

CREATE UNIQUE INDEX idx_shows_legacy_showscore_show_id ON public.shows USING btree (legacy_showscore_show_id) WHERE (legacy_showscore_show_id IS NOT NULL);


--
-- Name: idx_shows_org_id; Type: INDEX; Schema: public; Owner: postgres
--

CREATE INDEX idx_shows_org_id ON public.shows USING btree (organization_id);


--
-- Name: idx_shows_status; Type: INDEX; Schema: public; Owner: postgres
--

CREATE INDEX idx_shows_status ON public.shows USING btree (status);


--
-- Name: idx_stall_bookings_horse_id; Type: INDEX; Schema: public; Owner: postgres
--

CREATE INDEX idx_stall_bookings_horse_id ON public.stall_bookings USING btree (horse_id);


--
-- Name: idx_stall_bookings_show_id; Type: INDEX; Schema: public; Owner: postgres
--

CREATE INDEX idx_stall_bookings_show_id ON public.stall_bookings USING btree (show_id);


--
-- Name: idx_stall_bookings_status; Type: INDEX; Schema: public; Owner: postgres
--

CREATE INDEX idx_stall_bookings_status ON public.stall_bookings USING btree (status);


--
-- Name: idx_stall_options_show_id; Type: INDEX; Schema: public; Owner: postgres
--

CREATE INDEX idx_stall_options_show_id ON public.stall_options USING btree (show_id);


--
-- Name: idx_unique_active_horse_back_number_assignment; Type: INDEX; Schema: public; Owner: postgres
--

CREATE UNIQUE INDEX idx_unique_active_horse_back_number_assignment ON public.organization_back_numbers USING btree (organization_id, assigned_horse_id) WHERE (((status)::text = 'assigned'::text) AND ((assignment_mode)::text = 'horse'::text) AND (assigned_horse_id IS NOT NULL));


--
-- Name: idx_unique_active_rider_back_number_assignment; Type: INDEX; Schema: public; Owner: postgres
--

CREATE UNIQUE INDEX idx_unique_active_rider_back_number_assignment ON public.organization_back_numbers USING btree (organization_id, assigned_rider_contact_id) WHERE (((status)::text = 'assigned'::text) AND ((assignment_mode)::text = 'rider'::text) AND (assigned_rider_contact_id IS NOT NULL));


--
-- Name: idx_unique_active_team_back_number_assignment; Type: INDEX; Schema: public; Owner: postgres
--

CREATE UNIQUE INDEX idx_unique_active_team_back_number_assignment ON public.organization_back_numbers USING btree (organization_id, assigned_horse_id, assigned_rider_contact_id) WHERE (((status)::text = 'assigned'::text) AND ((assignment_mode)::text = 'horse_rider_team'::text) AND (assigned_horse_id IS NOT NULL) AND (assigned_rider_contact_id IS NOT NULL));


--
-- Name: idx_user_profiles_user_id; Type: INDEX; Schema: public; Owner: postgres
--

CREATE INDEX idx_user_profiles_user_id ON public.user_profiles USING btree (user_id);


--
-- Name: incentive_program_nominations_horse_idx; Type: INDEX; Schema: public; Owner: postgres
--

CREATE INDEX incentive_program_nominations_horse_idx ON public.incentive_program_nominations USING btree (horse_id, status, valid_until);


--
-- Name: incentive_program_nominations_manual_sale_key; Type: INDEX; Schema: public; Owner: postgres
--

CREATE UNIQUE INDEX incentive_program_nominations_manual_sale_key ON public.incentive_program_nominations USING btree (manual_sale_id) WHERE (manual_sale_id IS NOT NULL);


--
-- Name: incentive_program_nominations_program_idx; Type: INDEX; Schema: public; Owner: postgres
--

CREATE INDEX incentive_program_nominations_program_idx ON public.incentive_program_nominations USING btree (incentive_program_id, season_year, status);


--
-- Name: incentive_programs_organization_active_idx; Type: INDEX; Schema: public; Owner: postgres
--

CREATE INDEX incentive_programs_organization_active_idx ON public.incentive_programs USING btree (organization_id, is_active, program_type);


--
-- Name: organization_disciplines_active_idx; Type: INDEX; Schema: public; Owner: postgres
--

CREATE INDEX organization_disciplines_active_idx ON public.organization_disciplines USING btree (organization_id, is_active, discipline_id);


--
-- Name: organization_disciplines_one_default_key; Type: INDEX; Schema: public; Owner: postgres
--

CREATE UNIQUE INDEX organization_disciplines_one_default_key ON public.organization_disciplines USING btree (organization_id) WHERE is_default;


--
-- Name: organization_external_credential_requirements_group_idx; Type: INDEX; Schema: public; Owner: postgres
--

CREATE INDEX organization_external_credential_requirements_group_idx ON public.organization_external_credential_requirements USING btree (organization_id, contact_type, requirement_group_code) WHERE ((requirement_group_code IS NOT NULL) AND is_required);


--
-- Name: organization_governing_bodies_active_idx; Type: INDEX; Schema: public; Owner: postgres
--

CREATE INDEX organization_governing_bodies_active_idx ON public.organization_governing_bodies USING btree (organization_id, is_active, governing_body_id);


--
-- Name: organization_health_document_reviews_latest_idx; Type: INDEX; Schema: public; Owner: postgres
--

CREATE INDEX organization_health_document_reviews_latest_idx ON public.organization_health_document_reviews USING btree (organization_id, horse_document_id, version DESC);


--
-- Name: organization_health_policies_effective_idx; Type: INDEX; Schema: public; Owner: postgres
--

CREATE INDEX organization_health_policies_effective_idx ON public.organization_health_policies USING btree (organization_id, effective_from DESC, effective_until);


--
-- Name: show_score_class_documents_show_id_idx; Type: INDEX; Schema: public; Owner: postgres
--

CREATE INDEX show_score_class_documents_show_id_idx ON public.show_score_class_documents USING btree (show_id);


--
-- Name: shows_entry_deadline_idx; Type: INDEX; Schema: public; Owner: postgres
--

CREATE INDEX shows_entry_deadline_idx ON public.shows USING btree (organization_id, entry_deadline_mode, entries_close_at);


--
-- Name: shows_reservation_deadline_idx; Type: INDEX; Schema: public; Owner: postgres
--

CREATE INDEX shows_reservation_deadline_idx ON public.shows USING btree (organization_id, reservations_close_at);


--
-- Name: slates_show_governing_body_number_key; Type: INDEX; Schema: public; Owner: postgres
--

CREATE UNIQUE INDEX slates_show_governing_body_number_key ON public.slates USING btree (show_id, governing_body_id, upper(btrim(technical_number))) WHERE (technical_number IS NOT NULL);


--
-- Name: slates_show_sort_idx; Type: INDEX; Schema: public; Owner: postgres
--

CREATE INDEX slates_show_sort_idx ON public.slates USING btree (show_id, sort_order, name);


--
-- Name: team_eligibility_decisions_cache_idx; Type: INDEX; Schema: public; Owner: postgres
--

CREATE INDEX team_eligibility_decisions_cache_idx ON public.team_eligibility_decisions USING btree (class_id, governing_body_id, horse_id, rider_contact_id, show_id, reference_date, input_fingerprint, expires_at DESC, checked_at DESC);


--
-- Name: team_eligibility_snapshots_team_idx; Type: INDEX; Schema: public; Owner: postgres
--

CREATE INDEX team_eligibility_snapshots_team_idx ON public.team_eligibility_snapshots USING btree (class_id, horse_id, rider_contact_id, show_id, governing_body_id);


--
-- Name: association_memberships association_memberships_delete_trigger; Type: TRIGGER; Schema: public; Owner: postgres
--

CREATE TRIGGER association_memberships_delete_trigger INSTEAD OF DELETE ON public.association_memberships FOR EACH ROW EXECUTE FUNCTION public.association_memberships_delete();


--
-- Name: association_memberships association_memberships_insert_trigger; Type: TRIGGER; Schema: public; Owner: postgres
--

CREATE TRIGGER association_memberships_insert_trigger INSTEAD OF INSERT ON public.association_memberships FOR EACH ROW EXECUTE FUNCTION public.association_memberships_insert();


--
-- Name: associations associations_delete_trigger; Type: TRIGGER; Schema: public; Owner: postgres
--

CREATE TRIGGER associations_delete_trigger INSTEAD OF DELETE ON public.associations FOR EACH ROW EXECUTE FUNCTION public.associations_delete();


--
-- Name: associations associations_insert_trigger; Type: TRIGGER; Schema: public; Owner: postgres
--

CREATE TRIGGER associations_insert_trigger INSTEAD OF INSERT ON public.associations FOR EACH ROW EXECUTE FUNCTION public.associations_insert();


--
-- Name: associations associations_update_trigger; Type: TRIGGER; Schema: public; Owner: postgres
--

CREATE TRIGGER associations_update_trigger INSTEAD OF UPDATE ON public.associations FOR EACH ROW EXECUTE FUNCTION public.associations_update();


--
-- Name: block_concurrency_groups block_concurrency_groups_touch_updated_at; Type: TRIGGER; Schema: public; Owner: postgres
--

CREATE TRIGGER block_concurrency_groups_touch_updated_at BEFORE UPDATE ON public.block_concurrency_groups FOR EACH ROW EXECUTE FUNCTION public.touch_updated_at();


--
-- Name: block_concurrency_group_members block_concurrency_members_validate; Type: TRIGGER; Schema: public; Owner: postgres
--

CREATE TRIGGER block_concurrency_members_validate BEFORE INSERT OR UPDATE OF group_id, block_id ON public.block_concurrency_group_members FOR EACH ROW EXECUTE FUNCTION public.validate_block_concurrency_member();


--
-- Name: block_judge_assignments block_judge_assignments_set_refs; Type: TRIGGER; Schema: public; Owner: postgres
--

CREATE TRIGGER block_judge_assignments_set_refs BEFORE INSERT OR UPDATE OF organization_id, show_id, block_id ON public.block_judge_assignments FOR EACH ROW EXECUTE FUNCTION public.set_block_judge_assignment_refs();


--
-- Name: block_judge_assignments block_judge_assignments_touch_updated_at; Type: TRIGGER; Schema: public; Owner: postgres
--

CREATE TRIGGER block_judge_assignments_touch_updated_at BEFORE UPDATE ON public.block_judge_assignments FOR EACH ROW EXECUTE FUNCTION public.touch_updated_at();


--
-- Name: blocks blocks_copy_template_eligibility_requirements; Type: TRIGGER; Schema: public; Owner: postgres
--

CREATE TRIGGER blocks_copy_template_eligibility_requirements AFTER INSERT ON public.blocks FOR EACH ROW EXECUTE FUNCTION public.copy_block_template_eligibility_requirements();


--
-- Name: blocks blocks_set_refs; Type: TRIGGER; Schema: public; Owner: postgres
--

CREATE TRIGGER blocks_set_refs BEFORE INSERT OR UPDATE OF organization_id, show_id, show_day_id, slate_id, block_template_id ON public.blocks FOR EACH ROW EXECUTE FUNCTION public.set_block_refs();


--
-- Name: blocks blocks_touch_updated_at; Type: TRIGGER; Schema: public; Owner: postgres
--

CREATE TRIGGER blocks_touch_updated_at BEFORE UPDATE ON public.blocks FOR EACH ROW EXECUTE FUNCTION public.touch_updated_at();


--
-- Name: blocks blocks_validate_concurrent_pattern; Type: TRIGGER; Schema: public; Owner: postgres
--

CREATE TRIGGER blocks_validate_concurrent_pattern BEFORE UPDATE OF show_day_id, arena, pattern, custom_pattern ON public.blocks FOR EACH ROW EXECUTE FUNCTION public.validate_concurrent_block_pattern_update();


--
-- Name: blocks blocks_validate_schedule_dependency; Type: TRIGGER; Schema: public; Owner: postgres
--

CREATE TRIGGER blocks_validate_schedule_dependency BEFORE INSERT OR UPDATE OF organization_id, show_id, show_day_id, arena, schedule_start_mode, follows_block_id ON public.blocks FOR EACH ROW EXECUTE FUNCTION public.validate_block_schedule_dependency();


--
-- Name: show_score_championship_update_campaigns championship_update_campaigns_touch_updated_at; Type: TRIGGER; Schema: public; Owner: postgres
--

CREATE TRIGGER championship_update_campaigns_touch_updated_at BEFORE UPDATE ON public.show_score_championship_update_campaigns FOR EACH ROW EXECUTE FUNCTION public.showscore_set_updated_at();


--
-- Name: show_score_championship_update_subscribers championship_update_subscribers_touch_updated_at; Type: TRIGGER; Schema: public; Owner: postgres
--

CREATE TRIGGER championship_update_subscribers_touch_updated_at BEFORE UPDATE ON public.show_score_championship_update_subscribers FOR EACH ROW EXECUTE FUNCTION public.showscore_set_updated_at();


--
-- Name: class_governing_bodies class_governing_bodies_touch_updated_at; Type: TRIGGER; Schema: public; Owner: postgres
--

CREATE TRIGGER class_governing_bodies_touch_updated_at BEFORE UPDATE ON public.class_governing_bodies FOR EACH ROW EXECUTE FUNCTION public.touch_updated_at();


--
-- Name: class_templates class_template_divisions_touch_updated_at; Type: TRIGGER; Schema: public; Owner: postgres
--

CREATE TRIGGER class_template_divisions_touch_updated_at BEFORE UPDATE ON public.class_templates FOR EACH ROW EXECUTE FUNCTION public.touch_updated_at();


--
-- Name: class_template_governing_bodies class_template_governing_bodies_touch_updated_at; Type: TRIGGER; Schema: public; Owner: postgres
--

CREATE TRIGGER class_template_governing_bodies_touch_updated_at BEFORE UPDATE ON public.class_template_governing_bodies FOR EACH ROW EXECUTE FUNCTION public.touch_updated_at();


--
-- Name: class_templates class_templates_set_context; Type: TRIGGER; Schema: public; Owner: postgres
--

CREATE TRIGGER class_templates_set_context BEFORE INSERT OR UPDATE OF organization_id, block_template_id, organization_discipline_id ON public.class_templates FOR EACH ROW EXECUTE FUNCTION public.set_class_template_context();


--
-- Name: block_templates class_templates_touch_updated_at; Type: TRIGGER; Schema: public; Owner: postgres
--

CREATE TRIGGER class_templates_touch_updated_at BEFORE UPDATE ON public.block_templates FOR EACH ROW EXECUTE FUNCTION public.touch_updated_at();


--
-- Name: classes classes_copy_template_eligibility_requirements; Type: TRIGGER; Schema: public; Owner: postgres
--

CREATE TRIGGER classes_copy_template_eligibility_requirements AFTER INSERT ON public.classes FOR EACH ROW EXECUTE FUNCTION public.copy_class_template_eligibility_requirements();


--
-- Name: classes classes_set_refs; Type: TRIGGER; Schema: public; Owner: postgres
--

CREATE TRIGGER classes_set_refs BEFORE INSERT OR UPDATE OF organization_id, show_id, block_id, organization_discipline_id, class_template_id ON public.classes FOR EACH ROW EXECUTE FUNCTION public.set_class_refs();


--
-- Name: classes classes_touch_updated_at; Type: TRIGGER; Schema: public; Owner: postgres
--

CREATE TRIGGER classes_touch_updated_at BEFORE UPDATE ON public.classes FOR EACH ROW EXECUTE FUNCTION public.touch_updated_at();


--
-- Name: contact_external_identifiers contact_external_identifiers_touch_updated_at; Type: TRIGGER; Schema: public; Owner: postgres
--

CREATE TRIGGER contact_external_identifiers_touch_updated_at BEFORE UPDATE ON public.contact_external_identifiers FOR EACH ROW EXECUTE FUNCTION public.touch_updated_at();


--
-- Name: contact_insurance_evidence contact_insurance_evidence_assert_review_authority; Type: TRIGGER; Schema: public; Owner: postgres
--

CREATE TRIGGER contact_insurance_evidence_assert_review_authority BEFORE INSERT OR UPDATE ON public.contact_insurance_evidence FOR EACH ROW EXECUTE FUNCTION public.assert_contact_insurance_review_authority();


--
-- Name: contact_insurance_evidence contact_insurance_evidence_touch_updated_at; Type: TRIGGER; Schema: public; Owner: postgres
--

CREATE TRIGGER contact_insurance_evidence_touch_updated_at BEFORE UPDATE ON public.contact_insurance_evidence FOR EACH ROW EXECUTE FUNCTION public.touch_updated_at();


--
-- Name: contact_organization_memberships contact_organization_memberships_invoice_sync; Type: TRIGGER; Schema: public; Owner: postgres
--

CREATE TRIGGER contact_organization_memberships_invoice_sync AFTER INSERT OR DELETE OR UPDATE ON public.contact_organization_memberships FOR EACH ROW EXECUTE FUNCTION public.sync_contact_organization_membership_invoice();


--
-- Name: contact_organization_memberships contact_organization_memberships_touch_updated_at; Type: TRIGGER; Schema: public; Owner: postgres
--

CREATE TRIGGER contact_organization_memberships_touch_updated_at BEFORE UPDATE ON public.contact_organization_memberships FOR EACH ROW EXECUTE FUNCTION public.touch_updated_at();


--
-- Name: contact_roles contact_roles_set_organization; Type: TRIGGER; Schema: public; Owner: postgres
--

CREATE TRIGGER contact_roles_set_organization BEFORE INSERT OR UPDATE ON public.contact_roles FOR EACH ROW EXECUTE FUNCTION public.set_contact_role_organization();


--
-- Name: contact_roles contact_roles_touch_updated_at; Type: TRIGGER; Schema: public; Owner: postgres
--

CREATE TRIGGER contact_roles_touch_updated_at BEFORE UPDATE ON public.contact_roles FOR EACH ROW EXECUTE FUNCTION public.touch_updated_at();


--
-- Name: contacts contacts_normalize_email; Type: TRIGGER; Schema: public; Owner: postgres
--

CREATE TRIGGER contacts_normalize_email BEFORE INSERT OR UPDATE OF email ON public.contacts FOR EACH ROW EXECUTE FUNCTION public.normalize_contact_email();


--
-- Name: contacts contacts_touch_updated_at; Type: TRIGGER; Schema: public; Owner: postgres
--

CREATE TRIGGER contacts_touch_updated_at BEFORE UPDATE ON public.contacts FOR EACH ROW EXECUTE FUNCTION public.touch_updated_at();


--
-- Name: credential_issuer_governing_bodies credential_issuer_governing_bodies_touch_updated_at; Type: TRIGGER; Schema: public; Owner: postgres
--

CREATE TRIGGER credential_issuer_governing_bodies_touch_updated_at BEFORE UPDATE ON public.credential_issuer_governing_bodies FOR EACH ROW EXECUTE FUNCTION public.touch_updated_at();


--
-- Name: days days_delete_trigger; Type: TRIGGER; Schema: public; Owner: postgres
--

CREATE TRIGGER days_delete_trigger INSTEAD OF DELETE ON public.days FOR EACH ROW EXECUTE FUNCTION public.days_delete();


--
-- Name: days days_insert_trigger; Type: TRIGGER; Schema: public; Owner: postgres
--

CREATE TRIGGER days_insert_trigger INSTEAD OF INSERT ON public.days FOR EACH ROW EXECUTE FUNCTION public.days_insert();


--
-- Name: days days_update_trigger; Type: TRIGGER; Schema: public; Owner: postgres
--

CREATE TRIGGER days_update_trigger INSTEAD OF UPDATE ON public.days FOR EACH ROW EXECUTE FUNCTION public.days_update();


--
-- Name: directory_contacts directory_contacts_touch_updated_at; Type: TRIGGER; Schema: public; Owner: postgres
--

CREATE TRIGGER directory_contacts_touch_updated_at BEFORE UPDATE ON public.directory_contacts FOR EACH ROW EXECUTE FUNCTION public.touch_updated_at();


--
-- Name: directory_horses directory_horses_touch_updated_at; Type: TRIGGER; Schema: public; Owner: postgres
--

CREATE TRIGGER directory_horses_touch_updated_at BEFORE UPDATE ON public.directory_horses FOR EACH ROW EXECUTE FUNCTION public.touch_updated_at();


--
-- Name: discipline_credential_issuers discipline_credential_issuers_touch_updated_at; Type: TRIGGER; Schema: public; Owner: postgres
--

CREATE TRIGGER discipline_credential_issuers_touch_updated_at BEFORE UPDATE ON public.discipline_credential_issuers FOR EACH ROW EXECUTE FUNCTION public.touch_updated_at();


--
-- Name: discipline_governing_bodies discipline_governing_bodies_touch_updated_at; Type: TRIGGER; Schema: public; Owner: postgres
--

CREATE TRIGGER discipline_governing_bodies_touch_updated_at BEFORE UPDATE ON public.discipline_governing_bodies FOR EACH ROW EXECUTE FUNCTION public.touch_updated_at();


--
-- Name: disciplines disciplines_touch_updated_at; Type: TRIGGER; Schema: public; Owner: postgres
--

CREATE TRIGGER disciplines_touch_updated_at BEFORE UPDATE ON public.disciplines FOR EACH ROW EXECUTE FUNCTION public.touch_updated_at();


--
-- Name: eligibility_requirements eligibility_requirements_assert_context; Type: TRIGGER; Schema: public; Owner: postgres
--

CREATE TRIGGER eligibility_requirements_assert_context BEFORE INSERT OR UPDATE ON public.eligibility_requirements FOR EACH ROW EXECUTE FUNCTION public.assert_eligibility_requirement_context();


--
-- Name: eligibility_requirements eligibility_requirements_touch_updated_at; Type: TRIGGER; Schema: public; Owner: postgres
--

CREATE TRIGGER eligibility_requirements_touch_updated_at BEFORE UPDATE ON public.eligibility_requirements FOR EACH ROW EXECUTE FUNCTION public.touch_updated_at();


--
-- Name: payout_calculations enforce_payout_calculation_status_transition_trigger; Type: TRIGGER; Schema: public; Owner: postgres
--

CREATE TRIGGER enforce_payout_calculation_status_transition_trigger BEFORE UPDATE OF status ON public.payout_calculations FOR EACH ROW EXECUTE FUNCTION public.enforce_payout_calculation_status_transition();


--
-- Name: organizations ensure_org_slug_trigger; Type: TRIGGER; Schema: public; Owner: postgres
--

CREATE TRIGGER ensure_org_slug_trigger BEFORE INSERT OR UPDATE ON public.organizations FOR EACH ROW EXECUTE FUNCTION public.ensure_org_slug();


--
-- Name: shows ensure_show_slug_trigger; Type: TRIGGER; Schema: public; Owner: postgres
--

CREATE TRIGGER ensure_show_slug_trigger BEFORE INSERT OR UPDATE ON public.shows FOR EACH ROW EXECUTE FUNCTION public.ensure_show_slug();


--
-- Name: entries entries_invoice_sync; Type: TRIGGER; Schema: public; Owner: postgres
--

CREATE TRIGGER entries_invoice_sync AFTER INSERT OR DELETE OR UPDATE ON public.entries FOR EACH ROW EXECUTE FUNCTION public.sync_entry_invoice();


--
-- Name: entries entries_program_limits; Type: TRIGGER; Schema: public; Owner: postgres
--

CREATE TRIGGER entries_program_limits BEFORE INSERT OR UPDATE OF horse_id, class_id, owner_contact_id, rider_contact_id, status ON public.entries FOR EACH ROW EXECUTE FUNCTION public.enforce_entry_program_limits();


--
-- Name: entries entries_set_refs; Type: TRIGGER; Schema: public; Owner: postgres
--

CREATE TRIGGER entries_set_refs BEFORE INSERT OR UPDATE ON public.entries FOR EACH ROW EXECUTE FUNCTION public.set_entry_refs();


--
-- Name: entries entries_touch_updated_at; Type: TRIGGER; Schema: public; Owner: postgres
--

CREATE TRIGGER entries_touch_updated_at BEFORE UPDATE ON public.entries FOR EACH ROW EXECUTE FUNCTION public.touch_updated_at();


--
-- Name: entries entries_zz_enforce_configurable_eligibility; Type: TRIGGER; Schema: public; Owner: postgres
--

CREATE TRIGGER entries_zz_enforce_configurable_eligibility AFTER INSERT OR UPDATE OF status, class_id, horse_id, owner_contact_id, rider_contact_id ON public.entries FOR EACH ROW EXECUTE FUNCTION public.enforce_entry_eligibility_requirements();


--
-- Name: entries entries_zz_enforce_health_compliance; Type: TRIGGER; Schema: public; Owner: postgres
--

CREATE TRIGGER entries_zz_enforce_health_compliance BEFORE INSERT OR UPDATE ON public.entries FOR EACH ROW EXECUTE FUNCTION public.enforce_horse_health_compliance_for_show();


--
-- Name: external_credential_issuers external_credential_issuers_touch_updated_at; Type: TRIGGER; Schema: public; Owner: postgres
--

CREATE TRIGGER external_credential_issuers_touch_updated_at BEFORE UPDATE ON public.external_credential_issuers FOR EACH ROW EXECUTE FUNCTION public.touch_updated_at();


--
-- Name: external_credential_products external_credential_products_touch_updated_at; Type: TRIGGER; Schema: public; Owner: postgres
--

CREATE TRIGGER external_credential_products_touch_updated_at BEFORE UPDATE ON public.external_credential_products FOR EACH ROW EXECUTE FUNCTION public.touch_updated_at();


--
-- Name: external_data_sources external_data_sources_touch_updated_at; Type: TRIGGER; Schema: public; Owner: postgres
--

CREATE TRIGGER external_data_sources_touch_updated_at BEFORE UPDATE ON public.external_data_sources FOR EACH ROW EXECUTE FUNCTION public.touch_updated_at();


--
-- Name: external_source_governing_bodies external_source_governing_bodies_touch_updated_at; Type: TRIGGER; Schema: public; Owner: postgres
--

CREATE TRIGGER external_source_governing_bodies_touch_updated_at BEFORE UPDATE ON public.external_source_governing_bodies FOR EACH ROW EXECUTE FUNCTION public.touch_updated_at();


--
-- Name: governing_bodies governing_bodies_touch_updated_at; Type: TRIGGER; Schema: public; Owner: postgres
--

CREATE TRIGGER governing_bodies_touch_updated_at BEFORE UPDATE ON public.governing_bodies FOR EACH ROW EXECUTE FUNCTION public.touch_updated_at();


--
-- Name: horse_contacts horse_contacts_touch_updated_at; Type: TRIGGER; Schema: public; Owner: postgres
--

CREATE TRIGGER horse_contacts_touch_updated_at BEFORE UPDATE ON public.horse_contacts FOR EACH ROW EXECUTE FUNCTION public.touch_updated_at();


--
-- Name: horse_document_validations horse_document_validations_integrity; Type: TRIGGER; Schema: public; Owner: postgres
--

CREATE TRIGGER horse_document_validations_integrity BEFORE INSERT OR UPDATE ON public.horse_document_validations FOR EACH ROW EXECUTE FUNCTION public.enforce_horse_document_validation_integrity();


--
-- Name: horse_documents horse_documents_enforce_immutability; Type: TRIGGER; Schema: public; Owner: postgres
--

CREATE TRIGGER horse_documents_enforce_immutability BEFORE UPDATE ON public.horse_documents FOR EACH ROW EXECUTE FUNCTION public.enforce_horse_document_immutability();


--
-- Name: horse_documents horse_documents_prevent_verified_deletion; Type: TRIGGER; Schema: public; Owner: postgres
--

CREATE TRIGGER horse_documents_prevent_verified_deletion BEFORE DELETE ON public.horse_documents FOR EACH ROW EXECUTE FUNCTION public.prevent_verified_horse_document_deletion();


--
-- Name: horse_documents horse_documents_touch_updated_at; Type: TRIGGER; Schema: public; Owner: postgres
--

CREATE TRIGGER horse_documents_touch_updated_at BEFORE UPDATE ON public.horse_documents FOR EACH ROW EXECUTE FUNCTION public.touch_updated_at();


--
-- Name: horse_external_identifiers horse_external_identifiers_enforce_verified_identity_lock; Type: TRIGGER; Schema: public; Owner: postgres
--

CREATE TRIGGER horse_external_identifiers_enforce_verified_identity_lock BEFORE DELETE OR UPDATE ON public.horse_external_identifiers FOR EACH ROW EXECUTE FUNCTION public.enforce_verified_horse_external_identifier_lock();


--
-- Name: horse_external_identifiers horse_external_identifiers_touch_updated_at; Type: TRIGGER; Schema: public; Owner: postgres
--

CREATE TRIGGER horse_external_identifiers_touch_updated_at BEFORE UPDATE ON public.horse_external_identifiers FOR EACH ROW EXECUTE FUNCTION public.touch_updated_at();


--
-- Name: horses horses_enforce_verified_identity_locks; Type: TRIGGER; Schema: public; Owner: postgres
--

CREATE TRIGGER horses_enforce_verified_identity_locks BEFORE UPDATE ON public.horses FOR EACH ROW EXECUTE FUNCTION public.enforce_verified_horse_identity_locks();


--
-- Name: TRIGGER horses_enforce_verified_identity_locks ON horses; Type: COMMENT; Schema: public; Owner: postgres
--

COMMENT ON TRIGGER horses_enforce_verified_identity_locks ON public.horses IS 'Prevents ordinary edits from silently invalidating a verified document identity; S4 will provide the audited correction path.';


--
-- Name: horses horses_touch_updated_at; Type: TRIGGER; Schema: public; Owner: postgres
--

CREATE TRIGGER horses_touch_updated_at BEFORE UPDATE ON public.horses FOR EACH ROW EXECUTE FUNCTION public.touch_updated_at();


--
-- Name: incentive_program_nominations incentive_program_nominations_assert_context; Type: TRIGGER; Schema: public; Owner: postgres
--

CREATE TRIGGER incentive_program_nominations_assert_context BEFORE INSERT OR UPDATE ON public.incentive_program_nominations FOR EACH ROW EXECUTE FUNCTION public.assert_incentive_program_nomination_context();


--
-- Name: incentive_program_nominations incentive_program_nominations_touch_updated_at; Type: TRIGGER; Schema: public; Owner: postgres
--

CREATE TRIGGER incentive_program_nominations_touch_updated_at BEFORE UPDATE ON public.incentive_program_nominations FOR EACH ROW EXECUTE FUNCTION public.touch_updated_at();


--
-- Name: incentive_programs incentive_programs_touch_updated_at; Type: TRIGGER; Schema: public; Owner: postgres
--

CREATE TRIGGER incentive_programs_touch_updated_at BEFORE UPDATE ON public.incentive_programs FOR EACH ROW EXECUTE FUNCTION public.touch_updated_at();


--
-- Name: invoice_line_items invoice_line_items_set_refs; Type: TRIGGER; Schema: public; Owner: postgres
--

CREATE TRIGGER invoice_line_items_set_refs BEFORE INSERT OR UPDATE ON public.invoice_line_items FOR EACH ROW EXECUTE FUNCTION public.set_invoice_line_item_refs();


--
-- Name: invoices invoices_set_refs; Type: TRIGGER; Schema: public; Owner: postgres
--

CREATE TRIGGER invoices_set_refs BEFORE INSERT OR UPDATE ON public.invoices FOR EACH ROW EXECUTE FUNCTION public.set_invoice_refs();


--
-- Name: invoices invoices_sync_incentive_nomination_status; Type: TRIGGER; Schema: public; Owner: postgres
--

CREATE TRIGGER invoices_sync_incentive_nomination_status AFTER UPDATE OF status ON public.invoices FOR EACH ROW EXECUTE FUNCTION public.sync_incentive_nomination_invoice_status();


--
-- Name: invoices invoices_touch_updated_at; Type: TRIGGER; Schema: public; Owner: postgres
--

CREATE TRIGGER invoices_touch_updated_at BEFORE UPDATE ON public.invoices FOR EACH ROW EXECUTE FUNCTION public.touch_updated_at();


--
-- Name: manual_sales manual_sales_invoice_sync; Type: TRIGGER; Schema: public; Owner: postgres
--

CREATE TRIGGER manual_sales_invoice_sync AFTER INSERT OR DELETE OR UPDATE ON public.manual_sales FOR EACH ROW EXECUTE FUNCTION public.sync_manual_sale_invoice();


--
-- Name: manual_sales manual_sales_touch_updated_at; Type: TRIGGER; Schema: public; Owner: postgres
--

CREATE TRIGGER manual_sales_touch_updated_at BEFORE UPDATE ON public.manual_sales FOR EACH ROW EXECUTE FUNCTION public.touch_updated_at();


--
-- Name: nrha_rider_rankings nrha_rider_rankings_touch_updated_at; Type: TRIGGER; Schema: public; Owner: postgres
--

CREATE TRIGGER nrha_rider_rankings_touch_updated_at BEFORE UPDATE ON public.nrha_rider_rankings FOR EACH ROW EXECUTE FUNCTION public.touch_updated_at();


--
-- Name: organization_back_numbers organization_back_numbers_touch_updated_at; Type: TRIGGER; Schema: public; Owner: postgres
--

CREATE TRIGGER organization_back_numbers_touch_updated_at BEFORE UPDATE ON public.organization_back_numbers FOR EACH ROW EXECUTE FUNCTION public.touch_updated_at();


--
-- Name: organization_deadline_policies organization_deadline_policies_touch_updated_at; Type: TRIGGER; Schema: public; Owner: postgres
--

CREATE TRIGGER organization_deadline_policies_touch_updated_at BEFORE UPDATE ON public.organization_deadline_policies FOR EACH ROW EXECUTE FUNCTION public.touch_updated_at();


--
-- Name: organization_discipline_governing_bodies organization_discipline_governing_bodies_assert_available; Type: TRIGGER; Schema: public; Owner: postgres
--

CREATE TRIGGER organization_discipline_governing_bodies_assert_available BEFORE INSERT OR UPDATE ON public.organization_discipline_governing_bodies FOR EACH ROW EXECUTE FUNCTION public.assert_organization_discipline_governing_body_available();


--
-- Name: organization_discipline_governing_bodies organization_discipline_governing_bodies_touch_updated_at; Type: TRIGGER; Schema: public; Owner: postgres
--

CREATE TRIGGER organization_discipline_governing_bodies_touch_updated_at BEFORE UPDATE ON public.organization_discipline_governing_bodies FOR EACH ROW EXECUTE FUNCTION public.touch_updated_at();


--
-- Name: organization_disciplines organization_disciplines_touch_updated_at; Type: TRIGGER; Schema: public; Owner: postgres
--

CREATE TRIGGER organization_disciplines_touch_updated_at BEFORE UPDATE ON public.organization_disciplines FOR EACH ROW EXECUTE FUNCTION public.touch_updated_at();


--
-- Name: organization_external_credential_requirements organization_external_credential_requirements_touch_updated_at; Type: TRIGGER; Schema: public; Owner: postgres
--

CREATE TRIGGER organization_external_credential_requirements_touch_updated_at BEFORE UPDATE ON public.organization_external_credential_requirements FOR EACH ROW EXECUTE FUNCTION public.touch_updated_at();


--
-- Name: organization_governing_bodies organization_governing_bodies_touch_updated_at; Type: TRIGGER; Schema: public; Owner: postgres
--

CREATE TRIGGER organization_governing_bodies_touch_updated_at BEFORE UPDATE ON public.organization_governing_bodies FOR EACH ROW EXECUTE FUNCTION public.touch_updated_at();


--
-- Name: organization_health_policies organization_health_policies_touch_updated_at; Type: TRIGGER; Schema: public; Owner: postgres
--

CREATE TRIGGER organization_health_policies_touch_updated_at BEFORE UPDATE ON public.organization_health_policies FOR EACH ROW EXECUTE FUNCTION public.touch_updated_at();


--
-- Name: organization_members organization_members_touch_updated_at; Type: TRIGGER; Schema: public; Owner: postgres
--

CREATE TRIGGER organization_members_touch_updated_at BEFORE UPDATE ON public.organization_members FOR EACH ROW EXECUTE FUNCTION public.touch_updated_at();


--
-- Name: organization_membership_types organization_membership_types_touch_updated_at; Type: TRIGGER; Schema: public; Owner: postgres
--

CREATE TRIGGER organization_membership_types_touch_updated_at BEFORE UPDATE ON public.organization_membership_types FOR EACH ROW EXECUTE FUNCTION public.touch_updated_at();


--
-- Name: organization_products organization_products_touch_updated_at; Type: TRIGGER; Schema: public; Owner: postgres
--

CREATE TRIGGER organization_products_touch_updated_at BEFORE UPDATE ON public.organization_products FOR EACH ROW EXECUTE FUNCTION public.touch_updated_at();


--
-- Name: organizations organizations_create_default_health_policy; Type: TRIGGER; Schema: public; Owner: postgres
--

CREATE TRIGGER organizations_create_default_health_policy AFTER INSERT ON public.organizations FOR EACH ROW EXECUTE FUNCTION public.ensure_default_organization_health_policy();


--
-- Name: organizations organizations_touch_updated_at; Type: TRIGGER; Schema: public; Owner: postgres
--

CREATE TRIGGER organizations_touch_updated_at BEFORE UPDATE ON public.organizations FOR EACH ROW EXECUTE FUNCTION public.touch_updated_at();


--
-- Name: payments payments_set_refs; Type: TRIGGER; Schema: public; Owner: postgres
--

CREATE TRIGGER payments_set_refs BEFORE INSERT OR UPDATE ON public.payments FOR EACH ROW EXECUTE FUNCTION public.set_payment_refs();


--
-- Name: payments payments_touch_updated_at; Type: TRIGGER; Schema: public; Owner: postgres
--

CREATE TRIGGER payments_touch_updated_at BEFORE UPDATE ON public.payments FOR EACH ROW EXECUTE FUNCTION public.touch_updated_at();


--
-- Name: platform_admins platform_admins_touch_updated_at; Type: TRIGGER; Schema: public; Owner: postgres
--

CREATE TRIGGER platform_admins_touch_updated_at BEFORE UPDATE ON public.platform_admins FOR EACH ROW EXECUTE FUNCTION public.touch_updated_at();


--
-- Name: sanctioning_bodies sanctioning_bodies_touch_updated_at; Type: TRIGGER; Schema: public; Owner: postgres
--

CREATE TRIGGER sanctioning_bodies_touch_updated_at BEFORE UPDATE ON public.sanctioning_bodies FOR EACH ROW EXECUTE FUNCTION public.touch_updated_at();


--
-- Name: block_run_entries set_block_run_entries_updated_at_trigger; Type: TRIGGER; Schema: public; Owner: postgres
--

CREATE TRIGGER set_block_run_entries_updated_at_trigger BEFORE UPDATE ON public.block_run_entries FOR EACH ROW EXECUTE FUNCTION public.set_block_run_entries_updated_at();


--
-- Name: contact_organization_memberships set_internal_membership_defaults_trigger; Type: TRIGGER; Schema: public; Owner: postgres
--

CREATE TRIGGER set_internal_membership_defaults_trigger BEFORE INSERT OR UPDATE ON public.contact_organization_memberships FOR EACH ROW EXECUTE FUNCTION public.set_internal_membership_defaults();


--
-- Name: manual_sales set_manual_sale_defaults_trigger; Type: TRIGGER; Schema: public; Owner: postgres
--

CREATE TRIGGER set_manual_sale_defaults_trigger BEFORE INSERT OR UPDATE ON public.manual_sales FOR EACH ROW EXECUTE FUNCTION public.set_manual_sale_defaults();


--
-- Name: payout_awards set_payout_awards_updated_at_trigger; Type: TRIGGER; Schema: public; Owner: postgres
--

CREATE TRIGGER set_payout_awards_updated_at_trigger BEFORE UPDATE ON public.payout_awards FOR EACH ROW EXECUTE FUNCTION public.set_payout_updated_at();


--
-- Name: payout_calculations set_payout_calculations_updated_at_trigger; Type: TRIGGER; Schema: public; Owner: postgres
--

CREATE TRIGGER set_payout_calculations_updated_at_trigger BEFORE UPDATE ON public.payout_calculations FOR EACH ROW EXECUTE FUNCTION public.set_payout_updated_at();


--
-- Name: payout_schedules set_payout_schedules_updated_at_trigger; Type: TRIGGER; Schema: public; Owner: postgres
--

CREATE TRIGGER set_payout_schedules_updated_at_trigger BEFORE UPDATE ON public.payout_schedules FOR EACH ROW EXECUTE FUNCTION public.set_payout_updated_at();


--
-- Name: scored_runs set_scored_runs_updated_at_trigger; Type: TRIGGER; Schema: public; Owner: postgres
--

CREATE TRIGGER set_scored_runs_updated_at_trigger BEFORE UPDATE ON public.scored_runs FOR EACH ROW EXECUTE FUNCTION public.set_scored_runs_updated_at();


--
-- Name: show_days show_days_set_organization; Type: TRIGGER; Schema: public; Owner: postgres
--

CREATE TRIGGER show_days_set_organization BEFORE INSERT OR UPDATE ON public.show_days FOR EACH ROW EXECUTE FUNCTION public.set_show_day_organization();


--
-- Name: show_days show_days_touch_updated_at; Type: TRIGGER; Schema: public; Owner: postgres
--

CREATE TRIGGER show_days_touch_updated_at BEFORE UPDATE ON public.show_days FOR EACH ROW EXECUTE FUNCTION public.touch_updated_at();


--
-- Name: show_roles show_roles_set_organization; Type: TRIGGER; Schema: public; Owner: postgres
--

CREATE TRIGGER show_roles_set_organization BEFORE INSERT OR UPDATE ON public.show_roles FOR EACH ROW EXECUTE FUNCTION public.set_show_role_organization();


--
-- Name: show_roles show_roles_touch_updated_at; Type: TRIGGER; Schema: public; Owner: postgres
--

CREATE TRIGGER show_roles_touch_updated_at BEFORE UPDATE ON public.show_roles FOR EACH ROW EXECUTE FUNCTION public.touch_updated_at();


--
-- Name: show_score_block_setups show_score_block_setups_set_refs; Type: TRIGGER; Schema: public; Owner: postgres
--

CREATE TRIGGER show_score_block_setups_set_refs BEFORE INSERT OR UPDATE ON public.show_score_block_setups FOR EACH ROW EXECUTE FUNCTION public.set_show_score_block_setup_refs();


--
-- Name: show_score_block_setups show_score_block_setups_touch_updated_at; Type: TRIGGER; Schema: public; Owner: postgres
--

CREATE TRIGGER show_score_block_setups_touch_updated_at BEFORE UPDATE ON public.show_score_block_setups FOR EACH ROW EXECUTE FUNCTION public.touch_updated_at();


--
-- Name: show_score_championship_seasons show_score_championship_seasons_touch_updated_at; Type: TRIGGER; Schema: public; Owner: postgres
--

CREATE TRIGGER show_score_championship_seasons_touch_updated_at BEFORE UPDATE ON public.show_score_championship_seasons FOR EACH ROW EXECUTE FUNCTION public.showscore_set_updated_at();


--
-- Name: show_score_judge_sessions show_score_judge_sessions_set_refs; Type: TRIGGER; Schema: public; Owner: postgres
--

CREATE TRIGGER show_score_judge_sessions_set_refs BEFORE INSERT OR UPDATE ON public.show_score_judge_sessions FOR EACH ROW EXECUTE FUNCTION public.set_show_score_block_refs();


--
-- Name: show_score_judge_sessions show_score_judge_sessions_touch_updated_at; Type: TRIGGER; Schema: public; Owner: postgres
--

CREATE TRIGGER show_score_judge_sessions_touch_updated_at BEFORE UPDATE ON public.show_score_judge_sessions FOR EACH ROW EXECUTE FUNCTION public.touch_updated_at();


--
-- Name: show_score_official_results show_score_official_results_set_refs; Type: TRIGGER; Schema: public; Owner: postgres
--

CREATE TRIGGER show_score_official_results_set_refs BEFORE INSERT OR UPDATE ON public.show_score_official_results FOR EACH ROW EXECUTE FUNCTION public.set_show_score_block_refs();


--
-- Name: show_score_official_results show_score_official_results_touch_updated_at; Type: TRIGGER; Schema: public; Owner: postgres
--

CREATE TRIGGER show_score_official_results_touch_updated_at BEFORE UPDATE ON public.show_score_official_results FOR EACH ROW EXECUTE FUNCTION public.touch_updated_at();


--
-- Name: show_score_paid_warmups show_score_paid_warmups_delete_block; Type: TRIGGER; Schema: public; Owner: postgres
--

CREATE TRIGGER show_score_paid_warmups_delete_block AFTER DELETE ON public.show_score_paid_warmups FOR EACH ROW EXECUTE FUNCTION public.delete_show_score_paid_warmup_block();


--
-- Name: show_score_paid_warmups show_score_paid_warmups_set_refs; Type: TRIGGER; Schema: public; Owner: postgres
--

CREATE TRIGGER show_score_paid_warmups_set_refs BEFORE INSERT OR UPDATE ON public.show_score_paid_warmups FOR EACH ROW EXECUTE FUNCTION public.set_show_score_paid_warmup_refs();


--
-- Name: show_score_paid_warmups show_score_paid_warmups_touch_updated_at; Type: TRIGGER; Schema: public; Owner: postgres
--

CREATE TRIGGER show_score_paid_warmups_touch_updated_at BEFORE UPDATE ON public.show_score_paid_warmups FOR EACH ROW EXECUTE FUNCTION public.touch_updated_at();


--
-- Name: show_score_public_championship_seasons show_score_public_championship_seasons_touch_updated_at; Type: TRIGGER; Schema: public; Owner: postgres
--

CREATE TRIGGER show_score_public_championship_seasons_touch_updated_at BEFORE UPDATE ON public.show_score_public_championship_seasons FOR EACH ROW EXECUTE FUNCTION public.showscore_set_updated_at();


--
-- Name: show_score_publication_states show_score_publication_states_set_refs; Type: TRIGGER; Schema: public; Owner: postgres
--

CREATE TRIGGER show_score_publication_states_set_refs BEFORE INSERT OR UPDATE ON public.show_score_publication_states FOR EACH ROW EXECUTE FUNCTION public.set_show_score_block_refs();


--
-- Name: show_score_publication_states show_score_publication_states_touch_updated_at; Type: TRIGGER; Schema: public; Owner: postgres
--

CREATE TRIGGER show_score_publication_states_touch_updated_at BEFORE UPDATE ON public.show_score_publication_states FOR EACH ROW EXECUTE FUNCTION public.touch_updated_at();


--
-- Name: show_score_scoring_sessions show_score_scoring_sessions_set_refs; Type: TRIGGER; Schema: public; Owner: postgres
--

CREATE TRIGGER show_score_scoring_sessions_set_refs BEFORE INSERT OR UPDATE ON public.show_score_scoring_sessions FOR EACH ROW EXECUTE FUNCTION public.set_show_score_block_refs();


--
-- Name: show_score_scoring_sessions show_score_scoring_sessions_touch_updated_at; Type: TRIGGER; Schema: public; Owner: postgres
--

CREATE TRIGGER show_score_scoring_sessions_touch_updated_at BEFORE UPDATE ON public.show_score_scoring_sessions FOR EACH ROW EXECUTE FUNCTION public.touch_updated_at();


--
-- Name: shows shows_ensure_show_days; Type: TRIGGER; Schema: public; Owner: postgres
--

CREATE TRIGGER shows_ensure_show_days AFTER INSERT OR UPDATE OF start_date, end_date ON public.shows FOR EACH ROW EXECUTE FUNCTION public.ensure_show_days_from_show_dates();


--
-- Name: shows shows_touch_updated_at; Type: TRIGGER; Schema: public; Owner: postgres
--

CREATE TRIGGER shows_touch_updated_at BEFORE UPDATE ON public.shows FOR EACH ROW EXECUTE FUNCTION public.touch_updated_at();


--
-- Name: blocks showscore_public_broadcast_blocks_delete; Type: TRIGGER; Schema: public; Owner: postgres
--

CREATE TRIGGER showscore_public_broadcast_blocks_delete BEFORE DELETE ON public.blocks FOR EACH ROW EXECUTE FUNCTION public.showscore_broadcast_public_change();


--
-- Name: blocks showscore_public_broadcast_blocks_visibility; Type: TRIGGER; Schema: public; Owner: postgres
--

CREATE TRIGGER showscore_public_broadcast_blocks_visibility AFTER UPDATE OF schedule_is_public, results_are_public ON public.blocks FOR EACH ROW EXECUTE FUNCTION public.showscore_broadcast_public_change();


--
-- Name: show_score_announcer_live_sessions showscore_public_broadcast_show_score_announcer_live_sessions; Type: TRIGGER; Schema: public; Owner: postgres
--

CREATE TRIGGER showscore_public_broadcast_show_score_announcer_live_sessions AFTER INSERT OR DELETE OR UPDATE ON public.show_score_announcer_live_sessions FOR EACH ROW EXECUTE FUNCTION public.showscore_broadcast_public_change();


--
-- Name: show_score_block_setups showscore_public_broadcast_show_score_block_setups; Type: TRIGGER; Schema: public; Owner: postgres
--

CREATE TRIGGER showscore_public_broadcast_show_score_block_setups AFTER INSERT OR DELETE OR UPDATE ON public.show_score_block_setups FOR EACH ROW EXECUTE FUNCTION public.showscore_broadcast_public_change();


--
-- Name: show_score_judge_sessions showscore_public_broadcast_show_score_judge_sessions; Type: TRIGGER; Schema: public; Owner: postgres
--

CREATE TRIGGER showscore_public_broadcast_show_score_judge_sessions AFTER INSERT OR DELETE OR UPDATE ON public.show_score_judge_sessions FOR EACH ROW EXECUTE FUNCTION public.showscore_broadcast_public_change();


--
-- Name: show_score_official_results showscore_public_broadcast_show_score_official_results; Type: TRIGGER; Schema: public; Owner: postgres
--

CREATE TRIGGER showscore_public_broadcast_show_score_official_results AFTER INSERT OR DELETE OR UPDATE ON public.show_score_official_results FOR EACH ROW EXECUTE FUNCTION public.showscore_broadcast_public_change();


--
-- Name: show_score_paid_warmups showscore_public_broadcast_show_score_paid_warmups; Type: TRIGGER; Schema: public; Owner: postgres
--

CREATE TRIGGER showscore_public_broadcast_show_score_paid_warmups AFTER INSERT OR DELETE OR UPDATE ON public.show_score_paid_warmups FOR EACH ROW EXECUTE FUNCTION public.showscore_broadcast_public_change();


--
-- Name: show_score_publication_states showscore_public_broadcast_show_score_publication_states; Type: TRIGGER; Schema: public; Owner: postgres
--

CREATE TRIGGER showscore_public_broadcast_show_score_publication_states AFTER INSERT OR DELETE OR UPDATE ON public.show_score_publication_states FOR EACH ROW EXECUTE FUNCTION public.showscore_broadcast_public_change();


--
-- Name: show_score_scoring_sessions showscore_public_broadcast_show_score_scoring_sessions; Type: TRIGGER; Schema: public; Owner: postgres
--

CREATE TRIGGER showscore_public_broadcast_show_score_scoring_sessions AFTER INSERT OR DELETE OR UPDATE ON public.show_score_scoring_sessions FOR EACH ROW EXECUTE FUNCTION public.showscore_broadcast_public_change();


--
-- Name: shows showscore_public_broadcast_shows; Type: TRIGGER; Schema: public; Owner: postgres
--

CREATE TRIGGER showscore_public_broadcast_shows AFTER INSERT OR DELETE OR UPDATE ON public.shows FOR EACH ROW EXECUTE FUNCTION public.showscore_broadcast_public_change();


--
-- Name: slates slates_touch_updated_at; Type: TRIGGER; Schema: public; Owner: postgres
--

CREATE TRIGGER slates_touch_updated_at BEFORE UPDATE ON public.slates FOR EACH ROW EXECUTE FUNCTION public.touch_updated_at();


--
-- Name: slates slates_validate_context; Type: TRIGGER; Schema: public; Owner: postgres
--

CREATE TRIGGER slates_validate_context BEFORE INSERT OR UPDATE OF organization_id, show_id ON public.slates FOR EACH ROW EXECUTE FUNCTION public.validate_slate_context();


--
-- Name: stall_bookings stall_bookings_assert_one_horse_stall_per_show; Type: TRIGGER; Schema: public; Owner: postgres
--

CREATE TRIGGER stall_bookings_assert_one_horse_stall_per_show BEFORE INSERT OR UPDATE ON public.stall_bookings FOR EACH ROW EXECUTE FUNCTION public.assert_one_horse_stall_per_show();


--
-- Name: stall_bookings stall_bookings_invoice_sync; Type: TRIGGER; Schema: public; Owner: postgres
--

CREATE TRIGGER stall_bookings_invoice_sync AFTER INSERT OR DELETE OR UPDATE ON public.stall_bookings FOR EACH ROW EXECUTE FUNCTION public.sync_stall_booking_invoice();


--
-- Name: stall_bookings stall_bookings_set_refs; Type: TRIGGER; Schema: public; Owner: postgres
--

CREATE TRIGGER stall_bookings_set_refs BEFORE INSERT OR UPDATE ON public.stall_bookings FOR EACH ROW EXECUTE FUNCTION public.set_stall_booking_refs();


--
-- Name: stall_bookings stall_bookings_touch_updated_at; Type: TRIGGER; Schema: public; Owner: postgres
--

CREATE TRIGGER stall_bookings_touch_updated_at BEFORE UPDATE ON public.stall_bookings FOR EACH ROW EXECUTE FUNCTION public.touch_updated_at();


--
-- Name: stall_bookings stall_bookings_y_set_financials; Type: TRIGGER; Schema: public; Owner: postgres
--

CREATE TRIGGER stall_bookings_y_set_financials BEFORE INSERT OR UPDATE ON public.stall_bookings FOR EACH ROW EXECUTE FUNCTION public.set_stall_booking_financials();


--
-- Name: stall_bookings stall_bookings_z_adjust_availability; Type: TRIGGER; Schema: public; Owner: postgres
--

CREATE TRIGGER stall_bookings_z_adjust_availability BEFORE INSERT OR DELETE OR UPDATE ON public.stall_bookings FOR EACH ROW EXECUTE FUNCTION public.adjust_stall_option_availability();


--
-- Name: stall_bookings stall_bookings_zz_block_open_invoice_balance; Type: TRIGGER; Schema: public; Owner: postgres
--

CREATE TRIGGER stall_bookings_zz_block_open_invoice_balance BEFORE INSERT OR UPDATE OF stall_option_id, show_id, payer_contact_id, status, billable, quantity, unit_price, total_price ON public.stall_bookings FOR EACH ROW EXECUTE FUNCTION public.assert_no_open_invoice_balance_for_stall_booking();


--
-- Name: stall_bookings stall_bookings_zz_enforce_health_compliance; Type: TRIGGER; Schema: public; Owner: postgres
--

CREATE TRIGGER stall_bookings_zz_enforce_health_compliance BEFORE INSERT OR UPDATE ON public.stall_bookings FOR EACH ROW EXECUTE FUNCTION public.enforce_horse_health_compliance_for_show();


--
-- Name: stall_bookings stall_bookings_zz_invoice_description_sync; Type: TRIGGER; Schema: public; Owner: postgres
--

CREATE TRIGGER stall_bookings_zz_invoice_description_sync AFTER INSERT OR UPDATE ON public.stall_bookings FOR EACH ROW EXECUTE FUNCTION public.sync_stall_booking_invoice_description();


--
-- Name: stall_options stall_options_set_refs; Type: TRIGGER; Schema: public; Owner: postgres
--

CREATE TRIGGER stall_options_set_refs BEFORE INSERT OR UPDATE ON public.stall_options FOR EACH ROW EXECUTE FUNCTION public.set_stall_option_refs();


--
-- Name: stall_options stall_options_touch_updated_at; Type: TRIGGER; Schema: public; Owner: postgres
--

CREATE TRIGGER stall_options_touch_updated_at BEFORE UPDATE ON public.stall_options FOR EACH ROW EXECUTE FUNCTION public.touch_updated_at();


--
-- Name: block_run_class_entries sync_entry_result_for_block_run_link_trigger; Type: TRIGGER; Schema: public; Owner: postgres
--

CREATE TRIGGER sync_entry_result_for_block_run_link_trigger AFTER INSERT OR UPDATE OF block_run_id, entry_id ON public.block_run_class_entries FOR EACH ROW EXECUTE FUNCTION public.sync_entry_result_for_block_run_link();


--
-- Name: scored_runs sync_entry_results_for_scored_run_trigger; Type: TRIGGER; Schema: public; Owner: postgres
--

CREATE TRIGGER sync_entry_results_for_scored_run_trigger AFTER INSERT OR UPDATE OF status, final_score, scored_at ON public.scored_runs FOR EACH ROW EXECUTE FUNCTION public.sync_entry_results_for_scored_run();


--
-- Name: show_score_block_setups sync_show_score_announcer_session_from_setup; Type: TRIGGER; Schema: public; Owner: postgres
--

CREATE TRIGGER sync_show_score_announcer_session_from_setup AFTER INSERT OR UPDATE OF live_data_source, runs ON public.show_score_block_setups FOR EACH ROW EXECUTE FUNCTION public.sync_show_score_announcer_session_from_setup();


--
-- Name: team_eligibility_decisions team_eligibility_decisions_validate_context; Type: TRIGGER; Schema: public; Owner: postgres
--

CREATE TRIGGER team_eligibility_decisions_validate_context BEFORE INSERT ON public.team_eligibility_decisions FOR EACH ROW EXECUTE FUNCTION public.validate_team_eligibility_decision_context();


--
-- Name: team_eligibility_snapshots team_eligibility_snapshots_validate_context; Type: TRIGGER; Schema: public; Owner: postgres
--

CREATE TRIGGER team_eligibility_snapshots_validate_context BEFORE INSERT ON public.team_eligibility_snapshots FOR EACH ROW EXECUTE FUNCTION public.validate_team_eligibility_snapshot_context();


--
-- Name: show_score_announcer_live_sessions touch_show_score_announcer_live_session; Type: TRIGGER; Schema: public; Owner: postgres
--

CREATE TRIGGER touch_show_score_announcer_live_session BEFORE UPDATE ON public.show_score_announcer_live_sessions FOR EACH ROW EXECUTE FUNCTION public.touch_show_score_announcer_live_session();


--
-- Name: user_profiles user_profiles_touch_updated_at; Type: TRIGGER; Schema: public; Owner: postgres
--

CREATE TRIGGER user_profiles_touch_updated_at BEFORE UPDATE ON public.user_profiles FOR EACH ROW EXECUTE FUNCTION public.touch_updated_at();


--
-- Name: association_invitations association_invitations_association_id_fkey; Type: FK CONSTRAINT; Schema: public; Owner: postgres
--

ALTER TABLE ONLY public.association_invitations
    ADD CONSTRAINT association_invitations_association_id_fkey FOREIGN KEY (association_id) REFERENCES public.organizations(id) ON DELETE CASCADE;


--
-- Name: audit_events audit_events_actor_user_id_fkey; Type: FK CONSTRAINT; Schema: public; Owner: postgres
--

ALTER TABLE ONLY public.audit_events
    ADD CONSTRAINT audit_events_actor_user_id_fkey FOREIGN KEY (actor_user_id) REFERENCES public.user_profiles(id);


--
-- Name: audit_events audit_events_organization_id_fkey; Type: FK CONSTRAINT; Schema: public; Owner: postgres
--

ALTER TABLE ONLY public.audit_events
    ADD CONSTRAINT audit_events_organization_id_fkey FOREIGN KEY (organization_id) REFERENCES public.organizations(id) ON DELETE CASCADE;


--
-- Name: block_concurrency_group_members block_concurrency_group_members_block_id_fkey; Type: FK CONSTRAINT; Schema: public; Owner: postgres
--

ALTER TABLE ONLY public.block_concurrency_group_members
    ADD CONSTRAINT block_concurrency_group_members_block_id_fkey FOREIGN KEY (block_id) REFERENCES public.blocks(id) ON DELETE CASCADE;


--
-- Name: block_concurrency_group_members block_concurrency_group_members_group_id_fkey; Type: FK CONSTRAINT; Schema: public; Owner: postgres
--

ALTER TABLE ONLY public.block_concurrency_group_members
    ADD CONSTRAINT block_concurrency_group_members_group_id_fkey FOREIGN KEY (group_id) REFERENCES public.block_concurrency_groups(id) ON DELETE CASCADE;


--
-- Name: block_concurrency_groups block_concurrency_groups_created_by_user_id_fkey; Type: FK CONSTRAINT; Schema: public; Owner: postgres
--

ALTER TABLE ONLY public.block_concurrency_groups
    ADD CONSTRAINT block_concurrency_groups_created_by_user_id_fkey FOREIGN KEY (created_by_user_id) REFERENCES public.user_profiles(id) ON DELETE SET NULL;


--
-- Name: block_concurrency_groups block_concurrency_groups_organization_id_fkey; Type: FK CONSTRAINT; Schema: public; Owner: postgres
--

ALTER TABLE ONLY public.block_concurrency_groups
    ADD CONSTRAINT block_concurrency_groups_organization_id_fkey FOREIGN KEY (organization_id) REFERENCES public.organizations(id) ON DELETE CASCADE;


--
-- Name: block_concurrency_groups block_concurrency_groups_show_id_fkey; Type: FK CONSTRAINT; Schema: public; Owner: postgres
--

ALTER TABLE ONLY public.block_concurrency_groups
    ADD CONSTRAINT block_concurrency_groups_show_id_fkey FOREIGN KEY (show_id) REFERENCES public.shows(id) ON DELETE CASCADE;


--
-- Name: block_judge_assignments block_judge_assignments_block_id_fkey; Type: FK CONSTRAINT; Schema: public; Owner: postgres
--

ALTER TABLE ONLY public.block_judge_assignments
    ADD CONSTRAINT block_judge_assignments_block_id_fkey FOREIGN KEY (block_id) REFERENCES public.blocks(id) ON DELETE CASCADE;


--
-- Name: block_judge_assignments block_judge_assignments_created_by_user_id_fkey; Type: FK CONSTRAINT; Schema: public; Owner: postgres
--

ALTER TABLE ONLY public.block_judge_assignments
    ADD CONSTRAINT block_judge_assignments_created_by_user_id_fkey FOREIGN KEY (created_by_user_id) REFERENCES public.user_profiles(id) ON DELETE SET NULL;


--
-- Name: block_judge_assignments block_judge_assignments_judge_contact_id_fkey; Type: FK CONSTRAINT; Schema: public; Owner: postgres
--

ALTER TABLE ONLY public.block_judge_assignments
    ADD CONSTRAINT block_judge_assignments_judge_contact_id_fkey FOREIGN KEY (judge_contact_id) REFERENCES public.contacts(id) ON DELETE SET NULL;


--
-- Name: block_judge_assignments block_judge_assignments_judge_user_profile_id_fkey; Type: FK CONSTRAINT; Schema: public; Owner: postgres
--

ALTER TABLE ONLY public.block_judge_assignments
    ADD CONSTRAINT block_judge_assignments_judge_user_profile_id_fkey FOREIGN KEY (judge_user_profile_id) REFERENCES public.user_profiles(id) ON DELETE SET NULL;


--
-- Name: block_judge_assignments block_judge_assignments_organization_id_fkey; Type: FK CONSTRAINT; Schema: public; Owner: postgres
--

ALTER TABLE ONLY public.block_judge_assignments
    ADD CONSTRAINT block_judge_assignments_organization_id_fkey FOREIGN KEY (organization_id) REFERENCES public.organizations(id) ON DELETE CASCADE;


--
-- Name: block_judge_assignments block_judge_assignments_show_id_fkey; Type: FK CONSTRAINT; Schema: public; Owner: postgres
--

ALTER TABLE ONLY public.block_judge_assignments
    ADD CONSTRAINT block_judge_assignments_show_id_fkey FOREIGN KEY (show_id) REFERENCES public.shows(id) ON DELETE CASCADE;


--
-- Name: block_run_class_entries block_run_class_entries_block_run_id_fkey; Type: FK CONSTRAINT; Schema: public; Owner: postgres
--

ALTER TABLE ONLY public.block_run_class_entries
    ADD CONSTRAINT block_run_class_entries_block_run_id_fkey FOREIGN KEY (block_run_id) REFERENCES public.block_run_entries(block_run_id) ON DELETE CASCADE;


--
-- Name: block_run_class_entries block_run_class_entries_entry_id_fkey; Type: FK CONSTRAINT; Schema: public; Owner: postgres
--

ALTER TABLE ONLY public.block_run_class_entries
    ADD CONSTRAINT block_run_class_entries_entry_id_fkey FOREIGN KEY (entry_id) REFERENCES public.entries(id) ON DELETE CASCADE;


--
-- Name: block_run_entries block_run_entries_block_id_fkey; Type: FK CONSTRAINT; Schema: public; Owner: postgres
--

ALTER TABLE ONLY public.block_run_entries
    ADD CONSTRAINT block_run_entries_block_id_fkey FOREIGN KEY (block_id) REFERENCES public.blocks(id) ON DELETE CASCADE;


--
-- Name: block_run_entries block_run_entries_show_id_fkey; Type: FK CONSTRAINT; Schema: public; Owner: postgres
--

ALTER TABLE ONLY public.block_run_entries
    ADD CONSTRAINT block_run_entries_show_id_fkey FOREIGN KEY (show_id) REFERENCES public.shows(id) ON DELETE CASCADE;


--
-- Name: blocks blocks_follows_block_id_fkey; Type: FK CONSTRAINT; Schema: public; Owner: postgres
--

ALTER TABLE ONLY public.blocks
    ADD CONSTRAINT blocks_follows_block_id_fkey FOREIGN KEY (follows_block_id) REFERENCES public.blocks(id) ON DELETE SET NULL;


--
-- Name: blocks blocks_slate_id_fkey; Type: FK CONSTRAINT; Schema: public; Owner: postgres
--

ALTER TABLE ONLY public.blocks
    ADD CONSTRAINT blocks_slate_id_fkey FOREIGN KEY (slate_id) REFERENCES public.slates(id) ON DELETE SET NULL;


--
-- Name: class_governing_bodies class_governing_bodies_class_id_fkey; Type: FK CONSTRAINT; Schema: public; Owner: postgres
--

ALTER TABLE ONLY public.class_governing_bodies
    ADD CONSTRAINT class_governing_bodies_class_id_fkey FOREIGN KEY (class_id) REFERENCES public.classes(id) ON DELETE CASCADE;


--
-- Name: class_governing_bodies class_governing_bodies_created_by_user_id_fkey; Type: FK CONSTRAINT; Schema: public; Owner: postgres
--

ALTER TABLE ONLY public.class_governing_bodies
    ADD CONSTRAINT class_governing_bodies_created_by_user_id_fkey FOREIGN KEY (created_by_user_id) REFERENCES public.user_profiles(id) ON DELETE SET NULL;


--
-- Name: class_governing_bodies class_governing_bodies_governing_body_id_fkey; Type: FK CONSTRAINT; Schema: public; Owner: postgres
--

ALTER TABLE ONLY public.class_governing_bodies
    ADD CONSTRAINT class_governing_bodies_governing_body_id_fkey FOREIGN KEY (governing_body_id) REFERENCES public.governing_bodies(id) ON DELETE RESTRICT;


--
-- Name: block_result_publications class_result_publications_class_id_fkey; Type: FK CONSTRAINT; Schema: public; Owner: postgres
--

ALTER TABLE ONLY public.block_result_publications
    ADD CONSTRAINT class_result_publications_class_id_fkey FOREIGN KEY (block_id) REFERENCES public.blocks(id) ON DELETE CASCADE;


--
-- Name: class_templates class_template_divisions_class_template_id_fkey; Type: FK CONSTRAINT; Schema: public; Owner: postgres
--

ALTER TABLE ONLY public.class_templates
    ADD CONSTRAINT class_template_divisions_class_template_id_fkey FOREIGN KEY (block_template_id) REFERENCES public.block_templates(id) ON DELETE CASCADE;


--
-- Name: class_templates class_template_divisions_organization_id_fkey; Type: FK CONSTRAINT; Schema: public; Owner: postgres
--

ALTER TABLE ONLY public.class_templates
    ADD CONSTRAINT class_template_divisions_organization_id_fkey FOREIGN KEY (organization_id) REFERENCES public.organizations(id) ON DELETE CASCADE;


--
-- Name: class_template_governing_bodies class_template_governing_bodies_class_template_id_fkey; Type: FK CONSTRAINT; Schema: public; Owner: postgres
--

ALTER TABLE ONLY public.class_template_governing_bodies
    ADD CONSTRAINT class_template_governing_bodies_class_template_id_fkey FOREIGN KEY (class_template_id) REFERENCES public.class_templates(id) ON DELETE CASCADE;


--
-- Name: class_template_governing_bodies class_template_governing_bodies_governing_body_id_fkey; Type: FK CONSTRAINT; Schema: public; Owner: postgres
--

ALTER TABLE ONLY public.class_template_governing_bodies
    ADD CONSTRAINT class_template_governing_bodies_governing_body_id_fkey FOREIGN KEY (governing_body_id) REFERENCES public.governing_bodies(id) ON DELETE RESTRICT;


--
-- Name: class_templates class_templates_organization_discipline_id_fkey; Type: FK CONSTRAINT; Schema: public; Owner: postgres
--

ALTER TABLE ONLY public.class_templates
    ADD CONSTRAINT class_templates_organization_discipline_id_fkey FOREIGN KEY (organization_discipline_id) REFERENCES public.organization_disciplines(id) ON DELETE RESTRICT;


--
-- Name: block_templates class_templates_organization_id_fkey; Type: FK CONSTRAINT; Schema: public; Owner: postgres
--

ALTER TABLE ONLY public.block_templates
    ADD CONSTRAINT class_templates_organization_id_fkey FOREIGN KEY (organization_id) REFERENCES public.organizations(id) ON DELETE CASCADE;


--
-- Name: blocks classes_class_template_id_fkey; Type: FK CONSTRAINT; Schema: public; Owner: postgres
--

ALTER TABLE ONLY public.blocks
    ADD CONSTRAINT classes_class_template_id_fkey FOREIGN KEY (block_template_id) REFERENCES public.block_templates(id) ON DELETE SET NULL;


--
-- Name: classes classes_organization_discipline_id_fkey; Type: FK CONSTRAINT; Schema: public; Owner: postgres
--

ALTER TABLE ONLY public.classes
    ADD CONSTRAINT classes_organization_discipline_id_fkey FOREIGN KEY (organization_discipline_id) REFERENCES public.organization_disciplines(id) ON DELETE RESTRICT;


--
-- Name: blocks classes_organization_id_fkey; Type: FK CONSTRAINT; Schema: public; Owner: postgres
--

ALTER TABLE ONLY public.blocks
    ADD CONSTRAINT classes_organization_id_fkey FOREIGN KEY (organization_id) REFERENCES public.organizations(id) ON DELETE CASCADE;


--
-- Name: blocks classes_show_day_id_fkey; Type: FK CONSTRAINT; Schema: public; Owner: postgres
--

ALTER TABLE ONLY public.blocks
    ADD CONSTRAINT classes_show_day_id_fkey FOREIGN KEY (show_day_id) REFERENCES public.show_days(id);


--
-- Name: blocks classes_show_id_fkey; Type: FK CONSTRAINT; Schema: public; Owner: postgres
--

ALTER TABLE ONLY public.blocks
    ADD CONSTRAINT classes_show_id_fkey FOREIGN KEY (show_id) REFERENCES public.shows(id) ON DELETE CASCADE;


--
-- Name: contact_external_identifiers contact_external_identifiers_contact_id_fkey; Type: FK CONSTRAINT; Schema: public; Owner: postgres
--

ALTER TABLE ONLY public.contact_external_identifiers
    ADD CONSTRAINT contact_external_identifiers_contact_id_fkey FOREIGN KEY (contact_id) REFERENCES public.contacts(id) ON DELETE CASCADE;


--
-- Name: contact_external_identifiers contact_external_identifiers_credential_product_id_fkey; Type: FK CONSTRAINT; Schema: public; Owner: postgres
--

ALTER TABLE ONLY public.contact_external_identifiers
    ADD CONSTRAINT contact_external_identifiers_credential_product_id_fkey FOREIGN KEY (credential_product_id) REFERENCES public.external_credential_products(id) ON DELETE SET NULL;


--
-- Name: contact_external_identifiers contact_external_identifiers_external_credential_issuer_id_fkey; Type: FK CONSTRAINT; Schema: public; Owner: postgres
--

ALTER TABLE ONLY public.contact_external_identifiers
    ADD CONSTRAINT contact_external_identifiers_external_credential_issuer_id_fkey FOREIGN KEY (external_credential_issuer_id) REFERENCES public.external_credential_issuers(id) ON DELETE CASCADE;


--
-- Name: contact_external_identifiers contact_external_identifiers_latest_snapshot_id_fkey; Type: FK CONSTRAINT; Schema: public; Owner: postgres
--

ALTER TABLE ONLY public.contact_external_identifiers
    ADD CONSTRAINT contact_external_identifiers_latest_snapshot_id_fkey FOREIGN KEY (latest_snapshot_id) REFERENCES public.external_data_snapshots(id) ON DELETE SET NULL;


--
-- Name: contact_external_identifiers contact_external_identifiers_verified_by_external_data_sou_fkey; Type: FK CONSTRAINT; Schema: public; Owner: postgres
--

ALTER TABLE ONLY public.contact_external_identifiers
    ADD CONSTRAINT contact_external_identifiers_verified_by_external_data_sou_fkey FOREIGN KEY (verified_by_external_data_source_id) REFERENCES public.external_data_sources(id) ON DELETE SET NULL;


--
-- Name: contact_insurance_evidence contact_insurance_evidence_contact_id_fkey; Type: FK CONSTRAINT; Schema: public; Owner: postgres
--

ALTER TABLE ONLY public.contact_insurance_evidence
    ADD CONSTRAINT contact_insurance_evidence_contact_id_fkey FOREIGN KEY (contact_id) REFERENCES public.contacts(id) ON DELETE CASCADE;


--
-- Name: contact_insurance_evidence contact_insurance_evidence_created_by_user_id_fkey; Type: FK CONSTRAINT; Schema: public; Owner: postgres
--

ALTER TABLE ONLY public.contact_insurance_evidence
    ADD CONSTRAINT contact_insurance_evidence_created_by_user_id_fkey FOREIGN KEY (created_by_user_id) REFERENCES public.user_profiles(id) ON DELETE SET NULL;


--
-- Name: contact_insurance_evidence contact_insurance_evidence_credential_product_id_fkey; Type: FK CONSTRAINT; Schema: public; Owner: postgres
--

ALTER TABLE ONLY public.contact_insurance_evidence
    ADD CONSTRAINT contact_insurance_evidence_credential_product_id_fkey FOREIGN KEY (credential_product_id) REFERENCES public.external_credential_products(id) ON DELETE SET NULL;


--
-- Name: contact_insurance_evidence contact_insurance_evidence_external_credential_issuer_id_fkey; Type: FK CONSTRAINT; Schema: public; Owner: postgres
--

ALTER TABLE ONLY public.contact_insurance_evidence
    ADD CONSTRAINT contact_insurance_evidence_external_credential_issuer_id_fkey FOREIGN KEY (external_credential_issuer_id) REFERENCES public.external_credential_issuers(id) ON DELETE SET NULL;


--
-- Name: contact_insurance_evidence contact_insurance_evidence_reviewed_by_user_id_fkey; Type: FK CONSTRAINT; Schema: public; Owner: postgres
--

ALTER TABLE ONLY public.contact_insurance_evidence
    ADD CONSTRAINT contact_insurance_evidence_reviewed_by_user_id_fkey FOREIGN KEY (reviewed_by_user_id) REFERENCES public.user_profiles(id) ON DELETE SET NULL;


--
-- Name: contact_organization_memberships contact_organization_memberships_contact_id_fkey; Type: FK CONSTRAINT; Schema: public; Owner: postgres
--

ALTER TABLE ONLY public.contact_organization_memberships
    ADD CONSTRAINT contact_organization_memberships_contact_id_fkey FOREIGN KEY (contact_id) REFERENCES public.contacts(id) ON DELETE CASCADE;


--
-- Name: contact_organization_memberships contact_organization_memberships_invoice_id_fkey; Type: FK CONSTRAINT; Schema: public; Owner: postgres
--

ALTER TABLE ONLY public.contact_organization_memberships
    ADD CONSTRAINT contact_organization_memberships_invoice_id_fkey FOREIGN KEY (invoice_id) REFERENCES public.invoices(id) ON DELETE SET NULL;


--
-- Name: contact_organization_memberships contact_organization_memberships_membership_type_id_fkey; Type: FK CONSTRAINT; Schema: public; Owner: postgres
--

ALTER TABLE ONLY public.contact_organization_memberships
    ADD CONSTRAINT contact_organization_memberships_membership_type_id_fkey FOREIGN KEY (membership_type_id) REFERENCES public.organization_membership_types(id) ON DELETE RESTRICT;


--
-- Name: contact_organization_memberships contact_organization_memberships_organization_id_fkey; Type: FK CONSTRAINT; Schema: public; Owner: postgres
--

ALTER TABLE ONLY public.contact_organization_memberships
    ADD CONSTRAINT contact_organization_memberships_organization_id_fkey FOREIGN KEY (organization_id) REFERENCES public.organizations(id) ON DELETE CASCADE;


--
-- Name: contact_organization_memberships contact_organization_memberships_payer_contact_id_fkey; Type: FK CONSTRAINT; Schema: public; Owner: postgres
--

ALTER TABLE ONLY public.contact_organization_memberships
    ADD CONSTRAINT contact_organization_memberships_payer_contact_id_fkey FOREIGN KEY (payer_contact_id) REFERENCES public.contacts(id) ON DELETE SET NULL;


--
-- Name: contact_organization_memberships contact_organization_memberships_show_id_fkey; Type: FK CONSTRAINT; Schema: public; Owner: postgres
--

ALTER TABLE ONLY public.contact_organization_memberships
    ADD CONSTRAINT contact_organization_memberships_show_id_fkey FOREIGN KEY (show_id) REFERENCES public.shows(id) ON DELETE SET NULL;


--
-- Name: contact_organization_memberships contact_organization_memberships_sold_by_user_id_fkey; Type: FK CONSTRAINT; Schema: public; Owner: postgres
--

ALTER TABLE ONLY public.contact_organization_memberships
    ADD CONSTRAINT contact_organization_memberships_sold_by_user_id_fkey FOREIGN KEY (sold_by_user_id) REFERENCES public.user_profiles(id) ON DELETE SET NULL;


--
-- Name: contact_roles contact_roles_contact_id_fkey; Type: FK CONSTRAINT; Schema: public; Owner: postgres
--

ALTER TABLE ONLY public.contact_roles
    ADD CONSTRAINT contact_roles_contact_id_fkey FOREIGN KEY (contact_id) REFERENCES public.contacts(id) ON DELETE CASCADE;


--
-- Name: contact_roles contact_roles_organization_id_fkey; Type: FK CONSTRAINT; Schema: public; Owner: postgres
--

ALTER TABLE ONLY public.contact_roles
    ADD CONSTRAINT contact_roles_organization_id_fkey FOREIGN KEY (organization_id) REFERENCES public.organizations(id) ON DELETE CASCADE;


--
-- Name: contact_similarity_dismissals contact_similarity_dismissals_dismissed_by_user_id_fkey; Type: FK CONSTRAINT; Schema: public; Owner: postgres
--

ALTER TABLE ONLY public.contact_similarity_dismissals
    ADD CONSTRAINT contact_similarity_dismissals_dismissed_by_user_id_fkey FOREIGN KEY (dismissed_by_user_id) REFERENCES public.user_profiles(id) ON DELETE SET NULL;


--
-- Name: contact_similarity_dismissals contact_similarity_dismissals_existing_contact_id_fkey; Type: FK CONSTRAINT; Schema: public; Owner: postgres
--

ALTER TABLE ONLY public.contact_similarity_dismissals
    ADD CONSTRAINT contact_similarity_dismissals_existing_contact_id_fkey FOREIGN KEY (existing_contact_id) REFERENCES public.contacts(id) ON DELETE CASCADE;


--
-- Name: contact_similarity_dismissals contact_similarity_dismissals_organization_id_fkey; Type: FK CONSTRAINT; Schema: public; Owner: postgres
--

ALTER TABLE ONLY public.contact_similarity_dismissals
    ADD CONSTRAINT contact_similarity_dismissals_organization_id_fkey FOREIGN KEY (organization_id) REFERENCES public.organizations(id) ON DELETE CASCADE;


--
-- Name: contacts contacts_created_by_user_id_fkey; Type: FK CONSTRAINT; Schema: public; Owner: postgres
--

ALTER TABLE ONLY public.contacts
    ADD CONSTRAINT contacts_created_by_user_id_fkey FOREIGN KEY (created_by_user_id) REFERENCES public.user_profiles(id);


--
-- Name: contacts contacts_linked_user_id_fkey; Type: FK CONSTRAINT; Schema: public; Owner: postgres
--

ALTER TABLE ONLY public.contacts
    ADD CONSTRAINT contacts_linked_user_id_fkey FOREIGN KEY (linked_user_id) REFERENCES public.user_profiles(id) ON DELETE SET NULL;


--
-- Name: credential_issuer_governing_bodies credential_issuer_governing_b_external_credential_issuer_i_fkey; Type: FK CONSTRAINT; Schema: public; Owner: postgres
--

ALTER TABLE ONLY public.credential_issuer_governing_bodies
    ADD CONSTRAINT credential_issuer_governing_b_external_credential_issuer_i_fkey FOREIGN KEY (external_credential_issuer_id) REFERENCES public.external_credential_issuers(id) ON DELETE CASCADE;


--
-- Name: credential_issuer_governing_bodies credential_issuer_governing_bodies_governing_body_id_fkey; Type: FK CONSTRAINT; Schema: public; Owner: postgres
--

ALTER TABLE ONLY public.credential_issuer_governing_bodies
    ADD CONSTRAINT credential_issuer_governing_bodies_governing_body_id_fkey FOREIGN KEY (governing_body_id) REFERENCES public.governing_bodies(id) ON DELETE CASCADE;


--
-- Name: directory_contacts directory_contacts_contact_id_fkey; Type: FK CONSTRAINT; Schema: public; Owner: postgres
--

ALTER TABLE ONLY public.directory_contacts
    ADD CONSTRAINT directory_contacts_contact_id_fkey FOREIGN KEY (contact_id) REFERENCES public.contacts(id) ON DELETE CASCADE;


--
-- Name: directory_contacts directory_contacts_created_by_user_id_fkey; Type: FK CONSTRAINT; Schema: public; Owner: postgres
--

ALTER TABLE ONLY public.directory_contacts
    ADD CONSTRAINT directory_contacts_created_by_user_id_fkey FOREIGN KEY (created_by_user_id) REFERENCES public.user_profiles(id) ON DELETE SET NULL;


--
-- Name: directory_contacts directory_contacts_organization_discipline_id_fkey; Type: FK CONSTRAINT; Schema: public; Owner: postgres
--

ALTER TABLE ONLY public.directory_contacts
    ADD CONSTRAINT directory_contacts_organization_discipline_id_fkey FOREIGN KEY (organization_discipline_id) REFERENCES public.organization_disciplines(id) ON DELETE CASCADE;


--
-- Name: directory_horses directory_horses_created_by_user_id_fkey; Type: FK CONSTRAINT; Schema: public; Owner: postgres
--

ALTER TABLE ONLY public.directory_horses
    ADD CONSTRAINT directory_horses_created_by_user_id_fkey FOREIGN KEY (created_by_user_id) REFERENCES public.user_profiles(id) ON DELETE SET NULL;


--
-- Name: directory_horses directory_horses_horse_id_fkey; Type: FK CONSTRAINT; Schema: public; Owner: postgres
--

ALTER TABLE ONLY public.directory_horses
    ADD CONSTRAINT directory_horses_horse_id_fkey FOREIGN KEY (horse_id) REFERENCES public.horses(id) ON DELETE CASCADE;


--
-- Name: directory_horses directory_horses_organization_discipline_id_fkey; Type: FK CONSTRAINT; Schema: public; Owner: postgres
--

ALTER TABLE ONLY public.directory_horses
    ADD CONSTRAINT directory_horses_organization_discipline_id_fkey FOREIGN KEY (organization_discipline_id) REFERENCES public.organization_disciplines(id) ON DELETE CASCADE;


--
-- Name: discipline_credential_issuers discipline_credential_issuers_created_by_user_id_fkey; Type: FK CONSTRAINT; Schema: public; Owner: postgres
--

ALTER TABLE ONLY public.discipline_credential_issuers
    ADD CONSTRAINT discipline_credential_issuers_created_by_user_id_fkey FOREIGN KEY (created_by_user_id) REFERENCES public.user_profiles(id) ON DELETE SET NULL;


--
-- Name: discipline_credential_issuers discipline_credential_issuers_discipline_id_fkey; Type: FK CONSTRAINT; Schema: public; Owner: postgres
--

ALTER TABLE ONLY public.discipline_credential_issuers
    ADD CONSTRAINT discipline_credential_issuers_discipline_id_fkey FOREIGN KEY (discipline_id) REFERENCES public.disciplines(id) ON DELETE CASCADE;


--
-- Name: discipline_credential_issuers discipline_credential_issuers_external_credential_issuer_i_fkey; Type: FK CONSTRAINT; Schema: public; Owner: postgres
--

ALTER TABLE ONLY public.discipline_credential_issuers
    ADD CONSTRAINT discipline_credential_issuers_external_credential_issuer_i_fkey FOREIGN KEY (external_credential_issuer_id) REFERENCES public.external_credential_issuers(id) ON DELETE CASCADE;


--
-- Name: discipline_governing_bodies discipline_governing_bodies_created_by_user_id_fkey; Type: FK CONSTRAINT; Schema: public; Owner: postgres
--

ALTER TABLE ONLY public.discipline_governing_bodies
    ADD CONSTRAINT discipline_governing_bodies_created_by_user_id_fkey FOREIGN KEY (created_by_user_id) REFERENCES public.user_profiles(id) ON DELETE SET NULL;


--
-- Name: discipline_governing_bodies discipline_governing_bodies_discipline_id_fkey; Type: FK CONSTRAINT; Schema: public; Owner: postgres
--

ALTER TABLE ONLY public.discipline_governing_bodies
    ADD CONSTRAINT discipline_governing_bodies_discipline_id_fkey FOREIGN KEY (discipline_id) REFERENCES public.disciplines(id) ON DELETE CASCADE;


--
-- Name: discipline_governing_bodies discipline_governing_bodies_governing_body_id_fkey; Type: FK CONSTRAINT; Schema: public; Owner: postgres
--

ALTER TABLE ONLY public.discipline_governing_bodies
    ADD CONSTRAINT discipline_governing_bodies_governing_body_id_fkey FOREIGN KEY (governing_body_id) REFERENCES public.governing_bodies(id) ON DELETE CASCADE;


--
-- Name: classes divisions_class_id_fkey; Type: FK CONSTRAINT; Schema: public; Owner: postgres
--

ALTER TABLE ONLY public.classes
    ADD CONSTRAINT divisions_class_id_fkey FOREIGN KEY (block_id) REFERENCES public.blocks(id) ON DELETE CASCADE;


--
-- Name: classes divisions_class_template_division_id_fkey; Type: FK CONSTRAINT; Schema: public; Owner: postgres
--

ALTER TABLE ONLY public.classes
    ADD CONSTRAINT divisions_class_template_division_id_fkey FOREIGN KEY (class_template_id) REFERENCES public.class_templates(id) ON DELETE SET NULL;


--
-- Name: classes divisions_organization_id_fkey; Type: FK CONSTRAINT; Schema: public; Owner: postgres
--

ALTER TABLE ONLY public.classes
    ADD CONSTRAINT divisions_organization_id_fkey FOREIGN KEY (organization_id) REFERENCES public.organizations(id) ON DELETE CASCADE;


--
-- Name: classes divisions_show_id_fkey; Type: FK CONSTRAINT; Schema: public; Owner: postgres
--

ALTER TABLE ONLY public.classes
    ADD CONSTRAINT divisions_show_id_fkey FOREIGN KEY (show_id) REFERENCES public.shows(id) ON DELETE CASCADE;


--
-- Name: eligibility_requirements eligibility_requirements_block_id_fkey; Type: FK CONSTRAINT; Schema: public; Owner: postgres
--

ALTER TABLE ONLY public.eligibility_requirements
    ADD CONSTRAINT eligibility_requirements_block_id_fkey FOREIGN KEY (block_id) REFERENCES public.blocks(id) ON DELETE CASCADE;


--
-- Name: eligibility_requirements eligibility_requirements_block_template_id_fkey; Type: FK CONSTRAINT; Schema: public; Owner: postgres
--

ALTER TABLE ONLY public.eligibility_requirements
    ADD CONSTRAINT eligibility_requirements_block_template_id_fkey FOREIGN KEY (block_template_id) REFERENCES public.block_templates(id) ON DELETE CASCADE;


--
-- Name: eligibility_requirements eligibility_requirements_class_id_fkey; Type: FK CONSTRAINT; Schema: public; Owner: postgres
--

ALTER TABLE ONLY public.eligibility_requirements
    ADD CONSTRAINT eligibility_requirements_class_id_fkey FOREIGN KEY (class_id) REFERENCES public.classes(id) ON DELETE CASCADE;


--
-- Name: eligibility_requirements eligibility_requirements_class_template_id_fkey; Type: FK CONSTRAINT; Schema: public; Owner: postgres
--

ALTER TABLE ONLY public.eligibility_requirements
    ADD CONSTRAINT eligibility_requirements_class_template_id_fkey FOREIGN KEY (class_template_id) REFERENCES public.class_templates(id) ON DELETE CASCADE;


--
-- Name: eligibility_requirements eligibility_requirements_created_by_user_id_fkey; Type: FK CONSTRAINT; Schema: public; Owner: postgres
--

ALTER TABLE ONLY public.eligibility_requirements
    ADD CONSTRAINT eligibility_requirements_created_by_user_id_fkey FOREIGN KEY (created_by_user_id) REFERENCES public.user_profiles(id) ON DELETE SET NULL;


--
-- Name: eligibility_requirements eligibility_requirements_credential_product_id_fkey; Type: FK CONSTRAINT; Schema: public; Owner: postgres
--

ALTER TABLE ONLY public.eligibility_requirements
    ADD CONSTRAINT eligibility_requirements_credential_product_id_fkey FOREIGN KEY (credential_product_id) REFERENCES public.external_credential_products(id) ON DELETE RESTRICT;


--
-- Name: eligibility_requirements eligibility_requirements_external_credential_issuer_id_fkey; Type: FK CONSTRAINT; Schema: public; Owner: postgres
--

ALTER TABLE ONLY public.eligibility_requirements
    ADD CONSTRAINT eligibility_requirements_external_credential_issuer_id_fkey FOREIGN KEY (external_credential_issuer_id) REFERENCES public.external_credential_issuers(id) ON DELETE RESTRICT;


--
-- Name: eligibility_requirements eligibility_requirements_incentive_program_id_fkey; Type: FK CONSTRAINT; Schema: public; Owner: postgres
--

ALTER TABLE ONLY public.eligibility_requirements
    ADD CONSTRAINT eligibility_requirements_incentive_program_id_fkey FOREIGN KEY (incentive_program_id) REFERENCES public.incentive_programs(id) ON DELETE RESTRICT;


--
-- Name: eligibility_requirements eligibility_requirements_organization_discipline_id_fkey; Type: FK CONSTRAINT; Schema: public; Owner: postgres
--

ALTER TABLE ONLY public.eligibility_requirements
    ADD CONSTRAINT eligibility_requirements_organization_discipline_id_fkey FOREIGN KEY (organization_discipline_id) REFERENCES public.organization_disciplines(id) ON DELETE CASCADE;


--
-- Name: eligibility_requirements eligibility_requirements_organization_id_fkey; Type: FK CONSTRAINT; Schema: public; Owner: postgres
--

ALTER TABLE ONLY public.eligibility_requirements
    ADD CONSTRAINT eligibility_requirements_organization_id_fkey FOREIGN KEY (organization_id) REFERENCES public.organizations(id) ON DELETE CASCADE;


--
-- Name: entries entries_agent_user_id_fkey; Type: FK CONSTRAINT; Schema: public; Owner: postgres
--

ALTER TABLE ONLY public.entries
    ADD CONSTRAINT entries_agent_user_id_fkey FOREIGN KEY (agent_user_id) REFERENCES public.user_profiles(id);


--
-- Name: entries entries_class_id_fkey; Type: FK CONSTRAINT; Schema: public; Owner: postgres
--

ALTER TABLE ONLY public.entries
    ADD CONSTRAINT entries_class_id_fkey FOREIGN KEY (class_id) REFERENCES public.classes(id) ON DELETE CASCADE;


--
-- Name: entries entries_created_by_user_id_fkey; Type: FK CONSTRAINT; Schema: public; Owner: postgres
--

ALTER TABLE ONLY public.entries
    ADD CONSTRAINT entries_created_by_user_id_fkey FOREIGN KEY (created_by_user_id) REFERENCES public.user_profiles(id);


--
-- Name: entries entries_horse_id_fkey; Type: FK CONSTRAINT; Schema: public; Owner: postgres
--

ALTER TABLE ONLY public.entries
    ADD CONSTRAINT entries_horse_id_fkey FOREIGN KEY (horse_id) REFERENCES public.horses(id) ON DELETE CASCADE;


--
-- Name: entries entries_organization_id_fkey; Type: FK CONSTRAINT; Schema: public; Owner: postgres
--

ALTER TABLE ONLY public.entries
    ADD CONSTRAINT entries_organization_id_fkey FOREIGN KEY (organization_id) REFERENCES public.organizations(id) ON DELETE CASCADE;


--
-- Name: entries entries_owner_contact_id_fkey; Type: FK CONSTRAINT; Schema: public; Owner: postgres
--

ALTER TABLE ONLY public.entries
    ADD CONSTRAINT entries_owner_contact_id_fkey FOREIGN KEY (owner_contact_id) REFERENCES public.contacts(id);


--
-- Name: entries entries_payer_contact_id_fkey; Type: FK CONSTRAINT; Schema: public; Owner: postgres
--

ALTER TABLE ONLY public.entries
    ADD CONSTRAINT entries_payer_contact_id_fkey FOREIGN KEY (payer_contact_id) REFERENCES public.contacts(id);


--
-- Name: entries entries_rider_contact_id_fkey; Type: FK CONSTRAINT; Schema: public; Owner: postgres
--

ALTER TABLE ONLY public.entries
    ADD CONSTRAINT entries_rider_contact_id_fkey FOREIGN KEY (rider_contact_id) REFERENCES public.contacts(id);


--
-- Name: entries entries_scratched_by_user_id_fkey; Type: FK CONSTRAINT; Schema: public; Owner: postgres
--

ALTER TABLE ONLY public.entries
    ADD CONSTRAINT entries_scratched_by_user_id_fkey FOREIGN KEY (scratched_by_user_id) REFERENCES public.user_profiles(id);


--
-- Name: entries entries_show_id_fkey; Type: FK CONSTRAINT; Schema: public; Owner: postgres
--

ALTER TABLE ONLY public.entries
    ADD CONSTRAINT entries_show_id_fkey FOREIGN KEY (show_id) REFERENCES public.shows(id) ON DELETE CASCADE;


--
-- Name: entry_results entry_results_block_id_fkey; Type: FK CONSTRAINT; Schema: public; Owner: postgres
--

ALTER TABLE ONLY public.entry_results
    ADD CONSTRAINT entry_results_block_id_fkey FOREIGN KEY (block_id) REFERENCES public.blocks(id) ON DELETE CASCADE;


--
-- Name: entry_results entry_results_block_run_id_fkey; Type: FK CONSTRAINT; Schema: public; Owner: postgres
--

ALTER TABLE ONLY public.entry_results
    ADD CONSTRAINT entry_results_block_run_id_fkey FOREIGN KEY (block_run_id) REFERENCES public.block_run_entries(block_run_id) ON DELETE CASCADE;


--
-- Name: entry_results entry_results_class_id_fkey; Type: FK CONSTRAINT; Schema: public; Owner: postgres
--

ALTER TABLE ONLY public.entry_results
    ADD CONSTRAINT entry_results_class_id_fkey FOREIGN KEY (class_id) REFERENCES public.classes(id) ON DELETE CASCADE;


--
-- Name: entry_results entry_results_entry_id_fkey; Type: FK CONSTRAINT; Schema: public; Owner: postgres
--

ALTER TABLE ONLY public.entry_results
    ADD CONSTRAINT entry_results_entry_id_fkey FOREIGN KEY (entry_id) REFERENCES public.entries(id) ON DELETE CASCADE;


--
-- Name: entry_results entry_results_run_id_fkey; Type: FK CONSTRAINT; Schema: public; Owner: postgres
--

ALTER TABLE ONLY public.entry_results
    ADD CONSTRAINT entry_results_run_id_fkey FOREIGN KEY (run_id) REFERENCES public.scored_runs(run_id) ON DELETE CASCADE;


--
-- Name: entry_results entry_results_show_id_fkey; Type: FK CONSTRAINT; Schema: public; Owner: postgres
--

ALTER TABLE ONLY public.entry_results
    ADD CONSTRAINT entry_results_show_id_fkey FOREIGN KEY (show_id) REFERENCES public.shows(id) ON DELETE CASCADE;


--
-- Name: external_credential_products external_credential_products_created_by_user_id_fkey; Type: FK CONSTRAINT; Schema: public; Owner: postgres
--

ALTER TABLE ONLY public.external_credential_products
    ADD CONSTRAINT external_credential_products_created_by_user_id_fkey FOREIGN KEY (created_by_user_id) REFERENCES public.user_profiles(id) ON DELETE SET NULL;


--
-- Name: external_credential_products external_credential_products_external_credential_issuer_id_fkey; Type: FK CONSTRAINT; Schema: public; Owner: postgres
--

ALTER TABLE ONLY public.external_credential_products
    ADD CONSTRAINT external_credential_products_external_credential_issuer_id_fkey FOREIGN KEY (external_credential_issuer_id) REFERENCES public.external_credential_issuers(id) ON DELETE CASCADE;


--
-- Name: external_data_snapshot_contacts external_data_snapshot_contacts_contact_id_fkey; Type: FK CONSTRAINT; Schema: public; Owner: postgres
--

ALTER TABLE ONLY public.external_data_snapshot_contacts
    ADD CONSTRAINT external_data_snapshot_contacts_contact_id_fkey FOREIGN KEY (contact_id) REFERENCES public.contacts(id) ON DELETE CASCADE;


--
-- Name: external_data_snapshot_contacts external_data_snapshot_contacts_snapshot_id_fkey; Type: FK CONSTRAINT; Schema: public; Owner: postgres
--

ALTER TABLE ONLY public.external_data_snapshot_contacts
    ADD CONSTRAINT external_data_snapshot_contacts_snapshot_id_fkey FOREIGN KEY (snapshot_id) REFERENCES public.external_data_snapshots(id) ON DELETE CASCADE;


--
-- Name: external_data_snapshot_horses external_data_snapshot_horses_horse_id_fkey; Type: FK CONSTRAINT; Schema: public; Owner: postgres
--

ALTER TABLE ONLY public.external_data_snapshot_horses
    ADD CONSTRAINT external_data_snapshot_horses_horse_id_fkey FOREIGN KEY (horse_id) REFERENCES public.horses(id) ON DELETE CASCADE;


--
-- Name: external_data_snapshot_horses external_data_snapshot_horses_snapshot_id_fkey; Type: FK CONSTRAINT; Schema: public; Owner: postgres
--

ALTER TABLE ONLY public.external_data_snapshot_horses
    ADD CONSTRAINT external_data_snapshot_horses_snapshot_id_fkey FOREIGN KEY (snapshot_id) REFERENCES public.external_data_snapshots(id) ON DELETE CASCADE;


--
-- Name: external_data_snapshots external_data_snapshots_created_by_user_id_fkey; Type: FK CONSTRAINT; Schema: public; Owner: postgres
--

ALTER TABLE ONLY public.external_data_snapshots
    ADD CONSTRAINT external_data_snapshots_created_by_user_id_fkey FOREIGN KEY (created_by_user_id) REFERENCES public.user_profiles(id) ON DELETE SET NULL;


--
-- Name: external_data_snapshots external_data_snapshots_external_data_source_id_fkey; Type: FK CONSTRAINT; Schema: public; Owner: postgres
--

ALTER TABLE ONLY public.external_data_snapshots
    ADD CONSTRAINT external_data_snapshots_external_data_source_id_fkey FOREIGN KEY (external_data_source_id) REFERENCES public.external_data_sources(id) ON DELETE RESTRICT;


--
-- Name: external_source_governing_bodies external_source_governing_bodies_external_data_source_id_fkey; Type: FK CONSTRAINT; Schema: public; Owner: postgres
--

ALTER TABLE ONLY public.external_source_governing_bodies
    ADD CONSTRAINT external_source_governing_bodies_external_data_source_id_fkey FOREIGN KEY (external_data_source_id) REFERENCES public.external_data_sources(id) ON DELETE CASCADE;


--
-- Name: external_source_governing_bodies external_source_governing_bodies_governing_body_id_fkey; Type: FK CONSTRAINT; Schema: public; Owner: postgres
--

ALTER TABLE ONLY public.external_source_governing_bodies
    ADD CONSTRAINT external_source_governing_bodies_governing_body_id_fkey FOREIGN KEY (governing_body_id) REFERENCES public.governing_bodies(id) ON DELETE CASCADE;


--
-- Name: horse_contacts horse_contacts_contact_id_fkey; Type: FK CONSTRAINT; Schema: public; Owner: postgres
--

ALTER TABLE ONLY public.horse_contacts
    ADD CONSTRAINT horse_contacts_contact_id_fkey FOREIGN KEY (contact_id) REFERENCES public.contacts(id) ON DELETE CASCADE;


--
-- Name: horse_contacts horse_contacts_horse_id_fkey; Type: FK CONSTRAINT; Schema: public; Owner: postgres
--

ALTER TABLE ONLY public.horse_contacts
    ADD CONSTRAINT horse_contacts_horse_id_fkey FOREIGN KEY (horse_id) REFERENCES public.horses(id) ON DELETE CASCADE;


--
-- Name: horse_document_validations horse_document_validations_created_by_user_id_fkey; Type: FK CONSTRAINT; Schema: public; Owner: postgres
--

ALTER TABLE ONLY public.horse_document_validations
    ADD CONSTRAINT horse_document_validations_created_by_user_id_fkey FOREIGN KEY (created_by_user_id) REFERENCES public.user_profiles(id) ON DELETE RESTRICT;


--
-- Name: horse_document_validations horse_document_validations_horse_document_id_fkey; Type: FK CONSTRAINT; Schema: public; Owner: postgres
--

ALTER TABLE ONLY public.horse_document_validations
    ADD CONSTRAINT horse_document_validations_horse_document_id_fkey FOREIGN KEY (horse_document_id) REFERENCES public.horse_documents(id) ON DELETE CASCADE;


--
-- Name: horse_document_validations horse_document_validations_horse_id_fkey; Type: FK CONSTRAINT; Schema: public; Owner: postgres
--

ALTER TABLE ONLY public.horse_document_validations
    ADD CONSTRAINT horse_document_validations_horse_id_fkey FOREIGN KEY (horse_id) REFERENCES public.horses(id) ON DELETE CASCADE;


--
-- Name: horse_document_validations horse_document_validations_invalidated_by_correction_id_fkey; Type: FK CONSTRAINT; Schema: public; Owner: postgres
--

ALTER TABLE ONLY public.horse_document_validations
    ADD CONSTRAINT horse_document_validations_invalidated_by_correction_id_fkey FOREIGN KEY (invalidated_by_correction_id) REFERENCES public.horse_identity_corrections(id) ON DELETE RESTRICT;


--
-- Name: horse_document_validations horse_document_validations_superseded_by_validation_id_fkey; Type: FK CONSTRAINT; Schema: public; Owner: postgres
--

ALTER TABLE ONLY public.horse_document_validations
    ADD CONSTRAINT horse_document_validations_superseded_by_validation_id_fkey FOREIGN KEY (superseded_by_validation_id) REFERENCES public.horse_document_validations(id) ON DELETE CASCADE;


--
-- Name: horse_documents horse_documents_external_credential_issuer_id_fkey; Type: FK CONSTRAINT; Schema: public; Owner: postgres
--

ALTER TABLE ONLY public.horse_documents
    ADD CONSTRAINT horse_documents_external_credential_issuer_id_fkey FOREIGN KEY (external_credential_issuer_id) REFERENCES public.external_credential_issuers(id) ON DELETE RESTRICT;


--
-- Name: horse_documents horse_documents_uploaded_by_organization_id_fkey; Type: FK CONSTRAINT; Schema: public; Owner: postgres
--

ALTER TABLE ONLY public.horse_documents
    ADD CONSTRAINT horse_documents_uploaded_by_organization_id_fkey FOREIGN KEY (uploaded_by_organization_id) REFERENCES public.organizations(id) ON DELETE SET NULL;


--
-- Name: horse_external_identifiers horse_external_identifiers_credential_product_id_fkey; Type: FK CONSTRAINT; Schema: public; Owner: postgres
--

ALTER TABLE ONLY public.horse_external_identifiers
    ADD CONSTRAINT horse_external_identifiers_credential_product_id_fkey FOREIGN KEY (credential_product_id) REFERENCES public.external_credential_products(id) ON DELETE SET NULL;


--
-- Name: horse_external_identifiers horse_external_identifiers_external_credential_issuer_id_fkey; Type: FK CONSTRAINT; Schema: public; Owner: postgres
--

ALTER TABLE ONLY public.horse_external_identifiers
    ADD CONSTRAINT horse_external_identifiers_external_credential_issuer_id_fkey FOREIGN KEY (external_credential_issuer_id) REFERENCES public.external_credential_issuers(id) ON DELETE CASCADE;


--
-- Name: horse_external_identifiers horse_external_identifiers_horse_id_fkey; Type: FK CONSTRAINT; Schema: public; Owner: postgres
--

ALTER TABLE ONLY public.horse_external_identifiers
    ADD CONSTRAINT horse_external_identifiers_horse_id_fkey FOREIGN KEY (horse_id) REFERENCES public.horses(id) ON DELETE CASCADE;


--
-- Name: horse_external_identifiers horse_external_identifiers_latest_snapshot_id_fkey; Type: FK CONSTRAINT; Schema: public; Owner: postgres
--

ALTER TABLE ONLY public.horse_external_identifiers
    ADD CONSTRAINT horse_external_identifiers_latest_snapshot_id_fkey FOREIGN KEY (latest_snapshot_id) REFERENCES public.external_data_snapshots(id) ON DELETE SET NULL;


--
-- Name: horse_external_identifiers horse_external_identifiers_verified_by_external_data_sourc_fkey; Type: FK CONSTRAINT; Schema: public; Owner: postgres
--

ALTER TABLE ONLY public.horse_external_identifiers
    ADD CONSTRAINT horse_external_identifiers_verified_by_external_data_sourc_fkey FOREIGN KEY (verified_by_external_data_source_id) REFERENCES public.external_data_sources(id) ON DELETE SET NULL;


--
-- Name: horse_documents horse_health_documents_created_by_user_id_fkey; Type: FK CONSTRAINT; Schema: public; Owner: postgres
--

ALTER TABLE ONLY public.horse_documents
    ADD CONSTRAINT horse_health_documents_created_by_user_id_fkey FOREIGN KEY (created_by_user_id) REFERENCES public.user_profiles(id) ON DELETE SET NULL;


--
-- Name: horse_documents horse_health_documents_horse_id_fkey; Type: FK CONSTRAINT; Schema: public; Owner: postgres
--

ALTER TABLE ONLY public.horse_documents
    ADD CONSTRAINT horse_health_documents_horse_id_fkey FOREIGN KEY (horse_id) REFERENCES public.horses(id) ON DELETE CASCADE;


--
-- Name: horse_documents horse_health_documents_reviewed_by_user_id_fkey; Type: FK CONSTRAINT; Schema: public; Owner: postgres
--

ALTER TABLE ONLY public.horse_documents
    ADD CONSTRAINT horse_health_documents_reviewed_by_user_id_fkey FOREIGN KEY (reviewed_by_user_id) REFERENCES public.user_profiles(id) ON DELETE SET NULL;


--
-- Name: horse_identity_corrections horse_identity_corrections_created_by_user_id_fkey; Type: FK CONSTRAINT; Schema: public; Owner: postgres
--

ALTER TABLE ONLY public.horse_identity_corrections
    ADD CONSTRAINT horse_identity_corrections_created_by_user_id_fkey FOREIGN KEY (created_by_user_id) REFERENCES public.user_profiles(id) ON DELETE RESTRICT;


--
-- Name: horse_identity_corrections horse_identity_corrections_horse_id_fkey; Type: FK CONSTRAINT; Schema: public; Owner: postgres
--

ALTER TABLE ONLY public.horse_identity_corrections
    ADD CONSTRAINT horse_identity_corrections_horse_id_fkey FOREIGN KEY (horse_id) REFERENCES public.horses(id) ON DELETE CASCADE;


--
-- Name: horse_similarity_dismissals horse_similarity_dismissals_dismissed_by_user_id_fkey; Type: FK CONSTRAINT; Schema: public; Owner: postgres
--

ALTER TABLE ONLY public.horse_similarity_dismissals
    ADD CONSTRAINT horse_similarity_dismissals_dismissed_by_user_id_fkey FOREIGN KEY (dismissed_by_user_id) REFERENCES public.user_profiles(id) ON DELETE SET NULL;


--
-- Name: horse_similarity_dismissals horse_similarity_dismissals_existing_horse_id_fkey; Type: FK CONSTRAINT; Schema: public; Owner: postgres
--

ALTER TABLE ONLY public.horse_similarity_dismissals
    ADD CONSTRAINT horse_similarity_dismissals_existing_horse_id_fkey FOREIGN KEY (existing_horse_id) REFERENCES public.horses(id) ON DELETE CASCADE;


--
-- Name: horse_similarity_dismissals horse_similarity_dismissals_organization_id_fkey; Type: FK CONSTRAINT; Schema: public; Owner: postgres
--

ALTER TABLE ONLY public.horse_similarity_dismissals
    ADD CONSTRAINT horse_similarity_dismissals_organization_id_fkey FOREIGN KEY (organization_id) REFERENCES public.organizations(id) ON DELETE CASCADE;


--
-- Name: horses horses_created_by_user_id_fkey; Type: FK CONSTRAINT; Schema: public; Owner: postgres
--

ALTER TABLE ONLY public.horses
    ADD CONSTRAINT horses_created_by_user_id_fkey FOREIGN KEY (created_by_user_id) REFERENCES public.user_profiles(id);


--
-- Name: horses horses_primary_owner_contact_id_fkey; Type: FK CONSTRAINT; Schema: public; Owner: postgres
--

ALTER TABLE ONLY public.horses
    ADD CONSTRAINT horses_primary_owner_contact_id_fkey FOREIGN KEY (primary_owner_contact_id) REFERENCES public.contacts(id);


--
-- Name: incentive_program_nominations incentive_program_nominations_created_by_user_id_fkey; Type: FK CONSTRAINT; Schema: public; Owner: postgres
--

ALTER TABLE ONLY public.incentive_program_nominations
    ADD CONSTRAINT incentive_program_nominations_created_by_user_id_fkey FOREIGN KEY (created_by_user_id) REFERENCES public.user_profiles(id) ON DELETE SET NULL;


--
-- Name: incentive_program_nominations incentive_program_nominations_horse_id_fkey; Type: FK CONSTRAINT; Schema: public; Owner: postgres
--

ALTER TABLE ONLY public.incentive_program_nominations
    ADD CONSTRAINT incentive_program_nominations_horse_id_fkey FOREIGN KEY (horse_id) REFERENCES public.horses(id) ON DELETE CASCADE;


--
-- Name: incentive_program_nominations incentive_program_nominations_incentive_program_id_fkey; Type: FK CONSTRAINT; Schema: public; Owner: postgres
--

ALTER TABLE ONLY public.incentive_program_nominations
    ADD CONSTRAINT incentive_program_nominations_incentive_program_id_fkey FOREIGN KEY (incentive_program_id) REFERENCES public.incentive_programs(id) ON DELETE CASCADE;


--
-- Name: incentive_program_nominations incentive_program_nominations_manual_sale_id_fkey; Type: FK CONSTRAINT; Schema: public; Owner: postgres
--

ALTER TABLE ONLY public.incentive_program_nominations
    ADD CONSTRAINT incentive_program_nominations_manual_sale_id_fkey FOREIGN KEY (manual_sale_id) REFERENCES public.manual_sales(id) ON DELETE SET NULL;


--
-- Name: incentive_program_nominations incentive_program_nominations_organization_id_fkey; Type: FK CONSTRAINT; Schema: public; Owner: postgres
--

ALTER TABLE ONLY public.incentive_program_nominations
    ADD CONSTRAINT incentive_program_nominations_organization_id_fkey FOREIGN KEY (organization_id) REFERENCES public.organizations(id) ON DELETE CASCADE;


--
-- Name: incentive_program_nominations incentive_program_nominations_qualifying_stallion_nominati_fkey; Type: FK CONSTRAINT; Schema: public; Owner: postgres
--

ALTER TABLE ONLY public.incentive_program_nominations
    ADD CONSTRAINT incentive_program_nominations_qualifying_stallion_nominati_fkey FOREIGN KEY (qualifying_stallion_nomination_id) REFERENCES public.incentive_program_nominations(id) ON DELETE RESTRICT;


--
-- Name: incentive_programs incentive_programs_created_by_user_id_fkey; Type: FK CONSTRAINT; Schema: public; Owner: postgres
--

ALTER TABLE ONLY public.incentive_programs
    ADD CONSTRAINT incentive_programs_created_by_user_id_fkey FOREIGN KEY (created_by_user_id) REFERENCES public.user_profiles(id) ON DELETE SET NULL;


--
-- Name: incentive_programs incentive_programs_organization_id_fkey; Type: FK CONSTRAINT; Schema: public; Owner: postgres
--

ALTER TABLE ONLY public.incentive_programs
    ADD CONSTRAINT incentive_programs_organization_id_fkey FOREIGN KEY (organization_id) REFERENCES public.organizations(id) ON DELETE CASCADE;


--
-- Name: invoice_line_items invoice_line_items_invoice_id_fkey; Type: FK CONSTRAINT; Schema: public; Owner: postgres
--

ALTER TABLE ONLY public.invoice_line_items
    ADD CONSTRAINT invoice_line_items_invoice_id_fkey FOREIGN KEY (invoice_id) REFERENCES public.invoices(id) ON DELETE CASCADE;


--
-- Name: invoice_line_items invoice_line_items_organization_id_fkey; Type: FK CONSTRAINT; Schema: public; Owner: postgres
--

ALTER TABLE ONLY public.invoice_line_items
    ADD CONSTRAINT invoice_line_items_organization_id_fkey FOREIGN KEY (organization_id) REFERENCES public.organizations(id) ON DELETE CASCADE;


--
-- Name: invoices invoices_created_by_user_id_fkey; Type: FK CONSTRAINT; Schema: public; Owner: postgres
--

ALTER TABLE ONLY public.invoices
    ADD CONSTRAINT invoices_created_by_user_id_fkey FOREIGN KEY (created_by_user_id) REFERENCES public.user_profiles(id);


--
-- Name: invoices invoices_organization_id_fkey; Type: FK CONSTRAINT; Schema: public; Owner: postgres
--

ALTER TABLE ONLY public.invoices
    ADD CONSTRAINT invoices_organization_id_fkey FOREIGN KEY (organization_id) REFERENCES public.organizations(id) ON DELETE CASCADE;


--
-- Name: invoices invoices_payer_contact_id_fkey; Type: FK CONSTRAINT; Schema: public; Owner: postgres
--

ALTER TABLE ONLY public.invoices
    ADD CONSTRAINT invoices_payer_contact_id_fkey FOREIGN KEY (payer_contact_id) REFERENCES public.contacts(id);


--
-- Name: invoices invoices_sent_by_user_id_fkey; Type: FK CONSTRAINT; Schema: public; Owner: postgres
--

ALTER TABLE ONLY public.invoices
    ADD CONSTRAINT invoices_sent_by_user_id_fkey FOREIGN KEY (sent_by_user_id) REFERENCES public.user_profiles(id);


--
-- Name: invoices invoices_show_id_fkey; Type: FK CONSTRAINT; Schema: public; Owner: postgres
--

ALTER TABLE ONLY public.invoices
    ADD CONSTRAINT invoices_show_id_fkey FOREIGN KEY (show_id) REFERENCES public.shows(id) ON DELETE CASCADE;


--
-- Name: manual_sales manual_sales_invoice_id_fkey; Type: FK CONSTRAINT; Schema: public; Owner: postgres
--

ALTER TABLE ONLY public.manual_sales
    ADD CONSTRAINT manual_sales_invoice_id_fkey FOREIGN KEY (invoice_id) REFERENCES public.invoices(id) ON DELETE SET NULL;


--
-- Name: manual_sales manual_sales_organization_id_fkey; Type: FK CONSTRAINT; Schema: public; Owner: postgres
--

ALTER TABLE ONLY public.manual_sales
    ADD CONSTRAINT manual_sales_organization_id_fkey FOREIGN KEY (organization_id) REFERENCES public.organizations(id) ON DELETE CASCADE;


--
-- Name: manual_sales manual_sales_payer_contact_id_fkey; Type: FK CONSTRAINT; Schema: public; Owner: postgres
--

ALTER TABLE ONLY public.manual_sales
    ADD CONSTRAINT manual_sales_payer_contact_id_fkey FOREIGN KEY (payer_contact_id) REFERENCES public.contacts(id) ON DELETE RESTRICT;


--
-- Name: manual_sales manual_sales_product_id_fkey; Type: FK CONSTRAINT; Schema: public; Owner: postgres
--

ALTER TABLE ONLY public.manual_sales
    ADD CONSTRAINT manual_sales_product_id_fkey FOREIGN KEY (product_id) REFERENCES public.organization_products(id) ON DELETE SET NULL;


--
-- Name: manual_sales manual_sales_show_id_fkey; Type: FK CONSTRAINT; Schema: public; Owner: postgres
--

ALTER TABLE ONLY public.manual_sales
    ADD CONSTRAINT manual_sales_show_id_fkey FOREIGN KEY (show_id) REFERENCES public.shows(id) ON DELETE SET NULL;


--
-- Name: manual_sales manual_sales_sold_by_user_id_fkey; Type: FK CONSTRAINT; Schema: public; Owner: postgres
--

ALTER TABLE ONLY public.manual_sales
    ADD CONSTRAINT manual_sales_sold_by_user_id_fkey FOREIGN KEY (sold_by_user_id) REFERENCES public.user_profiles(id) ON DELETE RESTRICT;


--
-- Name: nrha_rider_rankings nrha_rider_rankings_imported_by_user_id_fkey; Type: FK CONSTRAINT; Schema: public; Owner: postgres
--

ALTER TABLE ONLY public.nrha_rider_rankings
    ADD CONSTRAINT nrha_rider_rankings_imported_by_user_id_fkey FOREIGN KEY (imported_by_user_id) REFERENCES public.user_profiles(id);


--
-- Name: organization_back_numbers organization_back_numbers_assigned_horse_id_fkey; Type: FK CONSTRAINT; Schema: public; Owner: postgres
--

ALTER TABLE ONLY public.organization_back_numbers
    ADD CONSTRAINT organization_back_numbers_assigned_horse_id_fkey FOREIGN KEY (assigned_horse_id) REFERENCES public.horses(id) ON DELETE SET NULL;


--
-- Name: organization_back_numbers organization_back_numbers_assigned_rider_contact_id_fkey; Type: FK CONSTRAINT; Schema: public; Owner: postgres
--

ALTER TABLE ONLY public.organization_back_numbers
    ADD CONSTRAINT organization_back_numbers_assigned_rider_contact_id_fkey FOREIGN KEY (assigned_rider_contact_id) REFERENCES public.contacts(id) ON DELETE SET NULL;


--
-- Name: organization_back_numbers organization_back_numbers_created_by_user_id_fkey; Type: FK CONSTRAINT; Schema: public; Owner: postgres
--

ALTER TABLE ONLY public.organization_back_numbers
    ADD CONSTRAINT organization_back_numbers_created_by_user_id_fkey FOREIGN KEY (created_by_user_id) REFERENCES public.user_profiles(id);


--
-- Name: organization_back_numbers organization_back_numbers_organization_id_fkey; Type: FK CONSTRAINT; Schema: public; Owner: postgres
--

ALTER TABLE ONLY public.organization_back_numbers
    ADD CONSTRAINT organization_back_numbers_organization_id_fkey FOREIGN KEY (organization_id) REFERENCES public.organizations(id) ON DELETE CASCADE;


--
-- Name: organization_deadline_policies organization_deadline_policies_organization_id_fkey; Type: FK CONSTRAINT; Schema: public; Owner: postgres
--

ALTER TABLE ONLY public.organization_deadline_policies
    ADD CONSTRAINT organization_deadline_policies_organization_id_fkey FOREIGN KEY (organization_id) REFERENCES public.organizations(id) ON DELETE CASCADE;


--
-- Name: organization_discipline_governing_bodies organization_discipline_governi_organization_discipline_id_fkey; Type: FK CONSTRAINT; Schema: public; Owner: postgres
--

ALTER TABLE ONLY public.organization_discipline_governing_bodies
    ADD CONSTRAINT organization_discipline_governi_organization_discipline_id_fkey FOREIGN KEY (organization_discipline_id) REFERENCES public.organization_disciplines(id) ON DELETE CASCADE;


--
-- Name: organization_discipline_governing_bodies organization_discipline_governing_bodie_created_by_user_id_fkey; Type: FK CONSTRAINT; Schema: public; Owner: postgres
--

ALTER TABLE ONLY public.organization_discipline_governing_bodies
    ADD CONSTRAINT organization_discipline_governing_bodie_created_by_user_id_fkey FOREIGN KEY (created_by_user_id) REFERENCES public.user_profiles(id) ON DELETE SET NULL;


--
-- Name: organization_discipline_governing_bodies organization_discipline_governing_bodies_governing_body_id_fkey; Type: FK CONSTRAINT; Schema: public; Owner: postgres
--

ALTER TABLE ONLY public.organization_discipline_governing_bodies
    ADD CONSTRAINT organization_discipline_governing_bodies_governing_body_id_fkey FOREIGN KEY (governing_body_id) REFERENCES public.governing_bodies(id) ON DELETE RESTRICT;


--
-- Name: organization_disciplines organization_disciplines_created_by_user_id_fkey; Type: FK CONSTRAINT; Schema: public; Owner: postgres
--

ALTER TABLE ONLY public.organization_disciplines
    ADD CONSTRAINT organization_disciplines_created_by_user_id_fkey FOREIGN KEY (created_by_user_id) REFERENCES public.user_profiles(id) ON DELETE SET NULL;


--
-- Name: organization_disciplines organization_disciplines_discipline_id_fkey; Type: FK CONSTRAINT; Schema: public; Owner: postgres
--

ALTER TABLE ONLY public.organization_disciplines
    ADD CONSTRAINT organization_disciplines_discipline_id_fkey FOREIGN KEY (discipline_id) REFERENCES public.disciplines(id) ON DELETE RESTRICT;


--
-- Name: organization_disciplines organization_disciplines_organization_id_fkey; Type: FK CONSTRAINT; Schema: public; Owner: postgres
--

ALTER TABLE ONLY public.organization_disciplines
    ADD CONSTRAINT organization_disciplines_organization_id_fkey FOREIGN KEY (organization_id) REFERENCES public.organizations(id) ON DELETE CASCADE;


--
-- Name: organization_external_credential_requirements organization_external_credent_external_credential_issuer_i_fkey; Type: FK CONSTRAINT; Schema: public; Owner: postgres
--

ALTER TABLE ONLY public.organization_external_credential_requirements
    ADD CONSTRAINT organization_external_credent_external_credential_issuer_i_fkey FOREIGN KEY (external_credential_issuer_id) REFERENCES public.external_credential_issuers(id) ON DELETE CASCADE;


--
-- Name: organization_external_credential_requirements organization_external_credential_requireme_organization_id_fkey; Type: FK CONSTRAINT; Schema: public; Owner: postgres
--

ALTER TABLE ONLY public.organization_external_credential_requirements
    ADD CONSTRAINT organization_external_credential_requireme_organization_id_fkey FOREIGN KEY (organization_id) REFERENCES public.organizations(id) ON DELETE CASCADE;


--
-- Name: organization_governing_bodies organization_governing_bodies_created_by_user_id_fkey; Type: FK CONSTRAINT; Schema: public; Owner: postgres
--

ALTER TABLE ONLY public.organization_governing_bodies
    ADD CONSTRAINT organization_governing_bodies_created_by_user_id_fkey FOREIGN KEY (created_by_user_id) REFERENCES public.user_profiles(id) ON DELETE SET NULL;


--
-- Name: organization_governing_bodies organization_governing_bodies_governing_body_id_fkey; Type: FK CONSTRAINT; Schema: public; Owner: postgres
--

ALTER TABLE ONLY public.organization_governing_bodies
    ADD CONSTRAINT organization_governing_bodies_governing_body_id_fkey FOREIGN KEY (governing_body_id) REFERENCES public.governing_bodies(id) ON DELETE RESTRICT;


--
-- Name: organization_governing_bodies organization_governing_bodies_organization_id_fkey; Type: FK CONSTRAINT; Schema: public; Owner: postgres
--

ALTER TABLE ONLY public.organization_governing_bodies
    ADD CONSTRAINT organization_governing_bodies_organization_id_fkey FOREIGN KEY (organization_id) REFERENCES public.organizations(id) ON DELETE CASCADE;


--
-- Name: organization_health_document_reviews organization_health_document_reviews_health_policy_id_fkey; Type: FK CONSTRAINT; Schema: public; Owner: postgres
--

ALTER TABLE ONLY public.organization_health_document_reviews
    ADD CONSTRAINT organization_health_document_reviews_health_policy_id_fkey FOREIGN KEY (health_policy_id) REFERENCES public.organization_health_policies(id) ON DELETE SET NULL;


--
-- Name: organization_health_document_reviews organization_health_document_reviews_horse_document_id_fkey; Type: FK CONSTRAINT; Schema: public; Owner: postgres
--

ALTER TABLE ONLY public.organization_health_document_reviews
    ADD CONSTRAINT organization_health_document_reviews_horse_document_id_fkey FOREIGN KEY (horse_document_id) REFERENCES public.horse_documents(id) ON DELETE CASCADE;


--
-- Name: organization_health_document_reviews organization_health_document_reviews_organization_id_fkey; Type: FK CONSTRAINT; Schema: public; Owner: postgres
--

ALTER TABLE ONLY public.organization_health_document_reviews
    ADD CONSTRAINT organization_health_document_reviews_organization_id_fkey FOREIGN KEY (organization_id) REFERENCES public.organizations(id) ON DELETE CASCADE;


--
-- Name: organization_health_document_reviews organization_health_document_reviews_reviewed_by_user_id_fkey; Type: FK CONSTRAINT; Schema: public; Owner: postgres
--

ALTER TABLE ONLY public.organization_health_document_reviews
    ADD CONSTRAINT organization_health_document_reviews_reviewed_by_user_id_fkey FOREIGN KEY (reviewed_by_user_id) REFERENCES public.user_profiles(id) ON DELETE RESTRICT;


--
-- Name: organization_health_policies organization_health_policies_created_by_user_id_fkey; Type: FK CONSTRAINT; Schema: public; Owner: postgres
--

ALTER TABLE ONLY public.organization_health_policies
    ADD CONSTRAINT organization_health_policies_created_by_user_id_fkey FOREIGN KEY (created_by_user_id) REFERENCES public.user_profiles(id) ON DELETE SET NULL;


--
-- Name: organization_health_policies organization_health_policies_organization_id_fkey; Type: FK CONSTRAINT; Schema: public; Owner: postgres
--

ALTER TABLE ONLY public.organization_health_policies
    ADD CONSTRAINT organization_health_policies_organization_id_fkey FOREIGN KEY (organization_id) REFERENCES public.organizations(id) ON DELETE CASCADE;


--
-- Name: organization_health_policies organization_health_policies_updated_by_user_id_fkey; Type: FK CONSTRAINT; Schema: public; Owner: postgres
--

ALTER TABLE ONLY public.organization_health_policies
    ADD CONSTRAINT organization_health_policies_updated_by_user_id_fkey FOREIGN KEY (updated_by_user_id) REFERENCES public.user_profiles(id) ON DELETE SET NULL;


--
-- Name: organization_members organization_members_organization_id_fkey; Type: FK CONSTRAINT; Schema: public; Owner: postgres
--

ALTER TABLE ONLY public.organization_members
    ADD CONSTRAINT organization_members_organization_id_fkey FOREIGN KEY (organization_id) REFERENCES public.organizations(id) ON DELETE CASCADE;


--
-- Name: organization_members organization_members_user_id_fkey; Type: FK CONSTRAINT; Schema: public; Owner: postgres
--

ALTER TABLE ONLY public.organization_members
    ADD CONSTRAINT organization_members_user_id_fkey FOREIGN KEY (user_id) REFERENCES public.user_profiles(id) ON DELETE CASCADE;


--
-- Name: organization_membership_types organization_membership_types_organization_id_fkey; Type: FK CONSTRAINT; Schema: public; Owner: postgres
--

ALTER TABLE ONLY public.organization_membership_types
    ADD CONSTRAINT organization_membership_types_organization_id_fkey FOREIGN KEY (organization_id) REFERENCES public.organizations(id) ON DELETE CASCADE;


--
-- Name: organization_products organization_products_organization_id_fkey; Type: FK CONSTRAINT; Schema: public; Owner: postgres
--

ALTER TABLE ONLY public.organization_products
    ADD CONSTRAINT organization_products_organization_id_fkey FOREIGN KEY (organization_id) REFERENCES public.organizations(id) ON DELETE CASCADE;


--
-- Name: organizations organizations_created_by_user_id_fkey; Type: FK CONSTRAINT; Schema: public; Owner: postgres
--

ALTER TABLE ONLY public.organizations
    ADD CONSTRAINT organizations_created_by_user_id_fkey FOREIGN KEY (created_by_user_id) REFERENCES public.user_profiles(id);


--
-- Name: payments payments_created_by_user_id_fkey; Type: FK CONSTRAINT; Schema: public; Owner: postgres
--

ALTER TABLE ONLY public.payments
    ADD CONSTRAINT payments_created_by_user_id_fkey FOREIGN KEY (created_by_user_id) REFERENCES public.user_profiles(id);


--
-- Name: payments payments_invoice_id_fkey; Type: FK CONSTRAINT; Schema: public; Owner: postgres
--

ALTER TABLE ONLY public.payments
    ADD CONSTRAINT payments_invoice_id_fkey FOREIGN KEY (invoice_id) REFERENCES public.invoices(id) ON DELETE CASCADE;


--
-- Name: payments payments_organization_id_fkey; Type: FK CONSTRAINT; Schema: public; Owner: postgres
--

ALTER TABLE ONLY public.payments
    ADD CONSTRAINT payments_organization_id_fkey FOREIGN KEY (organization_id) REFERENCES public.organizations(id) ON DELETE CASCADE;


--
-- Name: payout_awards payout_awards_calculation_id_fkey; Type: FK CONSTRAINT; Schema: public; Owner: postgres
--

ALTER TABLE ONLY public.payout_awards
    ADD CONSTRAINT payout_awards_calculation_id_fkey FOREIGN KEY (calculation_id) REFERENCES public.payout_calculations(id) ON DELETE CASCADE;


--
-- Name: payout_awards payout_awards_entry_id_fkey; Type: FK CONSTRAINT; Schema: public; Owner: postgres
--

ALTER TABLE ONLY public.payout_awards
    ADD CONSTRAINT payout_awards_entry_id_fkey FOREIGN KEY (entry_id) REFERENCES public.entries(id) ON DELETE CASCADE;


--
-- Name: payout_awards payout_awards_payee_contact_id_fkey; Type: FK CONSTRAINT; Schema: public; Owner: postgres
--

ALTER TABLE ONLY public.payout_awards
    ADD CONSTRAINT payout_awards_payee_contact_id_fkey FOREIGN KEY (payee_contact_id) REFERENCES public.contacts(id) ON DELETE SET NULL;


--
-- Name: payout_calculations payout_calculations_calculated_by_fkey; Type: FK CONSTRAINT; Schema: public; Owner: postgres
--

ALTER TABLE ONLY public.payout_calculations
    ADD CONSTRAINT payout_calculations_calculated_by_fkey FOREIGN KEY (calculated_by) REFERENCES auth.users(id) ON DELETE SET NULL;


--
-- Name: payout_calculations payout_calculations_class_id_fkey; Type: FK CONSTRAINT; Schema: public; Owner: postgres
--

ALTER TABLE ONLY public.payout_calculations
    ADD CONSTRAINT payout_calculations_class_id_fkey FOREIGN KEY (class_id) REFERENCES public.classes(id) ON DELETE CASCADE;


--
-- Name: payout_calculations payout_calculations_payout_schedule_id_fkey; Type: FK CONSTRAINT; Schema: public; Owner: postgres
--

ALTER TABLE ONLY public.payout_calculations
    ADD CONSTRAINT payout_calculations_payout_schedule_id_fkey FOREIGN KEY (payout_schedule_id) REFERENCES public.payout_schedules(id) ON DELETE SET NULL;


--
-- Name: payout_calculations payout_calculations_show_id_fkey; Type: FK CONSTRAINT; Schema: public; Owner: postgres
--

ALTER TABLE ONLY public.payout_calculations
    ADD CONSTRAINT payout_calculations_show_id_fkey FOREIGN KEY (show_id) REFERENCES public.shows(id) ON DELETE CASCADE;


--
-- Name: payout_schedule_brackets payout_schedule_brackets_schedule_id_fkey; Type: FK CONSTRAINT; Schema: public; Owner: postgres
--

ALTER TABLE ONLY public.payout_schedule_brackets
    ADD CONSTRAINT payout_schedule_brackets_schedule_id_fkey FOREIGN KEY (schedule_id) REFERENCES public.payout_schedules(id) ON DELETE CASCADE;


--
-- Name: platform_admins platform_admins_user_id_fkey; Type: FK CONSTRAINT; Schema: public; Owner: postgres
--

ALTER TABLE ONLY public.platform_admins
    ADD CONSTRAINT platform_admins_user_id_fkey FOREIGN KEY (user_id) REFERENCES public.user_profiles(id) ON DELETE CASCADE;


--
-- Name: scored_runs scored_runs_horse_id_fkey; Type: FK CONSTRAINT; Schema: public; Owner: postgres
--

ALTER TABLE ONLY public.scored_runs
    ADD CONSTRAINT scored_runs_horse_id_fkey FOREIGN KEY (horse_id) REFERENCES public.horses(id) ON DELETE SET NULL;


--
-- Name: scored_runs scored_runs_owner_id_fkey; Type: FK CONSTRAINT; Schema: public; Owner: postgres
--

ALTER TABLE ONLY public.scored_runs
    ADD CONSTRAINT scored_runs_owner_id_fkey FOREIGN KEY (owner_id) REFERENCES public.contacts(id) ON DELETE SET NULL;


--
-- Name: scored_runs scored_runs_rider_id_fkey; Type: FK CONSTRAINT; Schema: public; Owner: postgres
--

ALTER TABLE ONLY public.scored_runs
    ADD CONSTRAINT scored_runs_rider_id_fkey FOREIGN KEY (rider_id) REFERENCES public.contacts(id) ON DELETE SET NULL;


--
-- Name: scored_runs scored_runs_show_id_fkey; Type: FK CONSTRAINT; Schema: public; Owner: postgres
--

ALTER TABLE ONLY public.scored_runs
    ADD CONSTRAINT scored_runs_show_id_fkey FOREIGN KEY (show_id) REFERENCES public.shows(id) ON DELETE CASCADE;


--
-- Name: show_announcements show_announcements_created_by_user_id_fkey; Type: FK CONSTRAINT; Schema: public; Owner: postgres
--

ALTER TABLE ONLY public.show_announcements
    ADD CONSTRAINT show_announcements_created_by_user_id_fkey FOREIGN KEY (created_by_user_id) REFERENCES public.user_profiles(id) ON DELETE SET NULL;


--
-- Name: show_announcements show_announcements_organization_id_fkey; Type: FK CONSTRAINT; Schema: public; Owner: postgres
--

ALTER TABLE ONLY public.show_announcements
    ADD CONSTRAINT show_announcements_organization_id_fkey FOREIGN KEY (organization_id) REFERENCES public.organizations(id) ON DELETE CASCADE;


--
-- Name: show_announcements show_announcements_show_id_fkey; Type: FK CONSTRAINT; Schema: public; Owner: postgres
--

ALTER TABLE ONLY public.show_announcements
    ADD CONSTRAINT show_announcements_show_id_fkey FOREIGN KEY (show_id) REFERENCES public.shows(id) ON DELETE CASCADE;


--
-- Name: show_days show_days_organization_id_fkey; Type: FK CONSTRAINT; Schema: public; Owner: postgres
--

ALTER TABLE ONLY public.show_days
    ADD CONSTRAINT show_days_organization_id_fkey FOREIGN KEY (organization_id) REFERENCES public.organizations(id) ON DELETE CASCADE;


--
-- Name: show_days show_days_show_id_fkey; Type: FK CONSTRAINT; Schema: public; Owner: postgres
--

ALTER TABLE ONLY public.show_days
    ADD CONSTRAINT show_days_show_id_fkey FOREIGN KEY (show_id) REFERENCES public.shows(id) ON DELETE CASCADE;


--
-- Name: show_roles show_roles_organization_id_fkey; Type: FK CONSTRAINT; Schema: public; Owner: postgres
--

ALTER TABLE ONLY public.show_roles
    ADD CONSTRAINT show_roles_organization_id_fkey FOREIGN KEY (organization_id) REFERENCES public.organizations(id) ON DELETE CASCADE;


--
-- Name: show_roles show_roles_show_id_fkey; Type: FK CONSTRAINT; Schema: public; Owner: postgres
--

ALTER TABLE ONLY public.show_roles
    ADD CONSTRAINT show_roles_show_id_fkey FOREIGN KEY (show_id) REFERENCES public.shows(id) ON DELETE CASCADE;


--
-- Name: show_roles show_roles_user_id_fkey; Type: FK CONSTRAINT; Schema: public; Owner: postgres
--

ALTER TABLE ONLY public.show_roles
    ADD CONSTRAINT show_roles_user_id_fkey FOREIGN KEY (user_id) REFERENCES public.user_profiles(id) ON DELETE CASCADE;


--
-- Name: show_score_announcer_live_sessions show_score_announcer_live_sessions_class_id_fkey; Type: FK CONSTRAINT; Schema: public; Owner: postgres
--

ALTER TABLE ONLY public.show_score_announcer_live_sessions
    ADD CONSTRAINT show_score_announcer_live_sessions_class_id_fkey FOREIGN KEY (class_id) REFERENCES public.blocks(id) ON DELETE CASCADE;


--
-- Name: show_score_championship_update_deliveries show_score_championship_update_deliveries_campaign_id_fkey; Type: FK CONSTRAINT; Schema: public; Owner: postgres
--

ALTER TABLE ONLY public.show_score_championship_update_deliveries
    ADD CONSTRAINT show_score_championship_update_deliveries_campaign_id_fkey FOREIGN KEY (campaign_id) REFERENCES public.show_score_championship_update_campaigns(id) ON DELETE CASCADE;


--
-- Name: show_score_championship_update_deliveries show_score_championship_update_deliveries_subscriber_id_fkey; Type: FK CONSTRAINT; Schema: public; Owner: postgres
--

ALTER TABLE ONLY public.show_score_championship_update_deliveries
    ADD CONSTRAINT show_score_championship_update_deliveries_subscriber_id_fkey FOREIGN KEY (subscriber_id) REFERENCES public.show_score_championship_update_subscribers(id) ON DELETE SET NULL;


--
-- Name: show_score_class_documents show_score_class_documents_class_id_fkey; Type: FK CONSTRAINT; Schema: public; Owner: postgres
--

ALTER TABLE ONLY public.show_score_class_documents
    ADD CONSTRAINT show_score_class_documents_class_id_fkey FOREIGN KEY (class_id) REFERENCES public.blocks(id) ON DELETE CASCADE;


--
-- Name: show_score_class_documents show_score_class_documents_organization_id_fkey; Type: FK CONSTRAINT; Schema: public; Owner: postgres
--

ALTER TABLE ONLY public.show_score_class_documents
    ADD CONSTRAINT show_score_class_documents_organization_id_fkey FOREIGN KEY (organization_id) REFERENCES public.organizations(id) ON DELETE CASCADE;


--
-- Name: show_score_class_documents show_score_class_documents_show_id_fkey; Type: FK CONSTRAINT; Schema: public; Owner: postgres
--

ALTER TABLE ONLY public.show_score_class_documents
    ADD CONSTRAINT show_score_class_documents_show_id_fkey FOREIGN KEY (show_id) REFERENCES public.shows(id) ON DELETE CASCADE;


--
-- Name: show_score_block_setups show_score_class_setups_class_id_fkey; Type: FK CONSTRAINT; Schema: public; Owner: postgres
--

ALTER TABLE ONLY public.show_score_block_setups
    ADD CONSTRAINT show_score_class_setups_class_id_fkey FOREIGN KEY (block_id) REFERENCES public.blocks(id) ON DELETE CASCADE;


--
-- Name: show_score_block_setups show_score_class_setups_finalized_by_user_id_fkey; Type: FK CONSTRAINT; Schema: public; Owner: postgres
--

ALTER TABLE ONLY public.show_score_block_setups
    ADD CONSTRAINT show_score_class_setups_finalized_by_user_id_fkey FOREIGN KEY (finalized_by_user_id) REFERENCES public.user_profiles(id) ON DELETE SET NULL;


--
-- Name: show_score_block_setups show_score_class_setups_locked_by_user_id_fkey; Type: FK CONSTRAINT; Schema: public; Owner: postgres
--

ALTER TABLE ONLY public.show_score_block_setups
    ADD CONSTRAINT show_score_class_setups_locked_by_user_id_fkey FOREIGN KEY (locked_by_user_id) REFERENCES public.user_profiles(id) ON DELETE SET NULL;


--
-- Name: show_score_block_setups show_score_class_setups_organization_id_fkey; Type: FK CONSTRAINT; Schema: public; Owner: postgres
--

ALTER TABLE ONLY public.show_score_block_setups
    ADD CONSTRAINT show_score_class_setups_organization_id_fkey FOREIGN KEY (organization_id) REFERENCES public.organizations(id) ON DELETE CASCADE;


--
-- Name: show_score_block_setups show_score_class_setups_show_day_id_fkey; Type: FK CONSTRAINT; Schema: public; Owner: postgres
--

ALTER TABLE ONLY public.show_score_block_setups
    ADD CONSTRAINT show_score_class_setups_show_day_id_fkey FOREIGN KEY (show_day_id) REFERENCES public.show_days(id) ON DELETE SET NULL;


--
-- Name: show_score_block_setups show_score_class_setups_show_id_fkey; Type: FK CONSTRAINT; Schema: public; Owner: postgres
--

ALTER TABLE ONLY public.show_score_block_setups
    ADD CONSTRAINT show_score_class_setups_show_id_fkey FOREIGN KEY (show_id) REFERENCES public.shows(id) ON DELETE CASCADE;


--
-- Name: show_score_judge_sessions show_score_judge_sessions_claimed_by_user_id_fkey; Type: FK CONSTRAINT; Schema: public; Owner: postgres
--

ALTER TABLE ONLY public.show_score_judge_sessions
    ADD CONSTRAINT show_score_judge_sessions_claimed_by_user_id_fkey FOREIGN KEY (claimed_by_user_id) REFERENCES public.user_profiles(id) ON DELETE SET NULL;


--
-- Name: show_score_judge_sessions show_score_judge_sessions_class_id_fkey; Type: FK CONSTRAINT; Schema: public; Owner: postgres
--

ALTER TABLE ONLY public.show_score_judge_sessions
    ADD CONSTRAINT show_score_judge_sessions_class_id_fkey FOREIGN KEY (block_id) REFERENCES public.blocks(id) ON DELETE CASCADE;


--
-- Name: show_score_judge_sessions show_score_judge_sessions_judge_user_id_fkey; Type: FK CONSTRAINT; Schema: public; Owner: postgres
--

ALTER TABLE ONLY public.show_score_judge_sessions
    ADD CONSTRAINT show_score_judge_sessions_judge_user_id_fkey FOREIGN KEY (judge_user_id) REFERENCES public.user_profiles(id) ON DELETE SET NULL;


--
-- Name: show_score_judge_sessions show_score_judge_sessions_organization_id_fkey; Type: FK CONSTRAINT; Schema: public; Owner: postgres
--

ALTER TABLE ONLY public.show_score_judge_sessions
    ADD CONSTRAINT show_score_judge_sessions_organization_id_fkey FOREIGN KEY (organization_id) REFERENCES public.organizations(id) ON DELETE CASCADE;


--
-- Name: show_score_judge_sessions show_score_judge_sessions_show_id_fkey; Type: FK CONSTRAINT; Schema: public; Owner: postgres
--

ALTER TABLE ONLY public.show_score_judge_sessions
    ADD CONSTRAINT show_score_judge_sessions_show_id_fkey FOREIGN KEY (show_id) REFERENCES public.shows(id) ON DELETE CASCADE;


--
-- Name: show_score_official_results show_score_official_results_class_id_fkey; Type: FK CONSTRAINT; Schema: public; Owner: postgres
--

ALTER TABLE ONLY public.show_score_official_results
    ADD CONSTRAINT show_score_official_results_class_id_fkey FOREIGN KEY (block_id) REFERENCES public.blocks(id) ON DELETE CASCADE;


--
-- Name: show_score_official_results show_score_official_results_organization_id_fkey; Type: FK CONSTRAINT; Schema: public; Owner: postgres
--

ALTER TABLE ONLY public.show_score_official_results
    ADD CONSTRAINT show_score_official_results_organization_id_fkey FOREIGN KEY (organization_id) REFERENCES public.organizations(id) ON DELETE CASCADE;


--
-- Name: show_score_official_results show_score_official_results_secretariat_validated_by_user__fkey; Type: FK CONSTRAINT; Schema: public; Owner: postgres
--

ALTER TABLE ONLY public.show_score_official_results
    ADD CONSTRAINT show_score_official_results_secretariat_validated_by_user__fkey FOREIGN KEY (secretariat_validated_by_user_id) REFERENCES public.user_profiles(id) ON DELETE SET NULL;


--
-- Name: show_score_official_results show_score_official_results_show_id_fkey; Type: FK CONSTRAINT; Schema: public; Owner: postgres
--

ALTER TABLE ONLY public.show_score_official_results
    ADD CONSTRAINT show_score_official_results_show_id_fkey FOREIGN KEY (show_id) REFERENCES public.shows(id) ON DELETE CASCADE;


--
-- Name: show_score_paid_warmups show_score_paid_warmups_block_id_fkey; Type: FK CONSTRAINT; Schema: public; Owner: postgres
--

ALTER TABLE ONLY public.show_score_paid_warmups
    ADD CONSTRAINT show_score_paid_warmups_block_id_fkey FOREIGN KEY (block_id) REFERENCES public.blocks(id) ON DELETE CASCADE;


--
-- Name: show_score_paid_warmups show_score_paid_warmups_organization_id_fkey; Type: FK CONSTRAINT; Schema: public; Owner: postgres
--

ALTER TABLE ONLY public.show_score_paid_warmups
    ADD CONSTRAINT show_score_paid_warmups_organization_id_fkey FOREIGN KEY (organization_id) REFERENCES public.organizations(id) ON DELETE CASCADE;


--
-- Name: show_score_paid_warmups show_score_paid_warmups_show_day_id_fkey; Type: FK CONSTRAINT; Schema: public; Owner: postgres
--

ALTER TABLE ONLY public.show_score_paid_warmups
    ADD CONSTRAINT show_score_paid_warmups_show_day_id_fkey FOREIGN KEY (show_day_id) REFERENCES public.show_days(id) ON DELETE CASCADE;


--
-- Name: show_score_paid_warmups show_score_paid_warmups_show_id_fkey; Type: FK CONSTRAINT; Schema: public; Owner: postgres
--

ALTER TABLE ONLY public.show_score_paid_warmups
    ADD CONSTRAINT show_score_paid_warmups_show_id_fkey FOREIGN KEY (show_id) REFERENCES public.shows(id) ON DELETE CASCADE;


--
-- Name: show_score_publication_states show_score_publication_states_class_id_fkey; Type: FK CONSTRAINT; Schema: public; Owner: postgres
--

ALTER TABLE ONLY public.show_score_publication_states
    ADD CONSTRAINT show_score_publication_states_class_id_fkey FOREIGN KEY (block_id) REFERENCES public.blocks(id) ON DELETE CASCADE;


--
-- Name: show_score_publication_states show_score_publication_states_organization_id_fkey; Type: FK CONSTRAINT; Schema: public; Owner: postgres
--

ALTER TABLE ONLY public.show_score_publication_states
    ADD CONSTRAINT show_score_publication_states_organization_id_fkey FOREIGN KEY (organization_id) REFERENCES public.organizations(id) ON DELETE CASCADE;


--
-- Name: show_score_publication_states show_score_publication_states_published_by_user_id_fkey; Type: FK CONSTRAINT; Schema: public; Owner: postgres
--

ALTER TABLE ONLY public.show_score_publication_states
    ADD CONSTRAINT show_score_publication_states_published_by_user_id_fkey FOREIGN KEY (published_by_user_id) REFERENCES public.user_profiles(id) ON DELETE SET NULL;


--
-- Name: show_score_publication_states show_score_publication_states_show_id_fkey; Type: FK CONSTRAINT; Schema: public; Owner: postgres
--

ALTER TABLE ONLY public.show_score_publication_states
    ADD CONSTRAINT show_score_publication_states_show_id_fkey FOREIGN KEY (show_id) REFERENCES public.shows(id) ON DELETE CASCADE;


--
-- Name: show_score_scoring_sessions show_score_scoring_sessions_class_id_fkey; Type: FK CONSTRAINT; Schema: public; Owner: postgres
--

ALTER TABLE ONLY public.show_score_scoring_sessions
    ADD CONSTRAINT show_score_scoring_sessions_class_id_fkey FOREIGN KEY (block_id) REFERENCES public.blocks(id) ON DELETE CASCADE;


--
-- Name: show_score_scoring_sessions show_score_scoring_sessions_organization_id_fkey; Type: FK CONSTRAINT; Schema: public; Owner: postgres
--

ALTER TABLE ONLY public.show_score_scoring_sessions
    ADD CONSTRAINT show_score_scoring_sessions_organization_id_fkey FOREIGN KEY (organization_id) REFERENCES public.organizations(id) ON DELETE CASCADE;


--
-- Name: show_score_scoring_sessions show_score_scoring_sessions_show_id_fkey; Type: FK CONSTRAINT; Schema: public; Owner: postgres
--

ALTER TABLE ONLY public.show_score_scoring_sessions
    ADD CONSTRAINT show_score_scoring_sessions_show_id_fkey FOREIGN KEY (show_id) REFERENCES public.shows(id) ON DELETE CASCADE;


--
-- Name: shows shows_created_by_user_id_fkey; Type: FK CONSTRAINT; Schema: public; Owner: postgres
--

ALTER TABLE ONLY public.shows
    ADD CONSTRAINT shows_created_by_user_id_fkey FOREIGN KEY (created_by_user_id) REFERENCES public.user_profiles(id);


--
-- Name: shows shows_organization_id_fkey; Type: FK CONSTRAINT; Schema: public; Owner: postgres
--

ALTER TABLE ONLY public.shows
    ADD CONSTRAINT shows_organization_id_fkey FOREIGN KEY (organization_id) REFERENCES public.organizations(id) ON DELETE CASCADE;


--
-- Name: slates slates_created_by_user_id_fkey; Type: FK CONSTRAINT; Schema: public; Owner: postgres
--

ALTER TABLE ONLY public.slates
    ADD CONSTRAINT slates_created_by_user_id_fkey FOREIGN KEY (created_by_user_id) REFERENCES public.user_profiles(id) ON DELETE SET NULL;


--
-- Name: slates slates_governing_body_id_fkey; Type: FK CONSTRAINT; Schema: public; Owner: postgres
--

ALTER TABLE ONLY public.slates
    ADD CONSTRAINT slates_governing_body_id_fkey FOREIGN KEY (governing_body_id) REFERENCES public.governing_bodies(id) ON DELETE RESTRICT;


--
-- Name: slates slates_organization_id_fkey; Type: FK CONSTRAINT; Schema: public; Owner: postgres
--

ALTER TABLE ONLY public.slates
    ADD CONSTRAINT slates_organization_id_fkey FOREIGN KEY (organization_id) REFERENCES public.organizations(id) ON DELETE CASCADE;


--
-- Name: slates slates_show_id_fkey; Type: FK CONSTRAINT; Schema: public; Owner: postgres
--

ALTER TABLE ONLY public.slates
    ADD CONSTRAINT slates_show_id_fkey FOREIGN KEY (show_id) REFERENCES public.shows(id) ON DELETE CASCADE;


--
-- Name: stall_bookings stall_bookings_booker_contact_id_fkey; Type: FK CONSTRAINT; Schema: public; Owner: postgres
--

ALTER TABLE ONLY public.stall_bookings
    ADD CONSTRAINT stall_bookings_booker_contact_id_fkey FOREIGN KEY (booker_contact_id) REFERENCES public.contacts(id);


--
-- Name: stall_bookings stall_bookings_cancelled_by_user_id_fkey; Type: FK CONSTRAINT; Schema: public; Owner: postgres
--

ALTER TABLE ONLY public.stall_bookings
    ADD CONSTRAINT stall_bookings_cancelled_by_user_id_fkey FOREIGN KEY (cancelled_by_user_id) REFERENCES public.user_profiles(id);


--
-- Name: stall_bookings stall_bookings_created_by_user_id_fkey; Type: FK CONSTRAINT; Schema: public; Owner: postgres
--

ALTER TABLE ONLY public.stall_bookings
    ADD CONSTRAINT stall_bookings_created_by_user_id_fkey FOREIGN KEY (created_by_user_id) REFERENCES public.user_profiles(id);


--
-- Name: stall_bookings stall_bookings_horse_id_fkey; Type: FK CONSTRAINT; Schema: public; Owner: postgres
--

ALTER TABLE ONLY public.stall_bookings
    ADD CONSTRAINT stall_bookings_horse_id_fkey FOREIGN KEY (horse_id) REFERENCES public.horses(id);


--
-- Name: stall_bookings stall_bookings_organization_id_fkey; Type: FK CONSTRAINT; Schema: public; Owner: postgres
--

ALTER TABLE ONLY public.stall_bookings
    ADD CONSTRAINT stall_bookings_organization_id_fkey FOREIGN KEY (organization_id) REFERENCES public.organizations(id) ON DELETE CASCADE;


--
-- Name: stall_bookings stall_bookings_payer_contact_id_fkey; Type: FK CONSTRAINT; Schema: public; Owner: postgres
--

ALTER TABLE ONLY public.stall_bookings
    ADD CONSTRAINT stall_bookings_payer_contact_id_fkey FOREIGN KEY (payer_contact_id) REFERENCES public.contacts(id);


--
-- Name: stall_bookings stall_bookings_show_day_end_id_fkey; Type: FK CONSTRAINT; Schema: public; Owner: postgres
--

ALTER TABLE ONLY public.stall_bookings
    ADD CONSTRAINT stall_bookings_show_day_end_id_fkey FOREIGN KEY (show_day_end_id) REFERENCES public.show_days(id);


--
-- Name: stall_bookings stall_bookings_show_day_start_id_fkey; Type: FK CONSTRAINT; Schema: public; Owner: postgres
--

ALTER TABLE ONLY public.stall_bookings
    ADD CONSTRAINT stall_bookings_show_day_start_id_fkey FOREIGN KEY (show_day_start_id) REFERENCES public.show_days(id);


--
-- Name: stall_bookings stall_bookings_show_id_fkey; Type: FK CONSTRAINT; Schema: public; Owner: postgres
--

ALTER TABLE ONLY public.stall_bookings
    ADD CONSTRAINT stall_bookings_show_id_fkey FOREIGN KEY (show_id) REFERENCES public.shows(id) ON DELETE CASCADE;


--
-- Name: stall_bookings stall_bookings_stall_option_id_fkey; Type: FK CONSTRAINT; Schema: public; Owner: postgres
--

ALTER TABLE ONLY public.stall_bookings
    ADD CONSTRAINT stall_bookings_stall_option_id_fkey FOREIGN KEY (stall_option_id) REFERENCES public.stall_options(id);


--
-- Name: stall_options stall_options_organization_id_fkey; Type: FK CONSTRAINT; Schema: public; Owner: postgres
--

ALTER TABLE ONLY public.stall_options
    ADD CONSTRAINT stall_options_organization_id_fkey FOREIGN KEY (organization_id) REFERENCES public.organizations(id) ON DELETE CASCADE;


--
-- Name: stall_options stall_options_product_id_fkey; Type: FK CONSTRAINT; Schema: public; Owner: postgres
--

ALTER TABLE ONLY public.stall_options
    ADD CONSTRAINT stall_options_product_id_fkey FOREIGN KEY (product_id) REFERENCES public.organization_products(id) ON DELETE SET NULL;


--
-- Name: stall_options stall_options_show_day_end_id_fkey; Type: FK CONSTRAINT; Schema: public; Owner: postgres
--

ALTER TABLE ONLY public.stall_options
    ADD CONSTRAINT stall_options_show_day_end_id_fkey FOREIGN KEY (show_day_end_id) REFERENCES public.show_days(id);


--
-- Name: stall_options stall_options_show_day_start_id_fkey; Type: FK CONSTRAINT; Schema: public; Owner: postgres
--

ALTER TABLE ONLY public.stall_options
    ADD CONSTRAINT stall_options_show_day_start_id_fkey FOREIGN KEY (show_day_start_id) REFERENCES public.show_days(id);


--
-- Name: stall_options stall_options_show_id_fkey; Type: FK CONSTRAINT; Schema: public; Owner: postgres
--

ALTER TABLE ONLY public.stall_options
    ADD CONSTRAINT stall_options_show_id_fkey FOREIGN KEY (show_id) REFERENCES public.shows(id) ON DELETE CASCADE;


--
-- Name: team_eligibility_decisions team_eligibility_decisions_class_id_fkey; Type: FK CONSTRAINT; Schema: public; Owner: postgres
--

ALTER TABLE ONLY public.team_eligibility_decisions
    ADD CONSTRAINT team_eligibility_decisions_class_id_fkey FOREIGN KEY (class_id) REFERENCES public.classes(id) ON DELETE CASCADE;


--
-- Name: team_eligibility_decisions team_eligibility_decisions_created_by_user_id_fkey; Type: FK CONSTRAINT; Schema: public; Owner: postgres
--

ALTER TABLE ONLY public.team_eligibility_decisions
    ADD CONSTRAINT team_eligibility_decisions_created_by_user_id_fkey FOREIGN KEY (created_by_user_id) REFERENCES public.user_profiles(id) ON DELETE SET NULL;


--
-- Name: team_eligibility_decisions team_eligibility_decisions_external_snapshot_id_fkey; Type: FK CONSTRAINT; Schema: public; Owner: postgres
--

ALTER TABLE ONLY public.team_eligibility_decisions
    ADD CONSTRAINT team_eligibility_decisions_external_snapshot_id_fkey FOREIGN KEY (external_snapshot_id) REFERENCES public.external_data_snapshots(id) ON DELETE SET NULL;


--
-- Name: team_eligibility_decisions team_eligibility_decisions_governing_body_id_fkey; Type: FK CONSTRAINT; Schema: public; Owner: postgres
--

ALTER TABLE ONLY public.team_eligibility_decisions
    ADD CONSTRAINT team_eligibility_decisions_governing_body_id_fkey FOREIGN KEY (governing_body_id) REFERENCES public.governing_bodies(id) ON DELETE RESTRICT;


--
-- Name: team_eligibility_decisions team_eligibility_decisions_horse_id_fkey; Type: FK CONSTRAINT; Schema: public; Owner: postgres
--

ALTER TABLE ONLY public.team_eligibility_decisions
    ADD CONSTRAINT team_eligibility_decisions_horse_id_fkey FOREIGN KEY (horse_id) REFERENCES public.horses(id) ON DELETE CASCADE;


--
-- Name: team_eligibility_decisions team_eligibility_decisions_organization_id_fkey; Type: FK CONSTRAINT; Schema: public; Owner: postgres
--

ALTER TABLE ONLY public.team_eligibility_decisions
    ADD CONSTRAINT team_eligibility_decisions_organization_id_fkey FOREIGN KEY (organization_id) REFERENCES public.organizations(id) ON DELETE CASCADE;


--
-- Name: team_eligibility_decisions team_eligibility_decisions_rider_contact_id_fkey; Type: FK CONSTRAINT; Schema: public; Owner: postgres
--

ALTER TABLE ONLY public.team_eligibility_decisions
    ADD CONSTRAINT team_eligibility_decisions_rider_contact_id_fkey FOREIGN KEY (rider_contact_id) REFERENCES public.contacts(id) ON DELETE CASCADE;


--
-- Name: team_eligibility_decisions team_eligibility_decisions_show_id_fkey; Type: FK CONSTRAINT; Schema: public; Owner: postgres
--

ALTER TABLE ONLY public.team_eligibility_decisions
    ADD CONSTRAINT team_eligibility_decisions_show_id_fkey FOREIGN KEY (show_id) REFERENCES public.shows(id) ON DELETE CASCADE;


--
-- Name: team_eligibility_snapshots team_eligibility_snapshots_class_id_fkey; Type: FK CONSTRAINT; Schema: public; Owner: postgres
--

ALTER TABLE ONLY public.team_eligibility_snapshots
    ADD CONSTRAINT team_eligibility_snapshots_class_id_fkey FOREIGN KEY (class_id) REFERENCES public.classes(id) ON DELETE CASCADE;


--
-- Name: team_eligibility_snapshots team_eligibility_snapshots_governing_body_id_fkey; Type: FK CONSTRAINT; Schema: public; Owner: postgres
--

ALTER TABLE ONLY public.team_eligibility_snapshots
    ADD CONSTRAINT team_eligibility_snapshots_governing_body_id_fkey FOREIGN KEY (governing_body_id) REFERENCES public.governing_bodies(id) ON DELETE RESTRICT;


--
-- Name: team_eligibility_snapshots team_eligibility_snapshots_horse_id_fkey; Type: FK CONSTRAINT; Schema: public; Owner: postgres
--

ALTER TABLE ONLY public.team_eligibility_snapshots
    ADD CONSTRAINT team_eligibility_snapshots_horse_id_fkey FOREIGN KEY (horse_id) REFERENCES public.horses(id) ON DELETE CASCADE;


--
-- Name: team_eligibility_snapshots team_eligibility_snapshots_rider_contact_id_fkey; Type: FK CONSTRAINT; Schema: public; Owner: postgres
--

ALTER TABLE ONLY public.team_eligibility_snapshots
    ADD CONSTRAINT team_eligibility_snapshots_rider_contact_id_fkey FOREIGN KEY (rider_contact_id) REFERENCES public.contacts(id) ON DELETE CASCADE;


--
-- Name: team_eligibility_snapshots team_eligibility_snapshots_show_id_fkey; Type: FK CONSTRAINT; Schema: public; Owner: postgres
--

ALTER TABLE ONLY public.team_eligibility_snapshots
    ADD CONSTRAINT team_eligibility_snapshots_show_id_fkey FOREIGN KEY (show_id) REFERENCES public.shows(id) ON DELETE CASCADE;


--
-- Name: team_eligibility_snapshots team_eligibility_snapshots_snapshot_id_fkey; Type: FK CONSTRAINT; Schema: public; Owner: postgres
--

ALTER TABLE ONLY public.team_eligibility_snapshots
    ADD CONSTRAINT team_eligibility_snapshots_snapshot_id_fkey FOREIGN KEY (snapshot_id) REFERENCES public.external_data_snapshots(id) ON DELETE CASCADE;


--
-- Name: user_profiles user_profiles_user_id_fkey; Type: FK CONSTRAINT; Schema: public; Owner: postgres
--

ALTER TABLE ONLY public.user_profiles
    ADD CONSTRAINT user_profiles_user_id_fkey FOREIGN KEY (user_id) REFERENCES auth.users(id) ON DELETE CASCADE;


--
-- Name: association_invitations Anyone can read invitation by token; Type: POLICY; Schema: public; Owner: postgres
--

CREATE POLICY "Anyone can read invitation by token" ON public.association_invitations FOR SELECT USING ((status = 'pending'::text));


--
-- Name: payout_schedule_brackets Anyone can read payout schedule brackets; Type: POLICY; Schema: public; Owner: postgres
--

CREATE POLICY "Anyone can read payout schedule brackets" ON public.payout_schedule_brackets FOR SELECT TO authenticated, anon USING (true);


--
-- Name: payout_schedules Anyone can read payout schedules; Type: POLICY; Schema: public; Owner: postgres
--

CREATE POLICY "Anyone can read payout schedules" ON public.payout_schedules FOR SELECT TO authenticated, anon USING (true);


--
-- Name: show_score_public_championship_seasons Anyone can read published championship seasons; Type: POLICY; Schema: public; Owner: postgres
--

CREATE POLICY "Anyone can read published championship seasons" ON public.show_score_public_championship_seasons FOR SELECT TO authenticated, anon USING ((status = ANY (ARRAY['published'::text, 'final'::text])));


--
-- Name: show_score_block_setups Anyone can view class setups of public shows; Type: POLICY; Schema: public; Owner: postgres
--

CREATE POLICY "Anyone can view class setups of public shows" ON public.show_score_block_setups FOR SELECT USING ((EXISTS ( SELECT 1
   FROM (public.blocks c
     JOIN public.shows s ON ((s.id = c.show_id)))
  WHERE ((c.id = show_score_block_setups.block_id) AND (s.is_public = true)))));


--
-- Name: blocks Anyone can view classes of public shows; Type: POLICY; Schema: public; Owner: postgres
--

CREATE POLICY "Anyone can view classes of public shows" ON public.blocks FOR SELECT USING ((EXISTS ( SELECT 1
   FROM public.shows s
  WHERE ((s.id = blocks.show_id) AND (s.is_public = true)))));


--
-- Name: show_days Anyone can view days of public shows; Type: POLICY; Schema: public; Owner: postgres
--

CREATE POLICY "Anyone can view days of public shows" ON public.show_days FOR SELECT USING ((EXISTS ( SELECT 1
   FROM public.shows s
  WHERE ((s.id = show_days.show_id) AND (s.is_public = true)))));


--
-- Name: show_score_official_results Anyone can view official results of public shows; Type: POLICY; Schema: public; Owner: postgres
--

CREATE POLICY "Anyone can view official results of public shows" ON public.show_score_official_results FOR SELECT USING ((EXISTS ( SELECT 1
   FROM (public.blocks c
     JOIN public.shows s ON ((s.id = c.show_id)))
  WHERE ((c.id = show_score_official_results.block_id) AND (s.is_public = true)))));


--
-- Name: organizations Anyone can view organizations; Type: POLICY; Schema: public; Owner: postgres
--

CREATE POLICY "Anyone can view organizations" ON public.organizations FOR SELECT USING (true);


--
-- Name: shows Anyone can view public shows; Type: POLICY; Schema: public; Owner: postgres
--

CREATE POLICY "Anyone can view public shows" ON public.shows FOR SELECT USING ((is_public = true));


--
-- Name: show_score_publication_states Anyone can view publication states of public shows; Type: POLICY; Schema: public; Owner: postgres
--

CREATE POLICY "Anyone can view publication states of public shows" ON public.show_score_publication_states FOR SELECT USING ((EXISTS ( SELECT 1
   FROM (public.blocks c
     JOIN public.shows s ON ((s.id = c.show_id)))
  WHERE ((c.id = show_score_publication_states.block_id) AND (s.is_public = true)))));


--
-- Name: sanctioning_bodies Anyone can view sanctioning bodies; Type: POLICY; Schema: public; Owner: postgres
--

CREATE POLICY "Anyone can view sanctioning bodies" ON public.sanctioning_bodies FOR SELECT USING (true);


--
-- Name: show_score_paid_warmups Association announcers can view paid warmups; Type: POLICY; Schema: public; Owner: postgres
--

CREATE POLICY "Association announcers can view paid warmups" ON public.show_score_paid_warmups FOR SELECT TO authenticated USING (public.is_org_member(organization_id, ARRAY['announcer'::text]));


--
-- Name: app_events Association managers can read association audit events; Type: POLICY; Schema: public; Owner: postgres
--

CREATE POLICY "Association managers can read association audit events" ON public.app_events FOR SELECT TO authenticated USING (((event_type = 'audit'::text) AND public.is_org_member(public.app_event_association_uuid(association_id), ARRAY['admin'::text, 'secretary'::text])));


--
-- Name: blocks Association secretaries can create blocks; Type: POLICY; Schema: public; Owner: postgres
--

CREATE POLICY "Association secretaries can create blocks" ON public.blocks FOR INSERT TO authenticated WITH CHECK (public.is_org_member(organization_id, ARRAY['secretary'::text]));


--
-- Name: show_days Association secretaries can create show days; Type: POLICY; Schema: public; Owner: postgres
--

CREATE POLICY "Association secretaries can create show days" ON public.show_days FOR INSERT TO authenticated WITH CHECK (public.is_org_member(organization_id, ARRAY['secretary'::text]));


--
-- Name: shows Association secretaries can create shows; Type: POLICY; Schema: public; Owner: postgres
--

CREATE POLICY "Association secretaries can create shows" ON public.shows FOR INSERT TO authenticated WITH CHECK (public.is_org_member(organization_id, ARRAY['secretary'::text]));


--
-- Name: blocks Association secretaries can update blocks; Type: POLICY; Schema: public; Owner: postgres
--

CREATE POLICY "Association secretaries can update blocks" ON public.blocks FOR UPDATE TO authenticated USING (public.is_org_member(organization_id, ARRAY['secretary'::text])) WITH CHECK (public.is_org_member(organization_id, ARRAY['secretary'::text]));


--
-- Name: show_days Association secretaries can update show days; Type: POLICY; Schema: public; Owner: postgres
--

CREATE POLICY "Association secretaries can update show days" ON public.show_days FOR UPDATE TO authenticated USING (public.is_org_member(organization_id, ARRAY['secretary'::text])) WITH CHECK (public.is_org_member(organization_id, ARRAY['secretary'::text]));


--
-- Name: shows Association secretaries can update shows; Type: POLICY; Schema: public; Owner: postgres
--

CREATE POLICY "Association secretaries can update shows" ON public.shows FOR UPDATE TO authenticated USING (public.is_org_member(organization_id, ARRAY['secretary'::text])) WITH CHECK (public.is_org_member(organization_id, ARRAY['secretary'::text]));


--
-- Name: contacts Authenticated users can create global contacts; Type: POLICY; Schema: public; Owner: postgres
--

CREATE POLICY "Authenticated users can create global contacts" ON public.contacts FOR INSERT TO authenticated WITH CHECK ((public.is_platform_admin() OR ((public.current_profile_id() IS NOT NULL) AND ((created_by_user_id = public.current_profile_id()) OR (linked_user_id = public.current_profile_id())))));


--
-- Name: organizations Authenticated users can create organizations; Type: POLICY; Schema: public; Owner: postgres
--

CREATE POLICY "Authenticated users can create organizations" ON public.organizations FOR INSERT WITH CHECK (((auth.uid() IS NOT NULL) AND (created_by_user_id = public.current_profile_id())));


--
-- Name: nrha_rider_rankings Authenticated users can view NRHA rider rankings; Type: POLICY; Schema: public; Owner: postgres
--

CREATE POLICY "Authenticated users can view NRHA rider rankings" ON public.nrha_rider_rankings FOR SELECT USING ((auth.uid() IS NOT NULL));


--
-- Name: disciplines Authenticated users can view active disciplines; Type: POLICY; Schema: public; Owner: postgres
--

CREATE POLICY "Authenticated users can view active disciplines" ON public.disciplines FOR SELECT TO authenticated USING ((is_active OR public.is_platform_admin()));


--
-- Name: organization_membership_types Authenticated users can view active internal membership types; Type: POLICY; Schema: public; Owner: postgres
--

CREATE POLICY "Authenticated users can view active internal membership types" ON public.organization_membership_types FOR SELECT TO authenticated USING (is_active);


--
-- Name: organizations Authenticated users can view membership seller organizations; Type: POLICY; Schema: public; Owner: postgres
--

CREATE POLICY "Authenticated users can view membership seller organizations" ON public.organizations FOR SELECT TO authenticated USING ((EXISTS ( SELECT 1
   FROM public.organization_membership_types membership_type
  WHERE ((membership_type.organization_id = organizations.id) AND membership_type.is_active))));


--
-- Name: audit_events Authenticated users can write audit events; Type: POLICY; Schema: public; Owner: postgres
--

CREATE POLICY "Authenticated users can write audit events" ON public.audit_events FOR INSERT WITH CHECK (((auth.uid() IS NOT NULL) AND ((actor_user_id IS NULL) OR (actor_user_id = public.current_profile_id())) AND ((organization_id IS NULL) OR public.is_platform_admin() OR public.is_org_member(organization_id, ARRAY['admin'::text, 'secretary'::text]))));


--
-- Name: external_credential_issuers Authenticated users view active credential issuers; Type: POLICY; Schema: public; Owner: postgres
--

CREATE POLICY "Authenticated users view active credential issuers" ON public.external_credential_issuers FOR SELECT TO authenticated USING ((is_active OR public.is_platform_admin()));


--
-- Name: external_credential_products Authenticated users view active credential products; Type: POLICY; Schema: public; Owner: postgres
--

CREATE POLICY "Authenticated users view active credential products" ON public.external_credential_products FOR SELECT TO authenticated USING ((public.is_platform_admin() OR is_active));


--
-- Name: discipline_credential_issuers Authenticated users view active discipline credential issuers; Type: POLICY; Schema: public; Owner: postgres
--

CREATE POLICY "Authenticated users view active discipline credential issuers" ON public.discipline_credential_issuers FOR SELECT TO authenticated USING ((public.is_platform_admin() OR is_active));


--
-- Name: discipline_governing_bodies Authenticated users view active discipline governing bodies; Type: POLICY; Schema: public; Owner: postgres
--

CREATE POLICY "Authenticated users view active discipline governing bodies" ON public.discipline_governing_bodies FOR SELECT TO authenticated USING ((public.is_platform_admin() OR is_active));


--
-- Name: external_data_sources Authenticated users view active external data sources; Type: POLICY; Schema: public; Owner: postgres
--

CREATE POLICY "Authenticated users view active external data sources" ON public.external_data_sources FOR SELECT TO authenticated USING ((is_active OR public.is_platform_admin()));


--
-- Name: external_source_governing_bodies Authenticated users view active external source body links; Type: POLICY; Schema: public; Owner: postgres
--

CREATE POLICY "Authenticated users view active external source body links" ON public.external_source_governing_bodies FOR SELECT TO authenticated USING ((public.is_platform_admin() OR (is_active AND (EXISTS ( SELECT 1
   FROM public.external_data_sources source
  WHERE ((source.id = external_source_governing_bodies.external_data_source_id) AND source.is_active))) AND (EXISTS ( SELECT 1
   FROM public.governing_bodies body
  WHERE ((body.id = external_source_governing_bodies.governing_body_id) AND body.is_active))))));


--
-- Name: governing_bodies Authenticated users view active governing bodies; Type: POLICY; Schema: public; Owner: postgres
--

CREATE POLICY "Authenticated users view active governing bodies" ON public.governing_bodies FOR SELECT TO authenticated USING ((is_active OR public.is_platform_admin()));


--
-- Name: incentive_programs Authenticated users view active incentive programs; Type: POLICY; Schema: public; Owner: postgres
--

CREATE POLICY "Authenticated users view active incentive programs" ON public.incentive_programs FOR SELECT TO authenticated USING ((is_active OR public.is_platform_admin() OR public.is_org_member(organization_id)));


--
-- Name: credential_issuer_governing_bodies Authenticated users view active issuer governing body links; Type: POLICY; Schema: public; Owner: postgres
--

CREATE POLICY "Authenticated users view active issuer governing body links" ON public.credential_issuer_governing_bodies FOR SELECT TO authenticated USING ((is_active OR public.is_platform_admin()));


--
-- Name: horses Authorized users can create global horses; Type: POLICY; Schema: public; Owner: postgres
--

CREATE POLICY "Authorized users can create global horses" ON public.horses FOR INSERT TO authenticated WITH CHECK ((public.is_platform_admin() OR ((created_by_user_id = public.current_profile_id()) AND public.can_access_contact(primary_owner_contact_id))));


--
-- Name: contacts Authorized users can view global contacts; Type: POLICY; Schema: public; Owner: postgres
--

CREATE POLICY "Authorized users can view global contacts" ON public.contacts FOR SELECT TO authenticated USING (public.can_access_contact(id));


--
-- Name: horses Authorized users can view global horses; Type: POLICY; Schema: public; Owner: postgres
--

CREATE POLICY "Authorized users can view global horses" ON public.horses FOR SELECT TO authenticated USING (public.can_access_horse(id));


--
-- Name: external_data_snapshots Authorized users create external data snapshots; Type: POLICY; Schema: public; Owner: postgres
--

CREATE POLICY "Authorized users create external data snapshots" ON public.external_data_snapshots FOR INSERT TO authenticated WITH CHECK ((public.is_platform_admin() OR (COALESCE(created_by_user_id, public.current_profile_id()) = public.current_profile_id())));


--
-- Name: horse_documents Authorized users create horse documents; Type: POLICY; Schema: public; Owner: postgres
--

CREATE POLICY "Authorized users create horse documents" ON public.horse_documents FOR INSERT TO authenticated WITH CHECK ((public.can_access_horse(horse_id) AND ((created_by_user_id IS NULL) OR (created_by_user_id = public.current_profile_id()) OR public.is_platform_admin())));


--
-- Name: team_eligibility_decisions Authorized users create team eligibility decisions; Type: POLICY; Schema: public; Owner: postgres
--

CREATE POLICY "Authorized users create team eligibility decisions" ON public.team_eligibility_decisions FOR INSERT TO authenticated WITH CHECK ((public.is_platform_admin() OR ((COALESCE(created_by_user_id, public.current_profile_id()) = public.current_profile_id()) AND public.can_access_horse(horse_id) AND public.can_access_contact(rider_contact_id))));


--
-- Name: team_eligibility_snapshots Authorized users create team eligibility snapshots; Type: POLICY; Schema: public; Owner: postgres
--

CREATE POLICY "Authorized users create team eligibility snapshots" ON public.team_eligibility_snapshots FOR INSERT TO authenticated WITH CHECK ((public.is_platform_admin() OR (public.can_access_horse(horse_id) AND public.can_access_contact(rider_contact_id))));


--
-- Name: contact_external_identifiers Authorized users manage contact external identifiers; Type: POLICY; Schema: public; Owner: postgres
--

CREATE POLICY "Authorized users manage contact external identifiers" ON public.contact_external_identifiers TO authenticated USING ((public.can_manage_contact_identity(contact_id) OR (EXISTS ( SELECT 1
   FROM (public.directory_contacts dc
     JOIN public.organization_disciplines od ON ((od.id = dc.organization_discipline_id)))
  WHERE ((dc.contact_id = contact_external_identifiers.contact_id) AND public.is_org_member(od.organization_id, ARRAY['admin'::text, 'secretary'::text])))))) WITH CHECK ((public.can_manage_contact_identity(contact_id) OR (EXISTS ( SELECT 1
   FROM (public.directory_contacts dc
     JOIN public.organization_disciplines od ON ((od.id = dc.organization_discipline_id)))
  WHERE ((dc.contact_id = contact_external_identifiers.contact_id) AND public.is_org_member(od.organization_id, ARRAY['admin'::text, 'secretary'::text]))))));


--
-- Name: contact_insurance_evidence Authorized users manage contact insurance evidence; Type: POLICY; Schema: public; Owner: postgres
--

CREATE POLICY "Authorized users manage contact insurance evidence" ON public.contact_insurance_evidence TO authenticated USING ((public.is_platform_admin() OR (EXISTS ( SELECT 1
   FROM public.contacts contact
  WHERE ((contact.id = contact_insurance_evidence.contact_id) AND (contact.linked_user_id = public.current_profile_id())))) OR (EXISTS ( SELECT 1
   FROM (public.directory_contacts directory_contact
     JOIN public.organization_disciplines directory ON ((directory.id = directory_contact.organization_discipline_id)))
  WHERE ((directory_contact.contact_id = contact_insurance_evidence.contact_id) AND public.is_org_member(directory.organization_id, ARRAY['admin'::text, 'secretary'::text])))))) WITH CHECK ((public.is_platform_admin() OR (EXISTS ( SELECT 1
   FROM public.contacts contact
  WHERE ((contact.id = contact_insurance_evidence.contact_id) AND (contact.linked_user_id = public.current_profile_id())))) OR (EXISTS ( SELECT 1
   FROM (public.directory_contacts directory_contact
     JOIN public.organization_disciplines directory ON ((directory.id = directory_contact.organization_discipline_id)))
  WHERE ((directory_contact.contact_id = contact_insurance_evidence.contact_id) AND public.is_org_member(directory.organization_id, ARRAY['admin'::text, 'secretary'::text]))))));


--
-- Name: external_data_snapshot_contacts Authorized users manage contact snapshot links; Type: POLICY; Schema: public; Owner: postgres
--

CREATE POLICY "Authorized users manage contact snapshot links" ON public.external_data_snapshot_contacts TO authenticated USING ((public.is_platform_admin() OR public.can_manage_contact_identity(contact_id) OR (EXISTS ( SELECT 1
   FROM (public.directory_contacts dc
     JOIN public.organization_disciplines od ON ((od.id = dc.organization_discipline_id)))
  WHERE ((dc.contact_id = external_data_snapshot_contacts.contact_id) AND public.is_org_member(od.organization_id, ARRAY['admin'::text, 'secretary'::text])))))) WITH CHECK ((public.is_platform_admin() OR public.can_manage_contact_identity(contact_id) OR (EXISTS ( SELECT 1
   FROM (public.directory_contacts dc
     JOIN public.organization_disciplines od ON ((od.id = dc.organization_discipline_id)))
  WHERE ((dc.contact_id = external_data_snapshot_contacts.contact_id) AND public.is_org_member(od.organization_id, ARRAY['admin'::text, 'secretary'::text]))))));


--
-- Name: directory_contacts Authorized users manage directory contacts; Type: POLICY; Schema: public; Owner: postgres
--

CREATE POLICY "Authorized users manage directory contacts" ON public.directory_contacts TO authenticated USING ((public.is_platform_admin() OR public.can_manage_contact_identity(contact_id) OR (EXISTS ( SELECT 1
   FROM public.organization_disciplines od
  WHERE ((od.id = directory_contacts.organization_discipline_id) AND public.is_org_member(od.organization_id, ARRAY['admin'::text, 'secretary'::text])))))) WITH CHECK ((public.is_platform_admin() OR public.can_manage_contact_identity(contact_id) OR (EXISTS ( SELECT 1
   FROM public.organization_disciplines od
  WHERE ((od.id = directory_contacts.organization_discipline_id) AND od.is_active AND public.is_org_member(od.organization_id, ARRAY['admin'::text, 'secretary'::text]))))));


--
-- Name: directory_horses Authorized users manage directory horses; Type: POLICY; Schema: public; Owner: postgres
--

CREATE POLICY "Authorized users manage directory horses" ON public.directory_horses TO authenticated USING ((public.is_platform_admin() OR public.can_manage_horse_identity(horse_id) OR (EXISTS ( SELECT 1
   FROM public.organization_disciplines od
  WHERE ((od.id = directory_horses.organization_discipline_id) AND public.is_org_member(od.organization_id, ARRAY['admin'::text, 'secretary'::text])))))) WITH CHECK ((public.is_platform_admin() OR public.can_manage_horse_identity(horse_id) OR (EXISTS ( SELECT 1
   FROM public.organization_disciplines od
  WHERE ((od.id = directory_horses.organization_discipline_id) AND od.is_active AND public.is_org_member(od.organization_id, ARRAY['admin'::text, 'secretary'::text]))))));


--
-- Name: horse_external_identifiers Authorized users manage horse external identifiers; Type: POLICY; Schema: public; Owner: postgres
--

CREATE POLICY "Authorized users manage horse external identifiers" ON public.horse_external_identifiers TO authenticated USING ((public.can_manage_horse_identity(horse_id) OR (EXISTS ( SELECT 1
   FROM (public.directory_horses dh
     JOIN public.organization_disciplines od ON ((od.id = dh.organization_discipline_id)))
  WHERE ((dh.horse_id = horse_external_identifiers.horse_id) AND public.is_org_member(od.organization_id, ARRAY['admin'::text, 'secretary'::text])))))) WITH CHECK ((public.can_manage_horse_identity(horse_id) OR (EXISTS ( SELECT 1
   FROM (public.directory_horses dh
     JOIN public.organization_disciplines od ON ((od.id = dh.organization_discipline_id)))
  WHERE ((dh.horse_id = horse_external_identifiers.horse_id) AND public.is_org_member(od.organization_id, ARRAY['admin'::text, 'secretary'::text]))))));


--
-- Name: external_data_snapshot_horses Authorized users manage horse snapshot links; Type: POLICY; Schema: public; Owner: postgres
--

CREATE POLICY "Authorized users manage horse snapshot links" ON public.external_data_snapshot_horses TO authenticated USING ((public.is_platform_admin() OR public.can_manage_horse_identity(horse_id) OR (EXISTS ( SELECT 1
   FROM (public.directory_horses dh
     JOIN public.organization_disciplines od ON ((od.id = dh.organization_discipline_id)))
  WHERE ((dh.horse_id = external_data_snapshot_horses.horse_id) AND public.is_org_member(od.organization_id, ARRAY['admin'::text, 'secretary'::text])))))) WITH CHECK ((public.is_platform_admin() OR public.can_manage_horse_identity(horse_id) OR (EXISTS ( SELECT 1
   FROM (public.directory_horses dh
     JOIN public.organization_disciplines od ON ((od.id = dh.organization_discipline_id)))
  WHERE ((dh.horse_id = external_data_snapshot_horses.horse_id) AND public.is_org_member(od.organization_id, ARRAY['admin'::text, 'secretary'::text]))))));


--
-- Name: horse_documents Authorized users update horse document review data; Type: POLICY; Schema: public; Owner: postgres
--

CREATE POLICY "Authorized users update horse document review data" ON public.horse_documents FOR UPDATE TO authenticated USING (public.can_access_horse(horse_id)) WITH CHECK (public.can_access_horse(horse_id));


--
-- Name: organization_health_document_reviews Authorized users view association health reviews; Type: POLICY; Schema: public; Owner: postgres
--

CREATE POLICY "Authorized users view association health reviews" ON public.organization_health_document_reviews FOR SELECT TO authenticated USING ((public.is_platform_admin() OR public.is_org_member(organization_id) OR (EXISTS ( SELECT 1
   FROM public.horse_documents document
  WHERE ((document.id = organization_health_document_reviews.horse_document_id) AND public.can_manage_horse_identity(document.horse_id))))));


--
-- Name: contact_external_identifiers Authorized users view contact external identifiers; Type: POLICY; Schema: public; Owner: postgres
--

CREATE POLICY "Authorized users view contact external identifiers" ON public.contact_external_identifiers FOR SELECT TO authenticated USING (public.can_access_contact(contact_id));


--
-- Name: contact_insurance_evidence Authorized users view contact insurance evidence; Type: POLICY; Schema: public; Owner: postgres
--

CREATE POLICY "Authorized users view contact insurance evidence" ON public.contact_insurance_evidence FOR SELECT TO authenticated USING ((public.is_platform_admin() OR (EXISTS ( SELECT 1
   FROM public.contacts contact
  WHERE ((contact.id = contact_insurance_evidence.contact_id) AND (contact.linked_user_id = public.current_profile_id())))) OR (EXISTS ( SELECT 1
   FROM (public.directory_contacts directory_contact
     JOIN public.organization_disciplines directory ON ((directory.id = directory_contact.organization_discipline_id)))
  WHERE ((directory_contact.contact_id = contact_insurance_evidence.contact_id) AND public.is_org_member(directory.organization_id))))));


--
-- Name: external_data_snapshot_contacts Authorized users view contact snapshot links; Type: POLICY; Schema: public; Owner: postgres
--

CREATE POLICY "Authorized users view contact snapshot links" ON public.external_data_snapshot_contacts FOR SELECT TO authenticated USING (public.can_access_contact(contact_id));


--
-- Name: directory_contacts Authorized users view directory contacts; Type: POLICY; Schema: public; Owner: postgres
--

CREATE POLICY "Authorized users view directory contacts" ON public.directory_contacts FOR SELECT TO authenticated USING ((public.is_platform_admin() OR (EXISTS ( SELECT 1
   FROM public.organization_disciplines directory
  WHERE ((directory.id = directory_contacts.organization_discipline_id) AND public.is_org_member(directory.organization_id)))) OR public.can_access_contact(contact_id)));


--
-- Name: directory_horses Authorized users view directory horses; Type: POLICY; Schema: public; Owner: postgres
--

CREATE POLICY "Authorized users view directory horses" ON public.directory_horses FOR SELECT TO authenticated USING ((public.is_platform_admin() OR (EXISTS ( SELECT 1
   FROM public.organization_disciplines directory
  WHERE ((directory.id = directory_horses.organization_discipline_id) AND public.is_org_member(directory.organization_id)))) OR public.can_access_horse(horse_id)));


--
-- Name: external_data_snapshots Authorized users view external data snapshots; Type: POLICY; Schema: public; Owner: postgres
--

CREATE POLICY "Authorized users view external data snapshots" ON public.external_data_snapshots FOR SELECT TO authenticated USING ((public.is_platform_admin() OR (created_by_user_id = public.current_profile_id()) OR (EXISTS ( SELECT 1
   FROM public.external_data_snapshot_contacts link
  WHERE ((link.snapshot_id = external_data_snapshots.id) AND public.can_access_contact(link.contact_id)))) OR (EXISTS ( SELECT 1
   FROM public.external_data_snapshot_horses link
  WHERE ((link.snapshot_id = external_data_snapshots.id) AND public.can_access_horse(link.horse_id)))) OR (EXISTS ( SELECT 1
   FROM public.team_eligibility_snapshots link
  WHERE ((link.snapshot_id = external_data_snapshots.id) AND public.can_access_horse(link.horse_id) AND public.can_access_contact(link.rider_contact_id))))));


--
-- Name: horse_document_validations Authorized users view horse document validations; Type: POLICY; Schema: public; Owner: postgres
--

CREATE POLICY "Authorized users view horse document validations" ON public.horse_document_validations FOR SELECT TO authenticated USING (public.can_access_horse(horse_id));


--
-- Name: horse_documents Authorized users view horse documents; Type: POLICY; Schema: public; Owner: postgres
--

CREATE POLICY "Authorized users view horse documents" ON public.horse_documents FOR SELECT TO authenticated USING (public.can_access_horse(horse_id));


--
-- Name: horse_external_identifiers Authorized users view horse external identifiers; Type: POLICY; Schema: public; Owner: postgres
--

CREATE POLICY "Authorized users view horse external identifiers" ON public.horse_external_identifiers FOR SELECT TO authenticated USING (public.can_access_horse(horse_id));


--
-- Name: horse_identity_corrections Authorized users view horse identity corrections; Type: POLICY; Schema: public; Owner: postgres
--

CREATE POLICY "Authorized users view horse identity corrections" ON public.horse_identity_corrections FOR SELECT TO authenticated USING (public.can_access_horse(horse_id));


--
-- Name: external_data_snapshot_horses Authorized users view horse snapshot links; Type: POLICY; Schema: public; Owner: postgres
--

CREATE POLICY "Authorized users view horse snapshot links" ON public.external_data_snapshot_horses FOR SELECT TO authenticated USING (public.can_access_horse(horse_id));


--
-- Name: incentive_program_nominations Authorized users view incentive nominations; Type: POLICY; Schema: public; Owner: postgres
--

CREATE POLICY "Authorized users view incentive nominations" ON public.incentive_program_nominations FOR SELECT TO authenticated USING ((public.is_platform_admin() OR public.is_org_member(organization_id) OR public.can_access_horse(horse_id)));


--
-- Name: team_eligibility_decisions Authorized users view team eligibility decisions; Type: POLICY; Schema: public; Owner: postgres
--

CREATE POLICY "Authorized users view team eligibility decisions" ON public.team_eligibility_decisions FOR SELECT TO authenticated USING ((public.is_platform_admin() OR public.is_org_member(organization_id) OR (created_by_user_id = public.current_profile_id()) OR (public.can_access_horse(horse_id) AND public.can_access_contact(rider_contact_id))));


--
-- Name: team_eligibility_snapshots Authorized users view team eligibility snapshots; Type: POLICY; Schema: public; Owner: postgres
--

CREATE POLICY "Authorized users view team eligibility snapshots" ON public.team_eligibility_snapshots FOR SELECT TO authenticated USING ((public.is_platform_admin() OR (public.can_access_horse(horse_id) AND public.can_access_contact(rider_contact_id))));


--
-- Name: organization_health_policies Health policies are readable; Type: POLICY; Schema: public; Owner: postgres
--

CREATE POLICY "Health policies are readable" ON public.organization_health_policies FOR SELECT TO authenticated, anon USING (true);


--
-- Name: horses Horse owners and agents can delete global horses; Type: POLICY; Schema: public; Owner: postgres
--

CREATE POLICY "Horse owners and agents can delete global horses" ON public.horses FOR DELETE TO authenticated USING (public.can_manage_horse_identity(id));


--
-- Name: horses Horse owners and agents can update global horses; Type: POLICY; Schema: public; Owner: postgres
--

CREATE POLICY "Horse owners and agents can update global horses" ON public.horses FOR UPDATE TO authenticated USING (public.can_manage_horse_identity(id)) WITH CHECK ((public.can_manage_horse_identity(id) AND public.can_access_contact(primary_owner_contact_id)));


--
-- Name: horse_contacts Identity managers can create horse contacts; Type: POLICY; Schema: public; Owner: postgres
--

CREATE POLICY "Identity managers can create horse contacts" ON public.horse_contacts FOR INSERT TO authenticated WITH CHECK ((public.is_platform_admin() OR (((role)::text <> 'co-owner'::text) AND public.can_manage_horse_identity(horse_id) AND public.can_access_contact(contact_id))));


--
-- Name: horse_contacts Identity managers can delete horse contacts; Type: POLICY; Schema: public; Owner: postgres
--

CREATE POLICY "Identity managers can delete horse contacts" ON public.horse_contacts FOR DELETE TO authenticated USING ((public.is_platform_admin() OR (((role)::text <> 'co-owner'::text) AND public.can_manage_horse_identity(horse_id))));


--
-- Name: horse_contacts Identity managers can update horse contacts; Type: POLICY; Schema: public; Owner: postgres
--

CREATE POLICY "Identity managers can update horse contacts" ON public.horse_contacts FOR UPDATE TO authenticated USING ((public.is_platform_admin() OR (((role)::text <> 'co-owner'::text) AND public.can_manage_horse_identity(horse_id)))) WITH CHECK ((public.is_platform_admin() OR (((role)::text <> 'co-owner'::text) AND public.can_manage_horse_identity(horse_id) AND public.can_access_contact(contact_id))));


--
-- Name: horse_documents Identity managers delete unverified horse documents; Type: POLICY; Schema: public; Owner: postgres
--

CREATE POLICY "Identity managers delete unverified horse documents" ON public.horse_documents FOR DELETE TO authenticated USING ((public.is_platform_admin() OR (public.can_manage_horse_identity(horse_id) AND ((status)::text = 'pending_review'::text))));


--
-- Name: contacts Identity owners can delete global contacts; Type: POLICY; Schema: public; Owner: postgres
--

CREATE POLICY "Identity owners can delete global contacts" ON public.contacts FOR DELETE TO authenticated USING (public.can_manage_contact_identity(id));


--
-- Name: contacts Identity owners can update global contacts; Type: POLICY; Schema: public; Owner: postgres
--

CREATE POLICY "Identity owners can update global contacts" ON public.contacts FOR UPDATE TO authenticated USING (public.can_manage_contact_identity(id)) WITH CHECK (public.can_manage_contact_identity(id));


--
-- Name: invoice_line_items Invoice viewers can view line items; Type: POLICY; Schema: public; Owner: postgres
--

CREATE POLICY "Invoice viewers can view line items" ON public.invoice_line_items FOR SELECT USING ((EXISTS ( SELECT 1
   FROM public.invoices i
  WHERE ((i.id = invoice_line_items.invoice_id) AND (public.is_platform_admin() OR public.is_org_member(i.organization_id, ARRAY['admin'::text, 'secretary'::text]) OR public.has_show_role(i.show_id, ARRAY['secretary'::text]) OR public.can_access_contact(i.payer_contact_id))))));


--
-- Name: payments Invoice viewers can view payments; Type: POLICY; Schema: public; Owner: postgres
--

CREATE POLICY "Invoice viewers can view payments" ON public.payments FOR SELECT USING ((EXISTS ( SELECT 1
   FROM public.invoices i
  WHERE ((i.id = payments.invoice_id) AND (public.is_platform_admin() OR public.is_org_member(i.organization_id, ARRAY['admin'::text, 'secretary'::text]) OR public.has_show_role(i.show_id, ARRAY['secretary'::text]) OR public.can_access_contact(i.payer_contact_id))))));


--
-- Name: organizations Linked contacts can view organizations; Type: POLICY; Schema: public; Owner: postgres
--

CREATE POLICY "Linked contacts can view organizations" ON public.organizations FOR SELECT USING (public.has_linked_contact_in_org(id));


--
-- Name: show_days Linked contacts can view show days; Type: POLICY; Schema: public; Owner: postgres
--

CREATE POLICY "Linked contacts can view show days" ON public.show_days FOR SELECT USING (public.has_linked_contact_in_org(organization_id));


--
-- Name: shows Linked contacts can view shows; Type: POLICY; Schema: public; Owner: postgres
--

CREATE POLICY "Linked contacts can view shows" ON public.shows FOR SELECT USING (public.has_linked_contact_in_org(organization_id));


--
-- Name: stall_options Linked contacts can view stall options; Type: POLICY; Schema: public; Owner: postgres
--

CREATE POLICY "Linked contacts can view stall options" ON public.stall_options FOR SELECT USING (public.has_linked_contact_in_org(organization_id));


--
-- Name: contact_organization_memberships Linked users can create own internal memberships; Type: POLICY; Schema: public; Owner: postgres
--

CREATE POLICY "Linked users can create own internal memberships" ON public.contact_organization_memberships FOR INSERT TO authenticated WITH CHECK (((sold_by_user_id = public.current_profile_id()) AND (show_id IS NULL) AND (status = ANY (ARRAY['draft'::text, 'active'::text])) AND (EXISTS ( SELECT 1
   FROM public.organization_membership_types membership_type
  WHERE ((membership_type.id = contact_organization_memberships.membership_type_id) AND (membership_type.organization_id = contact_organization_memberships.organization_id) AND membership_type.is_active))) AND (EXISTS ( SELECT 1
   FROM public.contacts contact
  WHERE ((contact.id = contact_organization_memberships.contact_id) AND (contact.linked_user_id = public.current_profile_id()) AND public.contact_is_linked_to_org(contact.id, contact_organization_memberships.organization_id)))) AND ((payer_contact_id IS NULL) OR (payer_contact_id = contact_id) OR (EXISTS ( SELECT 1
   FROM public.contacts payer
  WHERE ((payer.id = contact_organization_memberships.payer_contact_id) AND (payer.linked_user_id = public.current_profile_id()) AND public.contact_is_linked_to_org(payer.id, contact_organization_memberships.organization_id)))))));


--
-- Name: organization_membership_types Linked users can view active internal membership types; Type: POLICY; Schema: public; Owner: postgres
--

CREATE POLICY "Linked users can view active internal membership types" ON public.organization_membership_types FOR SELECT TO authenticated USING ((is_active AND (EXISTS ( SELECT 1
   FROM public.contacts contact
  WHERE ((contact.linked_user_id = public.current_profile_id()) AND public.contact_is_linked_to_org(contact.id, organization_membership_types.organization_id))))));


--
-- Name: organizations Linked users can view organizations for their contacts; Type: POLICY; Schema: public; Owner: postgres
--

CREATE POLICY "Linked users can view organizations for their contacts" ON public.organizations FOR SELECT TO authenticated USING ((EXISTS ( SELECT 1
   FROM public.contacts contact
  WHERE ((contact.linked_user_id = public.current_profile_id()) AND public.contact_is_linked_to_org(contact.id, organizations.id)))));


--
-- Name: show_score_class_documents Managers can delete scanned class scoresheets; Type: POLICY; Schema: public; Owner: postgres
--

CREATE POLICY "Managers can delete scanned class scoresheets" ON public.show_score_class_documents FOR DELETE TO authenticated USING ((public.is_platform_admin() OR public.is_org_member(organization_id, ARRAY['admin'::text, 'secretary'::text])));


--
-- Name: show_score_class_documents Managers can insert scanned class scoresheets; Type: POLICY; Schema: public; Owner: postgres
--

CREATE POLICY "Managers can insert scanned class scoresheets" ON public.show_score_class_documents FOR INSERT TO authenticated WITH CHECK (((public.is_platform_admin() OR public.is_org_member(organization_id, ARRAY['admin'::text, 'secretary'::text])) AND (EXISTS ( SELECT 1
   FROM public.blocks class_row
  WHERE ((class_row.id = show_score_class_documents.class_id) AND (class_row.organization_id = show_score_class_documents.organization_id) AND (class_row.show_id = show_score_class_documents.show_id))))));


--
-- Name: show_score_class_documents Managers can update scanned class scoresheets; Type: POLICY; Schema: public; Owner: postgres
--

CREATE POLICY "Managers can update scanned class scoresheets" ON public.show_score_class_documents FOR UPDATE TO authenticated USING ((public.is_platform_admin() OR public.is_org_member(organization_id, ARRAY['admin'::text, 'secretary'::text]))) WITH CHECK (((public.is_platform_admin() OR public.is_org_member(organization_id, ARRAY['admin'::text, 'secretary'::text])) AND (EXISTS ( SELECT 1
   FROM public.blocks class_row
  WHERE ((class_row.id = show_score_class_documents.class_id) AND (class_row.organization_id = show_score_class_documents.organization_id) AND (class_row.show_id = show_score_class_documents.show_id))))));


--
-- Name: show_score_class_documents Members can read scanned class scoresheets; Type: POLICY; Schema: public; Owner: postgres
--

CREATE POLICY "Members can read scanned class scoresheets" ON public.show_score_class_documents FOR SELECT TO authenticated USING ((public.is_platform_admin() OR public.is_org_member(organization_id) OR public.showscore_scanned_scoresheet_is_public(class_id)));


--
-- Name: organization_membership_types Members can view internal membership types; Type: POLICY; Schema: public; Owner: postgres
--

CREATE POLICY "Members can view internal membership types" ON public.organization_membership_types FOR SELECT TO authenticated USING (public.is_org_member(organization_id));


--
-- Name: contact_organization_memberships Members can view internal memberships; Type: POLICY; Schema: public; Owner: postgres
--

CREATE POLICY "Members can view internal memberships" ON public.contact_organization_memberships FOR SELECT TO authenticated USING ((public.is_org_member(organization_id) OR (EXISTS ( SELECT 1
   FROM public.contacts contact
  WHERE ((contact.id = contact_organization_memberships.contact_id) AND (contact.linked_user_id = public.current_profile_id()))))));


--
-- Name: organization_members Members can view organization memberships; Type: POLICY; Schema: public; Owner: postgres
--

CREATE POLICY "Members can view organization memberships" ON public.organization_members FOR SELECT USING ((public.is_platform_admin() OR public.is_org_member(organization_id)));


--
-- Name: organization_products Members can view organization products; Type: POLICY; Schema: public; Owner: postgres
--

CREATE POLICY "Members can view organization products" ON public.organization_products FOR SELECT TO authenticated USING (public.is_org_member(organization_id));


--
-- Name: organizations Members can view organizations; Type: POLICY; Schema: public; Owner: postgres
--

CREATE POLICY "Members can view organizations" ON public.organizations FOR SELECT USING ((public.is_platform_admin() OR public.is_org_member(id)));


--
-- Name: show_roles Members can view show roles; Type: POLICY; Schema: public; Owner: postgres
--

CREATE POLICY "Members can view show roles" ON public.show_roles FOR SELECT USING ((public.is_platform_admin() OR public.is_org_member(organization_id) OR public.has_show_role(show_id)));


--
-- Name: association_invitations Org admins can manage invitations; Type: POLICY; Schema: public; Owner: postgres
--

CREATE POLICY "Org admins can manage invitations" ON public.association_invitations USING ((public.is_platform_admin() OR public.is_org_member(association_id, ARRAY['admin'::text]))) WITH CHECK ((public.is_platform_admin() OR public.is_org_member(association_id, ARRAY['admin'::text])));


--
-- Name: shows Organization admins can create shows; Type: POLICY; Schema: public; Owner: postgres
--

CREATE POLICY "Organization admins can create shows" ON public.shows FOR INSERT WITH CHECK ((public.is_platform_admin() OR public.is_org_member(organization_id, ARRAY['admin'::text])));


--
-- Name: shows Organization admins can delete shows; Type: POLICY; Schema: public; Owner: postgres
--

CREATE POLICY "Organization admins can delete shows" ON public.shows FOR DELETE USING ((public.is_platform_admin() OR public.is_org_member(organization_id, ARRAY['admin'::text])));


--
-- Name: organization_members Organization admins can manage memberships; Type: POLICY; Schema: public; Owner: postgres
--

CREATE POLICY "Organization admins can manage memberships" ON public.organization_members USING ((public.is_platform_admin() OR public.is_org_member(organization_id, ARRAY['admin'::text]))) WITH CHECK ((public.is_platform_admin() OR public.is_org_member(organization_id, ARRAY['admin'::text])));


--
-- Name: show_roles Organization admins can manage show roles; Type: POLICY; Schema: public; Owner: postgres
--

CREATE POLICY "Organization admins can manage show roles" ON public.show_roles USING ((public.is_platform_admin() OR public.is_org_member(organization_id, ARRAY['admin'::text]))) WITH CHECK ((public.is_platform_admin() OR public.is_org_member(organization_id, ARRAY['admin'::text])));


--
-- Name: organizations Organization admins can update organizations; Type: POLICY; Schema: public; Owner: postgres
--

CREATE POLICY "Organization admins can update organizations" ON public.organizations FOR UPDATE USING ((public.is_platform_admin() OR public.is_org_member(id, ARRAY['admin'::text]))) WITH CHECK ((public.is_platform_admin() OR public.is_org_member(id, ARRAY['admin'::text])));


--
-- Name: audit_events Organization admins can view audit events; Type: POLICY; Schema: public; Owner: postgres
--

CREATE POLICY "Organization admins can view audit events" ON public.audit_events FOR SELECT USING ((public.is_platform_admin() OR ((organization_id IS NOT NULL) AND public.is_org_member(organization_id, ARRAY['admin'::text]))));


--
-- Name: organization_discipline_governing_bodies Organization admins manage discipline governing body selections; Type: POLICY; Schema: public; Owner: postgres
--

CREATE POLICY "Organization admins manage discipline governing body selections" ON public.organization_discipline_governing_bodies TO authenticated USING ((public.is_platform_admin() OR (EXISTS ( SELECT 1
   FROM public.organization_disciplines directory
  WHERE ((directory.id = organization_discipline_governing_bodies.organization_discipline_id) AND public.is_org_member(directory.organization_id, ARRAY['admin'::text])))))) WITH CHECK ((public.is_platform_admin() OR (EXISTS ( SELECT 1
   FROM public.organization_disciplines directory
  WHERE ((directory.id = organization_discipline_governing_bodies.organization_discipline_id) AND public.is_org_member(directory.organization_id, ARRAY['admin'::text]))))));


--
-- Name: organization_members Organization creator can claim first admin membership; Type: POLICY; Schema: public; Owner: postgres
--

CREATE POLICY "Organization creator can claim first admin membership" ON public.organization_members FOR INSERT WITH CHECK (public.can_claim_first_org_admin(organization_id, user_id, (role)::text));


--
-- Name: organizations Organization creators can view pending organizations; Type: POLICY; Schema: public; Owner: postgres
--

CREATE POLICY "Organization creators can view pending organizations" ON public.organizations FOR SELECT USING ((created_by_user_id = public.current_profile_id()));


--
-- Name: class_templates Organization members can view class template divisions; Type: POLICY; Schema: public; Owner: postgres
--

CREATE POLICY "Organization members can view class template divisions" ON public.class_templates FOR SELECT USING ((public.is_platform_admin() OR public.is_org_member(organization_id)));


--
-- Name: block_templates Organization members can view class templates; Type: POLICY; Schema: public; Owner: postgres
--

CREATE POLICY "Organization members can view class templates" ON public.block_templates FOR SELECT USING ((public.is_platform_admin() OR public.is_org_member(organization_id)));


--
-- Name: block_concurrency_groups Organization members view block concurrency groups; Type: POLICY; Schema: public; Owner: postgres
--

CREATE POLICY "Organization members view block concurrency groups" ON public.block_concurrency_groups FOR SELECT USING ((public.is_platform_admin() OR public.is_org_member(organization_id)));


--
-- Name: block_concurrency_group_members Organization members view block concurrency members; Type: POLICY; Schema: public; Owner: postgres
--

CREATE POLICY "Organization members view block concurrency members" ON public.block_concurrency_group_members FOR SELECT USING ((public.is_platform_admin() OR (EXISTS ( SELECT 1
   FROM public.block_concurrency_groups bcg
  WHERE ((bcg.id = block_concurrency_group_members.group_id) AND public.is_org_member(bcg.organization_id))))));


--
-- Name: class_template_governing_bodies Organization members view class template governing bodies; Type: POLICY; Schema: public; Owner: postgres
--

CREATE POLICY "Organization members view class template governing bodies" ON public.class_template_governing_bodies FOR SELECT USING ((public.is_platform_admin() OR (EXISTS ( SELECT 1
   FROM public.class_templates ct
  WHERE ((ct.id = class_template_governing_bodies.class_template_id) AND public.is_org_member(ct.organization_id))))));


--
-- Name: organization_governing_bodies Organization members view configured governing bodies; Type: POLICY; Schema: public; Owner: postgres
--

CREATE POLICY "Organization members view configured governing bodies" ON public.organization_governing_bodies FOR SELECT TO authenticated USING ((public.is_platform_admin() OR public.is_org_member(organization_id)));


--
-- Name: organization_external_credential_requirements Organization members view credential requirements; Type: POLICY; Schema: public; Owner: postgres
--

CREATE POLICY "Organization members view credential requirements" ON public.organization_external_credential_requirements FOR SELECT TO authenticated USING (public.is_org_member(organization_id));


--
-- Name: organization_deadline_policies Organization members view deadline policies; Type: POLICY; Schema: public; Owner: postgres
--

CREATE POLICY "Organization members view deadline policies" ON public.organization_deadline_policies FOR SELECT TO authenticated USING ((public.is_platform_admin() OR public.is_org_member(organization_id)));


--
-- Name: organization_discipline_governing_bodies Organization members view discipline governing body selections; Type: POLICY; Schema: public; Owner: postgres
--

CREATE POLICY "Organization members view discipline governing body selections" ON public.organization_discipline_governing_bodies FOR SELECT TO authenticated USING ((public.is_platform_admin() OR (EXISTS ( SELECT 1
   FROM public.organization_disciplines directory
  WHERE ((directory.id = organization_discipline_governing_bodies.organization_discipline_id) AND public.is_org_member(directory.organization_id))))));


--
-- Name: eligibility_requirements Organization members view eligibility requirements; Type: POLICY; Schema: public; Owner: postgres
--

CREATE POLICY "Organization members view eligibility requirements" ON public.eligibility_requirements FOR SELECT TO authenticated USING ((public.is_platform_admin() OR public.is_org_member(organization_id)));


--
-- Name: organization_disciplines Organization members view organization disciplines; Type: POLICY; Schema: public; Owner: postgres
--

CREATE POLICY "Organization members view organization disciplines" ON public.organization_disciplines FOR SELECT TO authenticated USING ((public.is_platform_admin() OR public.is_org_member(organization_id)));


--
-- Name: slates Organization members view slates; Type: POLICY; Schema: public; Owner: postgres
--

CREATE POLICY "Organization members view slates" ON public.slates FOR SELECT TO authenticated USING ((public.is_platform_admin() OR public.is_org_member(organization_id)));


--
-- Name: organization_back_numbers Organization staff can create organization back numbers; Type: POLICY; Schema: public; Owner: postgres
--

CREATE POLICY "Organization staff can create organization back numbers" ON public.organization_back_numbers FOR INSERT WITH CHECK ((public.is_platform_admin() OR public.is_org_member(organization_id, ARRAY['admin'::text, 'secretary'::text])));


--
-- Name: organization_back_numbers Organization staff can delete organization back numbers; Type: POLICY; Schema: public; Owner: postgres
--

CREATE POLICY "Organization staff can delete organization back numbers" ON public.organization_back_numbers FOR DELETE USING ((public.is_platform_admin() OR public.is_org_member(organization_id, ARRAY['admin'::text, 'secretary'::text])));


--
-- Name: organization_back_numbers Organization staff can update organization back numbers; Type: POLICY; Schema: public; Owner: postgres
--

CREATE POLICY "Organization staff can update organization back numbers" ON public.organization_back_numbers FOR UPDATE USING ((public.is_platform_admin() OR public.is_org_member(organization_id, ARRAY['admin'::text, 'secretary'::text]))) WITH CHECK ((public.is_platform_admin() OR public.is_org_member(organization_id, ARRAY['admin'::text, 'secretary'::text])));


--
-- Name: class_templates Organization staff manage class template divisions; Type: POLICY; Schema: public; Owner: postgres
--

CREATE POLICY "Organization staff manage class template divisions" ON public.class_templates USING ((public.is_platform_admin() OR public.is_org_member(organization_id, ARRAY['admin'::text, 'secretary'::text]))) WITH CHECK ((public.is_platform_admin() OR public.is_org_member(organization_id, ARRAY['admin'::text, 'secretary'::text])));


--
-- Name: class_template_governing_bodies Organization staff manage class template governing bodies; Type: POLICY; Schema: public; Owner: postgres
--

CREATE POLICY "Organization staff manage class template governing bodies" ON public.class_template_governing_bodies USING ((public.is_platform_admin() OR (EXISTS ( SELECT 1
   FROM public.class_templates ct
  WHERE ((ct.id = class_template_governing_bodies.class_template_id) AND public.is_org_member(ct.organization_id, ARRAY['admin'::text, 'secretary'::text])))))) WITH CHECK ((public.is_platform_admin() OR (EXISTS ( SELECT 1
   FROM public.class_templates ct
  WHERE ((ct.id = class_template_governing_bodies.class_template_id) AND public.is_org_member(ct.organization_id, ARRAY['admin'::text, 'secretary'::text]))))));


--
-- Name: block_templates Organization staff manage class templates; Type: POLICY; Schema: public; Owner: postgres
--

CREATE POLICY "Organization staff manage class templates" ON public.block_templates USING ((public.is_platform_admin() OR public.is_org_member(organization_id, ARRAY['admin'::text, 'secretary'::text]))) WITH CHECK ((public.is_platform_admin() OR public.is_org_member(organization_id, ARRAY['admin'::text, 'secretary'::text])));


--
-- Name: organization_governing_bodies Organization staff manage configured governing bodies; Type: POLICY; Schema: public; Owner: postgres
--

CREATE POLICY "Organization staff manage configured governing bodies" ON public.organization_governing_bodies TO authenticated USING ((public.is_platform_admin() OR public.is_org_member(organization_id, ARRAY['admin'::text, 'secretary'::text]))) WITH CHECK ((public.is_platform_admin() OR public.is_org_member(organization_id, ARRAY['admin'::text, 'secretary'::text])));


--
-- Name: organization_external_credential_requirements Organization staff manage credential requirements; Type: POLICY; Schema: public; Owner: postgres
--

CREATE POLICY "Organization staff manage credential requirements" ON public.organization_external_credential_requirements TO authenticated USING (public.is_org_member(organization_id, ARRAY['admin'::text, 'secretary'::text])) WITH CHECK (public.is_org_member(organization_id, ARRAY['admin'::text, 'secretary'::text]));


--
-- Name: organization_deadline_policies Organization staff manage deadline policies; Type: POLICY; Schema: public; Owner: postgres
--

CREATE POLICY "Organization staff manage deadline policies" ON public.organization_deadline_policies TO authenticated USING ((public.is_platform_admin() OR public.is_org_member(organization_id, ARRAY['admin'::text, 'secretary'::text]))) WITH CHECK ((public.is_platform_admin() OR public.is_org_member(organization_id, ARRAY['admin'::text, 'secretary'::text])));


--
-- Name: eligibility_requirements Organization staff manage eligibility requirements; Type: POLICY; Schema: public; Owner: postgres
--

CREATE POLICY "Organization staff manage eligibility requirements" ON public.eligibility_requirements TO authenticated USING ((public.is_platform_admin() OR public.is_org_member(organization_id, ARRAY['admin'::text, 'secretary'::text]))) WITH CHECK ((public.is_platform_admin() OR public.is_org_member(organization_id, ARRAY['admin'::text, 'secretary'::text])));


--
-- Name: incentive_program_nominations Organization staff manage incentive nominations; Type: POLICY; Schema: public; Owner: postgres
--

CREATE POLICY "Organization staff manage incentive nominations" ON public.incentive_program_nominations TO authenticated USING ((public.is_platform_admin() OR public.is_org_member(organization_id, ARRAY['admin'::text, 'secretary'::text]))) WITH CHECK ((public.is_platform_admin() OR public.is_org_member(organization_id, ARRAY['admin'::text, 'secretary'::text])));


--
-- Name: incentive_programs Organization staff manage incentive programs; Type: POLICY; Schema: public; Owner: postgres
--

CREATE POLICY "Organization staff manage incentive programs" ON public.incentive_programs TO authenticated USING ((public.is_platform_admin() OR public.is_org_member(organization_id, ARRAY['admin'::text, 'secretary'::text]))) WITH CHECK ((public.is_platform_admin() OR public.is_org_member(organization_id, ARRAY['admin'::text, 'secretary'::text])));


--
-- Name: organization_disciplines Organization staff manage organization disciplines; Type: POLICY; Schema: public; Owner: postgres
--

CREATE POLICY "Organization staff manage organization disciplines" ON public.organization_disciplines TO authenticated USING ((public.is_platform_admin() OR public.is_org_member(organization_id, ARRAY['admin'::text, 'secretary'::text]))) WITH CHECK ((public.is_platform_admin() OR public.is_org_member(organization_id, ARRAY['admin'::text, 'secretary'::text])));


--
-- Name: slates Organization staff manage slates; Type: POLICY; Schema: public; Owner: postgres
--

CREATE POLICY "Organization staff manage slates" ON public.slates TO authenticated USING ((public.is_platform_admin() OR public.is_org_member(organization_id, ARRAY['admin'::text, 'secretary'::text]))) WITH CHECK ((public.is_platform_admin() OR public.is_org_member(organization_id, ARRAY['admin'::text, 'secretary'::text])));


--
-- Name: app_events Platform admins can read app events; Type: POLICY; Schema: public; Owner: postgres
--

CREATE POLICY "Platform admins can read app events" ON public.app_events FOR SELECT TO authenticated USING (public.is_platform_admin());


--
-- Name: team_eligibility_decisions Platform admins delete team eligibility decisions; Type: POLICY; Schema: public; Owner: postgres
--

CREATE POLICY "Platform admins delete team eligibility decisions" ON public.team_eligibility_decisions FOR DELETE TO authenticated USING (public.is_platform_admin());


--
-- Name: team_eligibility_snapshots Platform admins delete team eligibility snapshots; Type: POLICY; Schema: public; Owner: postgres
--

CREATE POLICY "Platform admins delete team eligibility snapshots" ON public.team_eligibility_snapshots FOR DELETE TO authenticated USING (public.is_platform_admin());


--
-- Name: nrha_rider_rankings Platform admins manage NRHA rider rankings; Type: POLICY; Schema: public; Owner: postgres
--

CREATE POLICY "Platform admins manage NRHA rider rankings" ON public.nrha_rider_rankings USING (public.is_platform_admin()) WITH CHECK (public.is_platform_admin());


--
-- Name: external_credential_issuers Platform admins manage credential issuers; Type: POLICY; Schema: public; Owner: postgres
--

CREATE POLICY "Platform admins manage credential issuers" ON public.external_credential_issuers TO authenticated USING (public.is_platform_admin()) WITH CHECK (public.is_platform_admin());


--
-- Name: external_credential_products Platform admins manage credential products; Type: POLICY; Schema: public; Owner: postgres
--

CREATE POLICY "Platform admins manage credential products" ON public.external_credential_products TO authenticated USING (public.is_platform_admin()) WITH CHECK (public.is_platform_admin());


--
-- Name: discipline_credential_issuers Platform admins manage discipline credential issuers; Type: POLICY; Schema: public; Owner: postgres
--

CREATE POLICY "Platform admins manage discipline credential issuers" ON public.discipline_credential_issuers TO authenticated USING (public.is_platform_admin()) WITH CHECK (public.is_platform_admin());


--
-- Name: discipline_governing_bodies Platform admins manage discipline governing bodies; Type: POLICY; Schema: public; Owner: postgres
--

CREATE POLICY "Platform admins manage discipline governing bodies" ON public.discipline_governing_bodies TO authenticated USING (public.is_platform_admin()) WITH CHECK (public.is_platform_admin());


--
-- Name: disciplines Platform admins manage disciplines; Type: POLICY; Schema: public; Owner: postgres
--

CREATE POLICY "Platform admins manage disciplines" ON public.disciplines TO authenticated USING (public.is_platform_admin()) WITH CHECK (public.is_platform_admin());


--
-- Name: external_data_sources Platform admins manage external data sources; Type: POLICY; Schema: public; Owner: postgres
--

CREATE POLICY "Platform admins manage external data sources" ON public.external_data_sources TO authenticated USING (public.is_platform_admin()) WITH CHECK (public.is_platform_admin());


--
-- Name: external_source_governing_bodies Platform admins manage external source body links; Type: POLICY; Schema: public; Owner: postgres
--

CREATE POLICY "Platform admins manage external source body links" ON public.external_source_governing_bodies TO authenticated USING (public.is_platform_admin()) WITH CHECK (public.is_platform_admin());


--
-- Name: governing_bodies Platform admins manage governing bodies; Type: POLICY; Schema: public; Owner: postgres
--

CREATE POLICY "Platform admins manage governing bodies" ON public.governing_bodies TO authenticated USING (public.is_platform_admin()) WITH CHECK (public.is_platform_admin());


--
-- Name: credential_issuer_governing_bodies Platform admins manage issuer governing body links; Type: POLICY; Schema: public; Owner: postgres
--

CREATE POLICY "Platform admins manage issuer governing body links" ON public.credential_issuer_governing_bodies TO authenticated USING (public.is_platform_admin()) WITH CHECK (public.is_platform_admin());


--
-- Name: platform_admins Platform admins manage platform admins; Type: POLICY; Schema: public; Owner: postgres
--

CREATE POLICY "Platform admins manage platform admins" ON public.platform_admins USING (public.is_platform_admin()) WITH CHECK (public.is_platform_admin());


--
-- Name: sanctioning_bodies Platform admins manage sanctioning bodies; Type: POLICY; Schema: public; Owner: postgres
--

CREATE POLICY "Platform admins manage sanctioning bodies" ON public.sanctioning_bodies USING (public.is_platform_admin()) WITH CHECK (public.is_platform_admin());


--
-- Name: external_data_snapshots Platform admins update or delete external data snapshots; Type: POLICY; Schema: public; Owner: postgres
--

CREATE POLICY "Platform admins update or delete external data snapshots" ON public.external_data_snapshots TO authenticated USING (public.is_platform_admin()) WITH CHECK (public.is_platform_admin());


--
-- Name: blocks Public and members can view classes; Type: POLICY; Schema: public; Owner: postgres
--

CREATE POLICY "Public and members can view classes" ON public.blocks FOR SELECT USING ((public.is_platform_admin() OR public.is_org_member(organization_id) OR (schedule_is_public AND (EXISTS ( SELECT 1
   FROM public.shows s
  WHERE ((s.id = blocks.show_id) AND (s.is_public OR s.show_schedule_public)))))));


--
-- Name: classes Public and members can view divisions; Type: POLICY; Schema: public; Owner: postgres
--

CREATE POLICY "Public and members can view divisions" ON public.classes FOR SELECT USING ((public.is_platform_admin() OR public.is_org_member(organization_id) OR (EXISTS ( SELECT 1
   FROM (public.blocks c
     JOIN public.shows s ON ((s.id = c.show_id)))
  WHERE ((c.id = classes.block_id) AND c.schedule_is_public AND (s.is_public OR s.show_schedule_public))))));


--
-- Name: show_days Public and members can view show days; Type: POLICY; Schema: public; Owner: postgres
--

CREATE POLICY "Public and members can view show days" ON public.show_days FOR SELECT USING ((public.is_platform_admin() OR public.is_org_member(organization_id) OR (EXISTS ( SELECT 1
   FROM public.shows s
  WHERE ((s.id = show_days.show_id) AND (s.is_public OR s.show_schedule_public))))));


--
-- Name: shows Public and members can view shows; Type: POLICY; Schema: public; Owner: postgres
--

CREATE POLICY "Public and members can view shows" ON public.shows FOR SELECT USING ((is_public OR public.is_platform_admin() OR public.is_org_member(organization_id)));


--
-- Name: stall_options Public and members can view stall options; Type: POLICY; Schema: public; Owner: postgres
--

CREATE POLICY "Public and members can view stall options" ON public.stall_options FOR SELECT USING ((public.is_platform_admin() OR public.is_org_member(organization_id) OR (EXISTS ( SELECT 1
   FROM public.shows s
  WHERE ((s.id = stall_options.show_id) AND s.is_public)))));


--
-- Name: payout_awards Public can read published payout awards; Type: POLICY; Schema: public; Owner: postgres
--

CREATE POLICY "Public can read published payout awards" ON public.payout_awards FOR SELECT TO authenticated, anon USING ((EXISTS ( SELECT 1
   FROM (public.payout_calculations calculation
     JOIN public.shows show ON ((show.id = calculation.show_id)))
  WHERE ((calculation.id = payout_awards.calculation_id) AND (calculation.status = 'published'::text) AND (show.is_public = true)))));


--
-- Name: payout_calculations Public can read published payout calculations; Type: POLICY; Schema: public; Owner: postgres
--

CREATE POLICY "Public can read published payout calculations" ON public.payout_calculations FOR SELECT TO authenticated, anon USING (((status = 'published'::text) AND (EXISTS ( SELECT 1
   FROM public.shows show
  WHERE ((show.id = payout_calculations.show_id) AND (show.is_public = true))))));


--
-- Name: show_score_class_documents Public can read scanned scoresheets for visible classes; Type: POLICY; Schema: public; Owner: postgres
--

CREATE POLICY "Public can read scanned scoresheets for visible classes" ON public.show_score_class_documents FOR SELECT TO authenticated, anon USING (public.showscore_scanned_scoresheet_is_public(class_id));


--
-- Name: horse_contacts Related users can view horse contacts; Type: POLICY; Schema: public; Owner: postgres
--

CREATE POLICY "Related users can view horse contacts" ON public.horse_contacts FOR SELECT TO authenticated USING ((public.is_platform_admin() OR public.can_access_horse(horse_id) OR public.can_access_contact(contact_id)));


--
-- Name: shows Show managers can update shows; Type: POLICY; Schema: public; Owner: postgres
--

CREATE POLICY "Show managers can update shows" ON public.shows FOR UPDATE USING ((public.is_platform_admin() OR public.is_org_member(organization_id, ARRAY['admin'::text]) OR public.has_show_role(id, ARRAY['organizer'::text]))) WITH CHECK ((public.is_platform_admin() OR public.is_org_member(organization_id, ARRAY['admin'::text]) OR public.has_show_role(id, ARRAY['organizer'::text])));


--
-- Name: blocks Show organizers manage classes; Type: POLICY; Schema: public; Owner: postgres
--

CREATE POLICY "Show organizers manage classes" ON public.blocks USING (public.can_manage_show(show_id, ARRAY['organizer'::text])) WITH CHECK (public.can_manage_show(show_id, ARRAY['organizer'::text]));


--
-- Name: classes Show organizers manage divisions; Type: POLICY; Schema: public; Owner: postgres
--

CREATE POLICY "Show organizers manage divisions" ON public.classes USING (public.can_manage_show(show_id, ARRAY['organizer'::text])) WITH CHECK (public.can_manage_show(show_id, ARRAY['organizer'::text]));


--
-- Name: show_days Show organizers manage show days; Type: POLICY; Schema: public; Owner: postgres
--

CREATE POLICY "Show organizers manage show days" ON public.show_days USING (public.can_manage_show(show_id, ARRAY['organizer'::text])) WITH CHECK (public.can_manage_show(show_id, ARRAY['organizer'::text]));


--
-- Name: stall_options Show organizers manage stall options; Type: POLICY; Schema: public; Owner: postgres
--

CREATE POLICY "Show organizers manage stall options" ON public.stall_options USING (public.can_manage_show(show_id, ARRAY['organizer'::text])) WITH CHECK (public.can_manage_show(show_id, ARRAY['organizer'::text]));


--
-- Name: block_concurrency_groups Show staff manage block concurrency groups; Type: POLICY; Schema: public; Owner: postgres
--

CREATE POLICY "Show staff manage block concurrency groups" ON public.block_concurrency_groups USING ((public.is_platform_admin() OR public.is_org_member(organization_id, ARRAY['admin'::text, 'secretary'::text]) OR public.can_manage_show(show_id, ARRAY['organizer'::text, 'secretary'::text]))) WITH CHECK ((public.is_platform_admin() OR public.is_org_member(organization_id, ARRAY['admin'::text, 'secretary'::text]) OR public.can_manage_show(show_id, ARRAY['organizer'::text, 'secretary'::text])));


--
-- Name: block_concurrency_group_members Show staff manage block concurrency members; Type: POLICY; Schema: public; Owner: postgres
--

CREATE POLICY "Show staff manage block concurrency members" ON public.block_concurrency_group_members USING ((public.is_platform_admin() OR (EXISTS ( SELECT 1
   FROM public.block_concurrency_groups bcg
  WHERE ((bcg.id = block_concurrency_group_members.group_id) AND (public.is_org_member(bcg.organization_id, ARRAY['admin'::text, 'secretary'::text]) OR public.can_manage_show(bcg.show_id, ARRAY['organizer'::text, 'secretary'::text]))))))) WITH CHECK ((public.is_platform_admin() OR (EXISTS ( SELECT 1
   FROM public.block_concurrency_groups bcg
  WHERE ((bcg.id = block_concurrency_group_members.group_id) AND (public.is_org_member(bcg.organization_id, ARRAY['admin'::text, 'secretary'::text]) OR public.can_manage_show(bcg.show_id, ARRAY['organizer'::text, 'secretary'::text])))))));


--
-- Name: block_judge_assignments Show staff manage block judges; Type: POLICY; Schema: public; Owner: postgres
--

CREATE POLICY "Show staff manage block judges" ON public.block_judge_assignments USING ((public.is_platform_admin() OR public.is_org_member(organization_id, ARRAY['admin'::text, 'secretary'::text]) OR public.can_manage_show(show_id, ARRAY['organizer'::text, 'secretary'::text]))) WITH CHECK ((public.is_platform_admin() OR public.is_org_member(organization_id, ARRAY['admin'::text, 'secretary'::text]) OR public.can_manage_show(show_id, ARRAY['organizer'::text, 'secretary'::text])));


--
-- Name: class_governing_bodies Show staff manage class governing bodies; Type: POLICY; Schema: public; Owner: postgres
--

CREATE POLICY "Show staff manage class governing bodies" ON public.class_governing_bodies USING ((public.is_platform_admin() OR (EXISTS ( SELECT 1
   FROM public.classes c
  WHERE ((c.id = class_governing_bodies.class_id) AND (public.is_org_member(c.organization_id, ARRAY['admin'::text, 'secretary'::text]) OR public.can_manage_show(c.show_id, ARRAY['organizer'::text, 'secretary'::text]))))))) WITH CHECK ((public.is_platform_admin() OR (EXISTS ( SELECT 1
   FROM public.classes c
  WHERE ((c.id = class_governing_bodies.class_id) AND (public.is_org_member(c.organization_id, ARRAY['admin'::text, 'secretary'::text]) OR public.can_manage_show(c.show_id, ARRAY['organizer'::text, 'secretary'::text])))))));


--
-- Name: show_score_block_setups ShowScore managers can manage class setups; Type: POLICY; Schema: public; Owner: postgres
--

CREATE POLICY "ShowScore managers can manage class setups" ON public.show_score_block_setups USING (public.can_manage_show_score_class(block_id, ARRAY['organizer'::text, 'secretary'::text])) WITH CHECK (public.can_manage_show_score_class(block_id, ARRAY['organizer'::text, 'secretary'::text]));


--
-- Name: show_score_official_results ShowScore managers can manage official results; Type: POLICY; Schema: public; Owner: postgres
--

CREATE POLICY "ShowScore managers can manage official results" ON public.show_score_official_results USING (public.can_manage_show_score_class(block_id, ARRAY['organizer'::text, 'secretary'::text])) WITH CHECK (public.can_manage_show_score_class(block_id, ARRAY['organizer'::text, 'secretary'::text]));


--
-- Name: show_score_paid_warmups ShowScore managers can manage paid warmups; Type: POLICY; Schema: public; Owner: postgres
--

CREATE POLICY "ShowScore managers can manage paid warmups" ON public.show_score_paid_warmups USING (public.can_manage_show_score_show(show_id, ARRAY['organizer'::text, 'secretary'::text])) WITH CHECK (public.can_manage_show_score_show(show_id, ARRAY['organizer'::text, 'secretary'::text]));


--
-- Name: show_score_publication_states ShowScore managers can manage publication states; Type: POLICY; Schema: public; Owner: postgres
--

CREATE POLICY "ShowScore managers can manage publication states" ON public.show_score_publication_states USING (public.can_manage_show_score_class(block_id, ARRAY['organizer'::text, 'secretary'::text])) WITH CHECK (public.can_manage_show_score_class(block_id, ARRAY['organizer'::text, 'secretary'::text]));


--
-- Name: show_score_championship_seasons ShowScore managers delete championship seasons; Type: POLICY; Schema: public; Owner: postgres
--

CREATE POLICY "ShowScore managers delete championship seasons" ON public.show_score_championship_seasons FOR DELETE TO authenticated USING (public.showscore_current_user_can_manage_organization(organization_id));


--
-- Name: show_score_public_championship_seasons ShowScore managers delete public championship seasons; Type: POLICY; Schema: public; Owner: postgres
--

CREATE POLICY "ShowScore managers delete public championship seasons" ON public.show_score_public_championship_seasons FOR DELETE TO authenticated USING (public.showscore_current_user_can_manage_organization(organization_id));


--
-- Name: show_score_championship_seasons ShowScore managers insert championship seasons; Type: POLICY; Schema: public; Owner: postgres
--

CREATE POLICY "ShowScore managers insert championship seasons" ON public.show_score_championship_seasons FOR INSERT TO authenticated WITH CHECK (public.showscore_current_user_can_manage_organization(organization_id));


--
-- Name: show_score_public_championship_seasons ShowScore managers insert public championship seasons; Type: POLICY; Schema: public; Owner: postgres
--

CREATE POLICY "ShowScore managers insert public championship seasons" ON public.show_score_public_championship_seasons FOR INSERT TO authenticated WITH CHECK (((status = ANY (ARRAY['published'::text, 'final'::text])) AND public.showscore_current_user_can_manage_organization(organization_id)));


--
-- Name: show_score_championship_seasons ShowScore managers read championship seasons; Type: POLICY; Schema: public; Owner: postgres
--

CREATE POLICY "ShowScore managers read championship seasons" ON public.show_score_championship_seasons FOR SELECT TO authenticated USING (public.showscore_current_user_can_manage_organization(organization_id));


--
-- Name: show_score_championship_update_campaigns ShowScore managers read championship update campaigns; Type: POLICY; Schema: public; Owner: postgres
--

CREATE POLICY "ShowScore managers read championship update campaigns" ON public.show_score_championship_update_campaigns FOR SELECT TO authenticated USING (public.showscore_current_user_can_manage_organization(organization_id));


--
-- Name: show_score_championship_update_deliveries ShowScore managers read championship update deliveries; Type: POLICY; Schema: public; Owner: postgres
--

CREATE POLICY "ShowScore managers read championship update deliveries" ON public.show_score_championship_update_deliveries FOR SELECT TO authenticated USING ((EXISTS ( SELECT 1
   FROM public.show_score_championship_update_campaigns campaign
  WHERE ((campaign.id = show_score_championship_update_deliveries.campaign_id) AND public.showscore_current_user_can_manage_organization(campaign.organization_id)))));


--
-- Name: show_score_championship_update_subscribers ShowScore managers read championship update subscribers; Type: POLICY; Schema: public; Owner: postgres
--

CREATE POLICY "ShowScore managers read championship update subscribers" ON public.show_score_championship_update_subscribers FOR SELECT TO authenticated USING (public.showscore_current_user_can_manage_organization(organization_id));


--
-- Name: show_score_championship_seasons ShowScore managers update championship seasons; Type: POLICY; Schema: public; Owner: postgres
--

CREATE POLICY "ShowScore managers update championship seasons" ON public.show_score_championship_seasons FOR UPDATE TO authenticated USING (public.showscore_current_user_can_manage_organization(organization_id)) WITH CHECK (public.showscore_current_user_can_manage_organization(organization_id));


--
-- Name: show_score_public_championship_seasons ShowScore managers update public championship seasons; Type: POLICY; Schema: public; Owner: postgres
--

CREATE POLICY "ShowScore managers update public championship seasons" ON public.show_score_public_championship_seasons FOR UPDATE TO authenticated USING (public.showscore_current_user_can_manage_organization(organization_id)) WITH CHECK (((status = ANY (ARRAY['published'::text, 'final'::text])) AND public.showscore_current_user_can_manage_organization(organization_id)));


--
-- Name: show_score_announcer_live_sessions ShowScore public can view announcer live sessions; Type: POLICY; Schema: public; Owner: postgres
--

CREATE POLICY "ShowScore public can view announcer live sessions" ON public.show_score_announcer_live_sessions FOR SELECT TO authenticated, anon USING ((public.showscore_public_class_exists(class_id) OR (EXISTS ( SELECT 1
   FROM (public.blocks target_block
     JOIN public.shows target_show ON ((target_show.id = target_block.show_id)))
  WHERE ((target_block.id = show_score_announcer_live_sessions.class_id) AND (public.is_platform_admin() OR public.is_org_member(target_show.organization_id) OR public.has_show_role(target_show.id)))))));


--
-- Name: block_result_publications ShowScore public can view published class result publications; Type: POLICY; Schema: public; Owner: postgres
--

CREATE POLICY "ShowScore public can view published class result publications" ON public.block_result_publications FOR SELECT TO authenticated, anon USING (((status = 'published'::text) AND public.showscore_public_class_exists(block_id)));


--
-- Name: show_score_block_setups ShowScore public can view visible class setups; Type: POLICY; Schema: public; Owner: postgres
--

CREATE POLICY "ShowScore public can view visible class setups" ON public.show_score_block_setups FOR SELECT TO authenticated, anon USING (public.showscore_public_class_exists(block_id));


--
-- Name: blocks ShowScore public can view visible classes; Type: POLICY; Schema: public; Owner: postgres
--

CREATE POLICY "ShowScore public can view visible classes" ON public.blocks FOR SELECT TO authenticated, anon USING (((schedule_is_public = true) AND public.showscore_public_show_exists(show_id)));


--
-- Name: show_score_judge_sessions ShowScore public can view visible judge sessions; Type: POLICY; Schema: public; Owner: postgres
--

CREATE POLICY "ShowScore public can view visible judge sessions" ON public.show_score_judge_sessions FOR SELECT TO authenticated, anon USING (public.showscore_public_live_class_exists(block_id));


--
-- Name: show_score_official_results ShowScore public can view visible official results; Type: POLICY; Schema: public; Owner: postgres
--

CREATE POLICY "ShowScore public can view visible official results" ON public.show_score_official_results FOR SELECT TO authenticated, anon USING (((finalized = true) AND (EXISTS ( SELECT 1
   FROM public.show_score_publication_states publication
  WHERE ((publication.block_id = show_score_official_results.block_id) AND (publication.status = ANY (ARRAY['official'::text, 'published'::text]))))) AND public.showscore_public_class_exists(block_id)));


--
-- Name: show_score_paid_warmups ShowScore public can view visible paid warmups; Type: POLICY; Schema: public; Owner: postgres
--

CREATE POLICY "ShowScore public can view visible paid warmups" ON public.show_score_paid_warmups FOR SELECT TO authenticated, anon USING (((is_public_live = true) AND public.showscore_public_show_exists(show_id)));


--
-- Name: show_score_publication_states ShowScore public can view visible publication states; Type: POLICY; Schema: public; Owner: postgres
--

CREATE POLICY "ShowScore public can view visible publication states" ON public.show_score_publication_states FOR SELECT TO authenticated, anon USING (((status = ANY (ARRAY['live'::text, 'live_no_score'::text, 'live_scoring'::text, 'live_finished'::text, 'official'::text, 'published'::text])) AND public.showscore_public_class_exists(block_id)));


--
-- Name: show_score_scoring_sessions ShowScore public can view visible scoring sessions; Type: POLICY; Schema: public; Owner: postgres
--

CREATE POLICY "ShowScore public can view visible scoring sessions" ON public.show_score_scoring_sessions FOR SELECT TO authenticated, anon USING (public.showscore_public_live_class_exists(block_id));


--
-- Name: show_days ShowScore public can view visible show days; Type: POLICY; Schema: public; Owner: postgres
--

CREATE POLICY "ShowScore public can view visible show days" ON public.show_days FOR SELECT TO authenticated, anon USING (public.showscore_public_show_exists(show_id));


--
-- Name: shows ShowScore public can view visible shows; Type: POLICY; Schema: public; Owner: postgres
--

CREATE POLICY "ShowScore public can view visible shows" ON public.shows FOR SELECT TO authenticated, anon USING (public.showscore_public_show_exists(id));


--
-- Name: show_score_judge_sessions ShowScore scorers can manage judge sessions; Type: POLICY; Schema: public; Owner: postgres
--

CREATE POLICY "ShowScore scorers can manage judge sessions" ON public.show_score_judge_sessions TO authenticated USING (public.can_score_show_score_class(block_id)) WITH CHECK (public.can_score_show_score_class(block_id));


--
-- Name: show_score_scoring_sessions ShowScore scorers can manage scoring sessions; Type: POLICY; Schema: public; Owner: postgres
--

CREATE POLICY "ShowScore scorers can manage scoring sessions" ON public.show_score_scoring_sessions TO authenticated USING (public.can_score_show_score_class(block_id)) WITH CHECK (public.can_score_show_score_class(block_id));


--
-- Name: show_score_official_results ShowScore staff and public can view official results; Type: POLICY; Schema: public; Owner: postgres
--

CREATE POLICY "ShowScore staff and public can view official results" ON public.show_score_official_results FOR SELECT USING ((public.can_view_show_score_class(block_id) OR (EXISTS ( SELECT 1
   FROM ((public.show_score_publication_states ps
     JOIN public.blocks c ON ((c.id = ps.block_id)))
     JOIN public.shows s ON ((s.id = c.show_id)))
  WHERE ((ps.block_id = show_score_official_results.block_id) AND (ps.status = ANY (ARRAY['official'::text, 'published'::text])) AND c.schedule_is_public AND (s.is_public OR s.show_results_public))))));


--
-- Name: show_score_paid_warmups ShowScore staff and public can view paid warmups; Type: POLICY; Schema: public; Owner: postgres
--

CREATE POLICY "ShowScore staff and public can view paid warmups" ON public.show_score_paid_warmups FOR SELECT USING ((public.can_view_show_score_show(show_id) OR (is_public_live AND (EXISTS ( SELECT 1
   FROM public.shows s
  WHERE ((s.id = show_score_paid_warmups.show_id) AND s.is_public))))));


--
-- Name: show_score_publication_states ShowScore staff and public can view publication states; Type: POLICY; Schema: public; Owner: postgres
--

CREATE POLICY "ShowScore staff and public can view publication states" ON public.show_score_publication_states FOR SELECT USING ((public.can_view_show_score_class(block_id) OR ((status <> 'hidden'::text) AND (EXISTS ( SELECT 1
   FROM (public.blocks c
     JOIN public.shows s ON ((s.id = c.show_id)))
  WHERE ((c.id = show_score_publication_states.block_id) AND c.schedule_is_public AND (s.is_public OR s.show_draw_public OR s.show_results_public)))))));


--
-- Name: show_score_block_setups ShowScore staff can view class setups; Type: POLICY; Schema: public; Owner: postgres
--

CREATE POLICY "ShowScore staff can view class setups" ON public.show_score_block_setups FOR SELECT USING (public.can_view_show_score_class(block_id));


--
-- Name: show_score_judge_sessions ShowScore staff can view judge sessions; Type: POLICY; Schema: public; Owner: postgres
--

CREATE POLICY "ShowScore staff can view judge sessions" ON public.show_score_judge_sessions FOR SELECT USING (public.can_view_show_score_class(block_id));


--
-- Name: show_score_scoring_sessions ShowScore staff can view scoring sessions; Type: POLICY; Schema: public; Owner: postgres
--

CREATE POLICY "ShowScore staff can view scoring sessions" ON public.show_score_scoring_sessions FOR SELECT USING (public.can_view_show_score_class(block_id));


--
-- Name: contact_roles Staff and linked users can create contact roles; Type: POLICY; Schema: public; Owner: postgres
--

CREATE POLICY "Staff and linked users can create contact roles" ON public.contact_roles FOR INSERT WITH CHECK ((public.is_platform_admin() OR public.is_org_member(organization_id, ARRAY['admin'::text, 'secretary'::text]) OR public.can_access_contact(contact_id)));


--
-- Name: contact_roles Staff and linked users can update contact roles; Type: POLICY; Schema: public; Owner: postgres
--

CREATE POLICY "Staff and linked users can update contact roles" ON public.contact_roles FOR UPDATE USING ((public.is_platform_admin() OR public.is_org_member(organization_id, ARRAY['admin'::text, 'secretary'::text]) OR public.can_access_contact(contact_id))) WITH CHECK ((public.is_platform_admin() OR public.is_org_member(organization_id, ARRAY['admin'::text, 'secretary'::text]) OR public.can_access_contact(contact_id)));


--
-- Name: contact_roles Staff and linked users can view contact roles; Type: POLICY; Schema: public; Owner: postgres
--

CREATE POLICY "Staff and linked users can view contact roles" ON public.contact_roles FOR SELECT USING ((public.is_platform_admin() OR public.is_org_member(organization_id, ARRAY['admin'::text, 'secretary'::text]) OR public.can_access_contact(contact_id)));


--
-- Name: invoices Staff and payers can view invoices; Type: POLICY; Schema: public; Owner: postgres
--

CREATE POLICY "Staff and payers can view invoices" ON public.invoices FOR SELECT USING ((public.is_platform_admin() OR public.is_org_member(organization_id, ARRAY['admin'::text, 'secretary'::text]) OR public.has_show_role(show_id, ARRAY['secretary'::text]) OR public.can_access_contact(payer_contact_id)));


--
-- Name: entries Staff and related users can create entries; Type: POLICY; Schema: public; Owner: postgres
--

CREATE POLICY "Staff and related users can create entries" ON public.entries FOR INSERT WITH CHECK ((public.can_manage_show(show_id, ARRAY['secretary'::text]) OR ((created_by_user_id = public.current_profile_id()) AND public.can_create_entries_for_horse(horse_id) AND (public.can_access_contact(owner_contact_id) OR public.can_access_horse(horse_id)) AND (public.can_access_contact(payer_contact_id) OR public.can_pay_invoices_for_horse(horse_id, payer_contact_id)) AND ((rider_contact_id IS NULL) OR public.can_access_contact(rider_contact_id) OR public.can_create_entries_for_horse(horse_id)) AND ((agent_user_id IS NULL) OR (agent_user_id = public.current_profile_id()))) OR ((agent_user_id = public.current_profile_id()) AND public.can_create_entries_for_horse(horse_id))));


--
-- Name: stall_bookings Staff and related users can create stall bookings; Type: POLICY; Schema: public; Owner: postgres
--

CREATE POLICY "Staff and related users can create stall bookings" ON public.stall_bookings FOR INSERT WITH CHECK ((public.can_manage_show(show_id, ARRAY['secretary'::text]) OR ((created_by_user_id = public.current_profile_id()) AND public.can_access_contact(booker_contact_id) AND (public.can_access_contact(payer_contact_id) OR ((horse_id IS NOT NULL) AND public.can_pay_invoices_for_horse(horse_id, payer_contact_id))) AND ((horse_id IS NULL) OR public.can_book_stalls_for_horse(horse_id)))));


--
-- Name: entries Staff and related users can delete entries; Type: POLICY; Schema: public; Owner: postgres
--

CREATE POLICY "Staff and related users can delete entries" ON public.entries FOR DELETE USING ((public.can_manage_show(show_id, ARRAY['secretary'::text]) OR (created_by_user_id = public.current_profile_id()) OR (agent_user_id = public.current_profile_id()) OR public.can_modify_entries_for_horse(horse_id)));


--
-- Name: stall_bookings Staff and related users can delete stall bookings; Type: POLICY; Schema: public; Owner: postgres
--

CREATE POLICY "Staff and related users can delete stall bookings" ON public.stall_bookings FOR DELETE USING ((public.can_manage_show(show_id, ARRAY['secretary'::text]) OR (created_by_user_id = public.current_profile_id()) OR public.can_access_contact(booker_contact_id) OR ((horse_id IS NOT NULL) AND public.can_book_stalls_for_horse(horse_id))));


--
-- Name: entries Staff and related users can update entries; Type: POLICY; Schema: public; Owner: postgres
--

CREATE POLICY "Staff and related users can update entries" ON public.entries FOR UPDATE USING ((public.can_manage_show(show_id, ARRAY['secretary'::text]) OR (created_by_user_id = public.current_profile_id()) OR (agent_user_id = public.current_profile_id()) OR public.can_modify_entries_for_horse(horse_id))) WITH CHECK ((public.can_manage_show(show_id, ARRAY['secretary'::text]) OR (((created_by_user_id = public.current_profile_id()) OR (agent_user_id = public.current_profile_id()) OR public.can_modify_entries_for_horse(horse_id)) AND public.can_modify_entries_for_horse(horse_id) AND (public.can_access_contact(payer_contact_id) OR public.can_pay_invoices_for_horse(horse_id, payer_contact_id)))));


--
-- Name: stall_bookings Staff and related users can update stall bookings; Type: POLICY; Schema: public; Owner: postgres
--

CREATE POLICY "Staff and related users can update stall bookings" ON public.stall_bookings FOR UPDATE USING ((public.can_manage_show(show_id, ARRAY['secretary'::text]) OR (created_by_user_id = public.current_profile_id()) OR public.can_access_contact(booker_contact_id))) WITH CHECK ((public.can_manage_show(show_id, ARRAY['secretary'::text]) OR ((created_by_user_id = public.current_profile_id()) AND public.can_access_contact(booker_contact_id) AND (public.can_access_contact(payer_contact_id) OR ((horse_id IS NOT NULL) AND public.can_pay_invoices_for_horse(horse_id, payer_contact_id))) AND ((horse_id IS NULL) OR public.can_book_stalls_for_horse(horse_id)))));


--
-- Name: entries Staff and related users can view entries; Type: POLICY; Schema: public; Owner: postgres
--

CREATE POLICY "Staff and related users can view entries" ON public.entries FOR SELECT USING ((public.is_platform_admin() OR public.is_org_member(organization_id, ARRAY['admin'::text, 'secretary'::text]) OR public.has_show_role(show_id, ARRAY['organizer'::text, 'secretary'::text]) OR (created_by_user_id = public.current_profile_id()) OR (agent_user_id = public.current_profile_id()) OR public.can_access_contact(owner_contact_id) OR public.can_access_contact(payer_contact_id) OR public.can_access_horse(horse_id)));


--
-- Name: organization_back_numbers Staff and related users can view organization back numbers; Type: POLICY; Schema: public; Owner: postgres
--

CREATE POLICY "Staff and related users can view organization back numbers" ON public.organization_back_numbers FOR SELECT USING ((public.is_platform_admin() OR public.is_org_member(organization_id, ARRAY['admin'::text, 'secretary'::text]) OR ((assigned_horse_id IS NOT NULL) AND public.can_access_horse(assigned_horse_id)) OR ((assigned_rider_contact_id IS NOT NULL) AND public.can_access_contact(assigned_rider_contact_id))));


--
-- Name: stall_bookings Staff and related users can view stall bookings; Type: POLICY; Schema: public; Owner: postgres
--

CREATE POLICY "Staff and related users can view stall bookings" ON public.stall_bookings FOR SELECT USING ((public.can_manage_show(show_id, ARRAY['organizer'::text, 'secretary'::text]) OR (created_by_user_id = public.current_profile_id()) OR public.can_access_contact(booker_contact_id) OR public.can_access_contact(payer_contact_id) OR ((horse_id IS NOT NULL) AND public.can_access_horse(horse_id))));


--
-- Name: invoices Staff can create invoices; Type: POLICY; Schema: public; Owner: postgres
--

CREATE POLICY "Staff can create invoices" ON public.invoices FOR INSERT WITH CHECK (public.can_manage_show(show_id, ARRAY['secretary'::text]));


--
-- Name: contact_roles Staff can delete contact roles; Type: POLICY; Schema: public; Owner: postgres
--

CREATE POLICY "Staff can delete contact roles" ON public.contact_roles FOR DELETE USING ((public.is_platform_admin() OR public.is_org_member(organization_id, ARRAY['admin'::text, 'secretary'::text])));


--
-- Name: organization_membership_types Staff can manage internal membership types; Type: POLICY; Schema: public; Owner: postgres
--

CREATE POLICY "Staff can manage internal membership types" ON public.organization_membership_types TO authenticated USING ((public.is_platform_admin() OR public.is_org_member(organization_id, ARRAY['admin'::text, 'secretary'::text]))) WITH CHECK ((public.is_platform_admin() OR public.is_org_member(organization_id, ARRAY['admin'::text, 'secretary'::text])));


--
-- Name: contact_organization_memberships Staff can manage internal memberships; Type: POLICY; Schema: public; Owner: postgres
--

CREATE POLICY "Staff can manage internal memberships" ON public.contact_organization_memberships TO authenticated USING ((public.is_platform_admin() OR public.is_org_member(organization_id, ARRAY['admin'::text, 'secretary'::text]))) WITH CHECK ((public.is_platform_admin() OR public.is_org_member(organization_id, ARRAY['admin'::text, 'secretary'::text])));


--
-- Name: invoice_line_items Staff can manage line items; Type: POLICY; Schema: public; Owner: postgres
--

CREATE POLICY "Staff can manage line items" ON public.invoice_line_items USING ((EXISTS ( SELECT 1
   FROM public.invoices i
  WHERE ((i.id = invoice_line_items.invoice_id) AND public.can_manage_show(i.show_id, ARRAY['secretary'::text]))))) WITH CHECK ((EXISTS ( SELECT 1
   FROM public.invoices i
  WHERE ((i.id = invoice_line_items.invoice_id) AND public.can_manage_show(i.show_id, ARRAY['secretary'::text])))));


--
-- Name: manual_sales Staff can manage manual sales; Type: POLICY; Schema: public; Owner: postgres
--

CREATE POLICY "Staff can manage manual sales" ON public.manual_sales TO authenticated USING ((public.is_platform_admin() OR public.is_org_member(organization_id, ARRAY['admin'::text, 'secretary'::text]))) WITH CHECK ((public.is_platform_admin() OR public.is_org_member(organization_id, ARRAY['admin'::text, 'secretary'::text])));


--
-- Name: organization_products Staff can manage organization products; Type: POLICY; Schema: public; Owner: postgres
--

CREATE POLICY "Staff can manage organization products" ON public.organization_products TO authenticated USING ((public.is_platform_admin() OR public.is_org_member(organization_id, ARRAY['admin'::text, 'secretary'::text]))) WITH CHECK ((public.is_platform_admin() OR public.is_org_member(organization_id, ARRAY['admin'::text, 'secretary'::text])));


--
-- Name: payout_awards Staff can manage payout awards; Type: POLICY; Schema: public; Owner: postgres
--

CREATE POLICY "Staff can manage payout awards" ON public.payout_awards TO authenticated USING ((EXISTS ( SELECT 1
   FROM public.payout_calculations calculation
  WHERE ((calculation.id = payout_awards.calculation_id) AND public.can_manage_show(calculation.show_id, ARRAY['organizer'::text, 'secretary'::text]))))) WITH CHECK ((EXISTS ( SELECT 1
   FROM public.payout_calculations calculation
  WHERE ((calculation.id = payout_awards.calculation_id) AND public.can_manage_show(calculation.show_id, ARRAY['organizer'::text, 'secretary'::text])))));


--
-- Name: payout_calculations Staff can manage payout calculations; Type: POLICY; Schema: public; Owner: postgres
--

CREATE POLICY "Staff can manage payout calculations" ON public.payout_calculations TO authenticated USING (public.can_manage_show(show_id, ARRAY['organizer'::text, 'secretary'::text])) WITH CHECK (public.can_manage_show(show_id, ARRAY['organizer'::text, 'secretary'::text]));


--
-- Name: payments Staff can record payments; Type: POLICY; Schema: public; Owner: postgres
--

CREATE POLICY "Staff can record payments" ON public.payments FOR INSERT WITH CHECK ((EXISTS ( SELECT 1
   FROM public.invoices i
  WHERE ((i.id = payments.invoice_id) AND public.can_manage_show(i.show_id, ARRAY['secretary'::text])))));


--
-- Name: invoices Staff can update invoices; Type: POLICY; Schema: public; Owner: postgres
--

CREATE POLICY "Staff can update invoices" ON public.invoices FOR UPDATE USING (public.can_manage_show(show_id, ARRAY['secretary'::text])) WITH CHECK (public.can_manage_show(show_id, ARRAY['secretary'::text]));


--
-- Name: payments Staff can update payments; Type: POLICY; Schema: public; Owner: postgres
--

CREATE POLICY "Staff can update payments" ON public.payments FOR UPDATE USING ((EXISTS ( SELECT 1
   FROM public.invoices i
  WHERE ((i.id = payments.invoice_id) AND public.can_manage_show(i.show_id, ARRAY['secretary'::text]))))) WITH CHECK ((EXISTS ( SELECT 1
   FROM public.invoices i
  WHERE ((i.id = payments.invoice_id) AND public.can_manage_show(i.show_id, ARRAY['secretary'::text])))));


--
-- Name: block_run_class_entries Staff can view block run class entries; Type: POLICY; Schema: public; Owner: postgres
--

CREATE POLICY "Staff can view block run class entries" ON public.block_run_class_entries FOR SELECT TO authenticated USING ((EXISTS ( SELECT 1
   FROM public.block_run_entries block_run
  WHERE ((block_run.block_run_id = block_run_class_entries.block_run_id) AND public.can_manage_show(block_run.show_id, ARRAY['organizer'::text, 'secretary'::text])))));


--
-- Name: block_run_entries Staff can view block run entries; Type: POLICY; Schema: public; Owner: postgres
--

CREATE POLICY "Staff can view block run entries" ON public.block_run_entries FOR SELECT TO authenticated USING (public.can_manage_show(show_id, ARRAY['organizer'::text, 'secretary'::text]));


--
-- Name: entry_results Staff can view entry results; Type: POLICY; Schema: public; Owner: postgres
--

CREATE POLICY "Staff can view entry results" ON public.entry_results FOR SELECT TO authenticated USING (public.can_manage_show(show_id, ARRAY['organizer'::text, 'secretary'::text]));


--
-- Name: manual_sales Staff can view manual sales; Type: POLICY; Schema: public; Owner: postgres
--

CREATE POLICY "Staff can view manual sales" ON public.manual_sales FOR SELECT TO authenticated USING ((public.is_platform_admin() OR public.is_org_member(organization_id, ARRAY['admin'::text, 'secretary'::text])));


--
-- Name: scored_runs Staff can view scored runs; Type: POLICY; Schema: public; Owner: postgres
--

CREATE POLICY "Staff can view scored runs" ON public.scored_runs FOR SELECT TO authenticated USING (public.can_manage_show(show_id, ARRAY['organizer'::text, 'secretary'::text]));


--
-- Name: block_run_class_entries Staff can write block run class entries; Type: POLICY; Schema: public; Owner: postgres
--

CREATE POLICY "Staff can write block run class entries" ON public.block_run_class_entries TO authenticated USING ((EXISTS ( SELECT 1
   FROM public.block_run_entries block_run
  WHERE ((block_run.block_run_id = block_run_class_entries.block_run_id) AND public.can_manage_show(block_run.show_id, ARRAY['organizer'::text, 'secretary'::text]))))) WITH CHECK ((EXISTS ( SELECT 1
   FROM public.block_run_entries block_run
  WHERE ((block_run.block_run_id = block_run_class_entries.block_run_id) AND public.can_manage_show(block_run.show_id, ARRAY['organizer'::text, 'secretary'::text])))));


--
-- Name: block_run_entries Staff can write block run entries; Type: POLICY; Schema: public; Owner: postgres
--

CREATE POLICY "Staff can write block run entries" ON public.block_run_entries TO authenticated USING (public.can_manage_show(show_id, ARRAY['organizer'::text, 'secretary'::text])) WITH CHECK (public.can_manage_show(show_id, ARRAY['organizer'::text, 'secretary'::text]));


--
-- Name: entry_results Staff can write entry results; Type: POLICY; Schema: public; Owner: postgres
--

CREATE POLICY "Staff can write entry results" ON public.entry_results TO authenticated USING (public.can_manage_show(show_id, ARRAY['organizer'::text, 'secretary'::text])) WITH CHECK (public.can_manage_show(show_id, ARRAY['organizer'::text, 'secretary'::text]));


--
-- Name: scored_runs Staff can write scored runs; Type: POLICY; Schema: public; Owner: postgres
--

CREATE POLICY "Staff can write scored runs" ON public.scored_runs TO authenticated USING (public.can_manage_show(show_id, ARRAY['organizer'::text, 'secretary'::text])) WITH CHECK (public.can_manage_show(show_id, ARRAY['organizer'::text, 'secretary'::text]));


--
-- Name: user_profiles Users can create their own profile; Type: POLICY; Schema: public; Owner: postgres
--

CREATE POLICY "Users can create their own profile" ON public.user_profiles FOR INSERT WITH CHECK ((user_id = auth.uid()));


--
-- Name: user_profiles Users can update their own profile; Type: POLICY; Schema: public; Owner: postgres
--

CREATE POLICY "Users can update their own profile" ON public.user_profiles FOR UPDATE USING (((user_id = auth.uid()) OR public.is_platform_admin())) WITH CHECK (((user_id = auth.uid()) OR public.is_platform_admin()));


--
-- Name: user_profiles Users can view own or related profiles; Type: POLICY; Schema: public; Owner: postgres
--

CREATE POLICY "Users can view own or related profiles" ON public.user_profiles FOR SELECT USING (((user_id = auth.uid()) OR public.is_platform_admin() OR (EXISTS ( SELECT 1
   FROM public.organization_members om
  WHERE ((om.user_id = user_profiles.id) AND public.is_org_member(om.organization_id))))));


--
-- Name: block_judge_assignments Visible block judges can be viewed; Type: POLICY; Schema: public; Owner: postgres
--

CREATE POLICY "Visible block judges can be viewed" ON public.block_judge_assignments FOR SELECT USING ((public.is_platform_admin() OR public.is_org_member(organization_id) OR (EXISTS ( SELECT 1
   FROM (public.blocks b
     JOIN public.shows s ON ((s.id = b.show_id)))
  WHERE ((b.id = block_judge_assignments.block_id) AND b.schedule_is_public AND (s.is_public OR s.show_schedule_public))))));


--
-- Name: class_governing_bodies Visible class governing bodies can be viewed; Type: POLICY; Schema: public; Owner: postgres
--

CREATE POLICY "Visible class governing bodies can be viewed" ON public.class_governing_bodies FOR SELECT USING ((public.is_platform_admin() OR (EXISTS ( SELECT 1
   FROM ((public.classes c
     JOIN public.blocks b ON ((b.id = c.block_id)))
     JOIN public.shows s ON ((s.id = c.show_id)))
  WHERE ((c.id = class_governing_bodies.class_id) AND (public.is_org_member(c.organization_id) OR (c.is_public AND b.schedule_is_public AND (s.is_public OR s.show_schedule_public))))))));


--
-- Name: app_events; Type: ROW SECURITY; Schema: public; Owner: postgres
--

ALTER TABLE public.app_events ENABLE ROW LEVEL SECURITY;

--
-- Name: association_invitations; Type: ROW SECURITY; Schema: public; Owner: postgres
--

ALTER TABLE public.association_invitations ENABLE ROW LEVEL SECURITY;

--
-- Name: audit_events; Type: ROW SECURITY; Schema: public; Owner: postgres
--

ALTER TABLE public.audit_events ENABLE ROW LEVEL SECURITY;

--
-- Name: block_concurrency_group_members; Type: ROW SECURITY; Schema: public; Owner: postgres
--

ALTER TABLE public.block_concurrency_group_members ENABLE ROW LEVEL SECURITY;

--
-- Name: block_concurrency_groups; Type: ROW SECURITY; Schema: public; Owner: postgres
--

ALTER TABLE public.block_concurrency_groups ENABLE ROW LEVEL SECURITY;

--
-- Name: block_judge_assignments; Type: ROW SECURITY; Schema: public; Owner: postgres
--

ALTER TABLE public.block_judge_assignments ENABLE ROW LEVEL SECURITY;

--
-- Name: block_result_publications; Type: ROW SECURITY; Schema: public; Owner: postgres
--

ALTER TABLE public.block_result_publications ENABLE ROW LEVEL SECURITY;

--
-- Name: block_run_class_entries; Type: ROW SECURITY; Schema: public; Owner: postgres
--

ALTER TABLE public.block_run_class_entries ENABLE ROW LEVEL SECURITY;

--
-- Name: block_run_entries; Type: ROW SECURITY; Schema: public; Owner: postgres
--

ALTER TABLE public.block_run_entries ENABLE ROW LEVEL SECURITY;

--
-- Name: block_templates; Type: ROW SECURITY; Schema: public; Owner: postgres
--

ALTER TABLE public.block_templates ENABLE ROW LEVEL SECURITY;

--
-- Name: blocks; Type: ROW SECURITY; Schema: public; Owner: postgres
--

ALTER TABLE public.blocks ENABLE ROW LEVEL SECURITY;

--
-- Name: class_governing_bodies; Type: ROW SECURITY; Schema: public; Owner: postgres
--

ALTER TABLE public.class_governing_bodies ENABLE ROW LEVEL SECURITY;

--
-- Name: class_template_governing_bodies; Type: ROW SECURITY; Schema: public; Owner: postgres
--

ALTER TABLE public.class_template_governing_bodies ENABLE ROW LEVEL SECURITY;

--
-- Name: class_templates; Type: ROW SECURITY; Schema: public; Owner: postgres
--

ALTER TABLE public.class_templates ENABLE ROW LEVEL SECURITY;

--
-- Name: classes; Type: ROW SECURITY; Schema: public; Owner: postgres
--

ALTER TABLE public.classes ENABLE ROW LEVEL SECURITY;

--
-- Name: contact_external_identifiers; Type: ROW SECURITY; Schema: public; Owner: postgres
--

ALTER TABLE public.contact_external_identifiers ENABLE ROW LEVEL SECURITY;

--
-- Name: contact_insurance_evidence; Type: ROW SECURITY; Schema: public; Owner: postgres
--

ALTER TABLE public.contact_insurance_evidence ENABLE ROW LEVEL SECURITY;

--
-- Name: contact_organization_memberships; Type: ROW SECURITY; Schema: public; Owner: postgres
--

ALTER TABLE public.contact_organization_memberships ENABLE ROW LEVEL SECURITY;

--
-- Name: contact_roles; Type: ROW SECURITY; Schema: public; Owner: postgres
--

ALTER TABLE public.contact_roles ENABLE ROW LEVEL SECURITY;

--
-- Name: contact_similarity_dismissals; Type: ROW SECURITY; Schema: public; Owner: postgres
--

ALTER TABLE public.contact_similarity_dismissals ENABLE ROW LEVEL SECURITY;

--
-- Name: contacts; Type: ROW SECURITY; Schema: public; Owner: postgres
--

ALTER TABLE public.contacts ENABLE ROW LEVEL SECURITY;

--
-- Name: credential_issuer_governing_bodies; Type: ROW SECURITY; Schema: public; Owner: postgres
--

ALTER TABLE public.credential_issuer_governing_bodies ENABLE ROW LEVEL SECURITY;

--
-- Name: directory_contacts; Type: ROW SECURITY; Schema: public; Owner: postgres
--

ALTER TABLE public.directory_contacts ENABLE ROW LEVEL SECURITY;

--
-- Name: directory_horses; Type: ROW SECURITY; Schema: public; Owner: postgres
--

ALTER TABLE public.directory_horses ENABLE ROW LEVEL SECURITY;

--
-- Name: discipline_credential_issuers; Type: ROW SECURITY; Schema: public; Owner: postgres
--

ALTER TABLE public.discipline_credential_issuers ENABLE ROW LEVEL SECURITY;

--
-- Name: discipline_governing_bodies; Type: ROW SECURITY; Schema: public; Owner: postgres
--

ALTER TABLE public.discipline_governing_bodies ENABLE ROW LEVEL SECURITY;

--
-- Name: disciplines; Type: ROW SECURITY; Schema: public; Owner: postgres
--

ALTER TABLE public.disciplines ENABLE ROW LEVEL SECURITY;

--
-- Name: eligibility_requirements; Type: ROW SECURITY; Schema: public; Owner: postgres
--

ALTER TABLE public.eligibility_requirements ENABLE ROW LEVEL SECURITY;

--
-- Name: entries; Type: ROW SECURITY; Schema: public; Owner: postgres
--

ALTER TABLE public.entries ENABLE ROW LEVEL SECURITY;

--
-- Name: entry_results; Type: ROW SECURITY; Schema: public; Owner: postgres
--

ALTER TABLE public.entry_results ENABLE ROW LEVEL SECURITY;

--
-- Name: external_credential_issuers; Type: ROW SECURITY; Schema: public; Owner: postgres
--

ALTER TABLE public.external_credential_issuers ENABLE ROW LEVEL SECURITY;

--
-- Name: external_credential_products; Type: ROW SECURITY; Schema: public; Owner: postgres
--

ALTER TABLE public.external_credential_products ENABLE ROW LEVEL SECURITY;

--
-- Name: external_data_snapshot_contacts; Type: ROW SECURITY; Schema: public; Owner: postgres
--

ALTER TABLE public.external_data_snapshot_contacts ENABLE ROW LEVEL SECURITY;

--
-- Name: external_data_snapshot_horses; Type: ROW SECURITY; Schema: public; Owner: postgres
--

ALTER TABLE public.external_data_snapshot_horses ENABLE ROW LEVEL SECURITY;

--
-- Name: external_data_snapshots; Type: ROW SECURITY; Schema: public; Owner: postgres
--

ALTER TABLE public.external_data_snapshots ENABLE ROW LEVEL SECURITY;

--
-- Name: external_data_sources; Type: ROW SECURITY; Schema: public; Owner: postgres
--

ALTER TABLE public.external_data_sources ENABLE ROW LEVEL SECURITY;

--
-- Name: external_source_governing_bodies; Type: ROW SECURITY; Schema: public; Owner: postgres
--

ALTER TABLE public.external_source_governing_bodies ENABLE ROW LEVEL SECURITY;

--
-- Name: governing_bodies; Type: ROW SECURITY; Schema: public; Owner: postgres
--

ALTER TABLE public.governing_bodies ENABLE ROW LEVEL SECURITY;

--
-- Name: horse_contacts; Type: ROW SECURITY; Schema: public; Owner: postgres
--

ALTER TABLE public.horse_contacts ENABLE ROW LEVEL SECURITY;

--
-- Name: horse_document_validations; Type: ROW SECURITY; Schema: public; Owner: postgres
--

ALTER TABLE public.horse_document_validations ENABLE ROW LEVEL SECURITY;

--
-- Name: horse_documents; Type: ROW SECURITY; Schema: public; Owner: postgres
--

ALTER TABLE public.horse_documents ENABLE ROW LEVEL SECURITY;

--
-- Name: horse_external_identifiers; Type: ROW SECURITY; Schema: public; Owner: postgres
--

ALTER TABLE public.horse_external_identifiers ENABLE ROW LEVEL SECURITY;

--
-- Name: horse_identity_corrections; Type: ROW SECURITY; Schema: public; Owner: postgres
--

ALTER TABLE public.horse_identity_corrections ENABLE ROW LEVEL SECURITY;

--
-- Name: horse_similarity_dismissals; Type: ROW SECURITY; Schema: public; Owner: postgres
--

ALTER TABLE public.horse_similarity_dismissals ENABLE ROW LEVEL SECURITY;

--
-- Name: horses; Type: ROW SECURITY; Schema: public; Owner: postgres
--

ALTER TABLE public.horses ENABLE ROW LEVEL SECURITY;

--
-- Name: incentive_program_nominations; Type: ROW SECURITY; Schema: public; Owner: postgres
--

ALTER TABLE public.incentive_program_nominations ENABLE ROW LEVEL SECURITY;

--
-- Name: incentive_programs; Type: ROW SECURITY; Schema: public; Owner: postgres
--

ALTER TABLE public.incentive_programs ENABLE ROW LEVEL SECURITY;

--
-- Name: invoice_line_items; Type: ROW SECURITY; Schema: public; Owner: postgres
--

ALTER TABLE public.invoice_line_items ENABLE ROW LEVEL SECURITY;

--
-- Name: invoices; Type: ROW SECURITY; Schema: public; Owner: postgres
--

ALTER TABLE public.invoices ENABLE ROW LEVEL SECURITY;

--
-- Name: manual_sales; Type: ROW SECURITY; Schema: public; Owner: postgres
--

ALTER TABLE public.manual_sales ENABLE ROW LEVEL SECURITY;

--
-- Name: nrha_rider_rankings; Type: ROW SECURITY; Schema: public; Owner: postgres
--

ALTER TABLE public.nrha_rider_rankings ENABLE ROW LEVEL SECURITY;

--
-- Name: block_result_publications org members can manage class_result_publications; Type: POLICY; Schema: public; Owner: postgres
--

CREATE POLICY "org members can manage class_result_publications" ON public.block_result_publications USING ((EXISTS ( SELECT 1
   FROM ((public.blocks c
     JOIN public.organization_members om ON ((om.organization_id = c.organization_id)))
     JOIN public.user_profiles up ON ((up.id = om.user_id)))
  WHERE ((c.id = block_result_publications.block_id) AND (up.user_id = auth.uid())))));


--
-- Name: organization_back_numbers; Type: ROW SECURITY; Schema: public; Owner: postgres
--

ALTER TABLE public.organization_back_numbers ENABLE ROW LEVEL SECURITY;

--
-- Name: organization_deadline_policies; Type: ROW SECURITY; Schema: public; Owner: postgres
--

ALTER TABLE public.organization_deadline_policies ENABLE ROW LEVEL SECURITY;

--
-- Name: organization_discipline_governing_bodies; Type: ROW SECURITY; Schema: public; Owner: postgres
--

ALTER TABLE public.organization_discipline_governing_bodies ENABLE ROW LEVEL SECURITY;

--
-- Name: organization_disciplines; Type: ROW SECURITY; Schema: public; Owner: postgres
--

ALTER TABLE public.organization_disciplines ENABLE ROW LEVEL SECURITY;

--
-- Name: organization_external_credential_requirements; Type: ROW SECURITY; Schema: public; Owner: postgres
--

ALTER TABLE public.organization_external_credential_requirements ENABLE ROW LEVEL SECURITY;

--
-- Name: organization_governing_bodies; Type: ROW SECURITY; Schema: public; Owner: postgres
--

ALTER TABLE public.organization_governing_bodies ENABLE ROW LEVEL SECURITY;

--
-- Name: organization_health_document_reviews; Type: ROW SECURITY; Schema: public; Owner: postgres
--

ALTER TABLE public.organization_health_document_reviews ENABLE ROW LEVEL SECURITY;

--
-- Name: organization_health_policies; Type: ROW SECURITY; Schema: public; Owner: postgres
--

ALTER TABLE public.organization_health_policies ENABLE ROW LEVEL SECURITY;

--
-- Name: organization_members; Type: ROW SECURITY; Schema: public; Owner: postgres
--

ALTER TABLE public.organization_members ENABLE ROW LEVEL SECURITY;

--
-- Name: organization_membership_types; Type: ROW SECURITY; Schema: public; Owner: postgres
--

ALTER TABLE public.organization_membership_types ENABLE ROW LEVEL SECURITY;

--
-- Name: organization_products; Type: ROW SECURITY; Schema: public; Owner: postgres
--

ALTER TABLE public.organization_products ENABLE ROW LEVEL SECURITY;

--
-- Name: organizations; Type: ROW SECURITY; Schema: public; Owner: postgres
--

ALTER TABLE public.organizations ENABLE ROW LEVEL SECURITY;

--
-- Name: payments; Type: ROW SECURITY; Schema: public; Owner: postgres
--

ALTER TABLE public.payments ENABLE ROW LEVEL SECURITY;

--
-- Name: payout_awards; Type: ROW SECURITY; Schema: public; Owner: postgres
--

ALTER TABLE public.payout_awards ENABLE ROW LEVEL SECURITY;

--
-- Name: payout_calculations; Type: ROW SECURITY; Schema: public; Owner: postgres
--

ALTER TABLE public.payout_calculations ENABLE ROW LEVEL SECURITY;

--
-- Name: payout_schedule_brackets; Type: ROW SECURITY; Schema: public; Owner: postgres
--

ALTER TABLE public.payout_schedule_brackets ENABLE ROW LEVEL SECURITY;

--
-- Name: payout_schedules; Type: ROW SECURITY; Schema: public; Owner: postgres
--

ALTER TABLE public.payout_schedules ENABLE ROW LEVEL SECURITY;

--
-- Name: platform_admins; Type: ROW SECURITY; Schema: public; Owner: postgres
--

ALTER TABLE public.platform_admins ENABLE ROW LEVEL SECURITY;

--
-- Name: sanctioning_bodies; Type: ROW SECURITY; Schema: public; Owner: postgres
--

ALTER TABLE public.sanctioning_bodies ENABLE ROW LEVEL SECURITY;

--
-- Name: scored_runs; Type: ROW SECURITY; Schema: public; Owner: postgres
--

ALTER TABLE public.scored_runs ENABLE ROW LEVEL SECURITY;

--
-- Name: show_announcements; Type: ROW SECURITY; Schema: public; Owner: postgres
--

ALTER TABLE public.show_announcements ENABLE ROW LEVEL SECURITY;

--
-- Name: show_announcements show_announcements_org_delete; Type: POLICY; Schema: public; Owner: postgres
--

CREATE POLICY show_announcements_org_delete ON public.show_announcements FOR DELETE USING ((public.is_platform_admin() OR public.is_org_member(organization_id, ARRAY['admin'::text, 'secretary'::text])));


--
-- Name: show_announcements show_announcements_org_update; Type: POLICY; Schema: public; Owner: postgres
--

CREATE POLICY show_announcements_org_update ON public.show_announcements FOR UPDATE USING ((public.is_platform_admin() OR public.is_org_member(organization_id, ARRAY['admin'::text, 'secretary'::text])));


--
-- Name: show_announcements show_announcements_org_write; Type: POLICY; Schema: public; Owner: postgres
--

CREATE POLICY show_announcements_org_write ON public.show_announcements FOR INSERT WITH CHECK ((public.is_platform_admin() OR public.is_org_member(organization_id, ARRAY['admin'::text, 'secretary'::text])));


--
-- Name: show_announcements show_announcements_public_read; Type: POLICY; Schema: public; Owner: postgres
--

CREATE POLICY show_announcements_public_read ON public.show_announcements FOR SELECT USING (true);


--
-- Name: show_days; Type: ROW SECURITY; Schema: public; Owner: postgres
--

ALTER TABLE public.show_days ENABLE ROW LEVEL SECURITY;

--
-- Name: show_roles; Type: ROW SECURITY; Schema: public; Owner: postgres
--

ALTER TABLE public.show_roles ENABLE ROW LEVEL SECURITY;

--
-- Name: show_score_announcer_live_sessions; Type: ROW SECURITY; Schema: public; Owner: postgres
--

ALTER TABLE public.show_score_announcer_live_sessions ENABLE ROW LEVEL SECURITY;

--
-- Name: show_score_block_setups; Type: ROW SECURITY; Schema: public; Owner: postgres
--

ALTER TABLE public.show_score_block_setups ENABLE ROW LEVEL SECURITY;

--
-- Name: show_score_championship_seasons; Type: ROW SECURITY; Schema: public; Owner: postgres
--

ALTER TABLE public.show_score_championship_seasons ENABLE ROW LEVEL SECURITY;

--
-- Name: show_score_championship_update_campaigns; Type: ROW SECURITY; Schema: public; Owner: postgres
--

ALTER TABLE public.show_score_championship_update_campaigns ENABLE ROW LEVEL SECURITY;

--
-- Name: show_score_championship_update_deliveries; Type: ROW SECURITY; Schema: public; Owner: postgres
--

ALTER TABLE public.show_score_championship_update_deliveries ENABLE ROW LEVEL SECURITY;

--
-- Name: show_score_championship_update_subscribers; Type: ROW SECURITY; Schema: public; Owner: postgres
--

ALTER TABLE public.show_score_championship_update_subscribers ENABLE ROW LEVEL SECURITY;

--
-- Name: show_score_class_documents; Type: ROW SECURITY; Schema: public; Owner: postgres
--

ALTER TABLE public.show_score_class_documents ENABLE ROW LEVEL SECURITY;

--
-- Name: show_score_judge_sessions; Type: ROW SECURITY; Schema: public; Owner: postgres
--

ALTER TABLE public.show_score_judge_sessions ENABLE ROW LEVEL SECURITY;

--
-- Name: show_score_official_results; Type: ROW SECURITY; Schema: public; Owner: postgres
--

ALTER TABLE public.show_score_official_results ENABLE ROW LEVEL SECURITY;

--
-- Name: show_score_paid_warmups; Type: ROW SECURITY; Schema: public; Owner: postgres
--

ALTER TABLE public.show_score_paid_warmups ENABLE ROW LEVEL SECURITY;

--
-- Name: show_score_public_championship_seasons; Type: ROW SECURITY; Schema: public; Owner: postgres
--

ALTER TABLE public.show_score_public_championship_seasons ENABLE ROW LEVEL SECURITY;

--
-- Name: show_score_publication_states; Type: ROW SECURITY; Schema: public; Owner: postgres
--

ALTER TABLE public.show_score_publication_states ENABLE ROW LEVEL SECURITY;

--
-- Name: show_score_scoring_sessions; Type: ROW SECURITY; Schema: public; Owner: postgres
--

ALTER TABLE public.show_score_scoring_sessions ENABLE ROW LEVEL SECURITY;

--
-- Name: shows; Type: ROW SECURITY; Schema: public; Owner: postgres
--

ALTER TABLE public.shows ENABLE ROW LEVEL SECURITY;

--
-- Name: slates; Type: ROW SECURITY; Schema: public; Owner: postgres
--

ALTER TABLE public.slates ENABLE ROW LEVEL SECURITY;

--
-- Name: stall_bookings; Type: ROW SECURITY; Schema: public; Owner: postgres
--

ALTER TABLE public.stall_bookings ENABLE ROW LEVEL SECURITY;

--
-- Name: stall_options; Type: ROW SECURITY; Schema: public; Owner: postgres
--

ALTER TABLE public.stall_options ENABLE ROW LEVEL SECURITY;

--
-- Name: team_eligibility_decisions; Type: ROW SECURITY; Schema: public; Owner: postgres
--

ALTER TABLE public.team_eligibility_decisions ENABLE ROW LEVEL SECURITY;

--
-- Name: team_eligibility_snapshots; Type: ROW SECURITY; Schema: public; Owner: postgres
--

ALTER TABLE public.team_eligibility_snapshots ENABLE ROW LEVEL SECURITY;

--
-- Name: user_profiles; Type: ROW SECURITY; Schema: public; Owner: postgres
--

ALTER TABLE public.user_profiles ENABLE ROW LEVEL SECURITY;

--
-- Name: SCHEMA public; Type: ACL; Schema: -; Owner: pg_database_owner
--

GRANT USAGE ON SCHEMA public TO postgres;
GRANT USAGE ON SCHEMA public TO anon;
GRANT USAGE ON SCHEMA public TO authenticated;
GRANT USAGE ON SCHEMA public TO service_role;


--
-- Name: FUNCTION accept_association_invitation(target_token text); Type: ACL; Schema: public; Owner: postgres
--

GRANT ALL ON FUNCTION public.accept_association_invitation(target_token text) TO anon;
GRANT ALL ON FUNCTION public.accept_association_invitation(target_token text) TO authenticated;
GRANT ALL ON FUNCTION public.accept_association_invitation(target_token text) TO service_role;


--
-- Name: FUNCTION accept_pending_association_invitations(); Type: ACL; Schema: public; Owner: postgres
--

GRANT ALL ON FUNCTION public.accept_pending_association_invitations() TO anon;
GRANT ALL ON FUNCTION public.accept_pending_association_invitations() TO authenticated;
GRANT ALL ON FUNCTION public.accept_pending_association_invitations() TO service_role;


--
-- Name: FUNCTION activate_show_for_scoring(target_class_id uuid); Type: ACL; Schema: public; Owner: postgres
--

GRANT ALL ON FUNCTION public.activate_show_for_scoring(target_class_id uuid) TO anon;
GRANT ALL ON FUNCTION public.activate_show_for_scoring(target_class_id uuid) TO authenticated;
GRANT ALL ON FUNCTION public.activate_show_for_scoring(target_class_id uuid) TO service_role;


--
-- Name: FUNCTION activate_show_score_announcer_live(target_class_id uuid); Type: ACL; Schema: public; Owner: postgres
--

REVOKE ALL ON FUNCTION public.activate_show_score_announcer_live(target_class_id uuid) FROM PUBLIC;
GRANT ALL ON FUNCTION public.activate_show_score_announcer_live(target_class_id uuid) TO authenticated;
GRANT ALL ON FUNCTION public.activate_show_score_announcer_live(target_class_id uuid) TO service_role;


--
-- Name: FUNCTION adjust_stall_option_availability(); Type: ACL; Schema: public; Owner: postgres
--

GRANT ALL ON FUNCTION public.adjust_stall_option_availability() TO anon;
GRANT ALL ON FUNCTION public.adjust_stall_option_availability() TO authenticated;
GRANT ALL ON FUNCTION public.adjust_stall_option_availability() TO service_role;


--
-- Name: FUNCTION app_event_association_uuid(target_association_id text); Type: ACL; Schema: public; Owner: postgres
--

GRANT ALL ON FUNCTION public.app_event_association_uuid(target_association_id text) TO anon;
GRANT ALL ON FUNCTION public.app_event_association_uuid(target_association_id text) TO authenticated;
GRANT ALL ON FUNCTION public.app_event_association_uuid(target_association_id text) TO service_role;


--
-- Name: FUNCTION assert_contact_insurance_review_authority(); Type: ACL; Schema: public; Owner: postgres
--

GRANT ALL ON FUNCTION public.assert_contact_insurance_review_authority() TO anon;
GRANT ALL ON FUNCTION public.assert_contact_insurance_review_authority() TO authenticated;
GRANT ALL ON FUNCTION public.assert_contact_insurance_review_authority() TO service_role;


--
-- Name: FUNCTION assert_eligibility_requirement_context(); Type: ACL; Schema: public; Owner: postgres
--

GRANT ALL ON FUNCTION public.assert_eligibility_requirement_context() TO anon;
GRANT ALL ON FUNCTION public.assert_eligibility_requirement_context() TO authenticated;
GRANT ALL ON FUNCTION public.assert_eligibility_requirement_context() TO service_role;


--
-- Name: FUNCTION assert_horse_health_compliance_for_show(p_horse_id uuid, p_show_id uuid); Type: ACL; Schema: public; Owner: postgres
--

REVOKE ALL ON FUNCTION public.assert_horse_health_compliance_for_show(p_horse_id uuid, p_show_id uuid) FROM PUBLIC;
GRANT ALL ON FUNCTION public.assert_horse_health_compliance_for_show(p_horse_id uuid, p_show_id uuid) TO authenticated;
GRANT ALL ON FUNCTION public.assert_horse_health_compliance_for_show(p_horse_id uuid, p_show_id uuid) TO service_role;


--
-- Name: FUNCTION assert_incentive_program_nomination_context(); Type: ACL; Schema: public; Owner: postgres
--

GRANT ALL ON FUNCTION public.assert_incentive_program_nomination_context() TO anon;
GRANT ALL ON FUNCTION public.assert_incentive_program_nomination_context() TO authenticated;
GRANT ALL ON FUNCTION public.assert_incentive_program_nomination_context() TO service_role;


--
-- Name: FUNCTION assert_no_open_invoice_balance_for_stall_booking(); Type: ACL; Schema: public; Owner: postgres
--

GRANT ALL ON FUNCTION public.assert_no_open_invoice_balance_for_stall_booking() TO anon;
GRANT ALL ON FUNCTION public.assert_no_open_invoice_balance_for_stall_booking() TO authenticated;
GRANT ALL ON FUNCTION public.assert_no_open_invoice_balance_for_stall_booking() TO service_role;


--
-- Name: FUNCTION assert_one_horse_stall_per_show(); Type: ACL; Schema: public; Owner: postgres
--

GRANT ALL ON FUNCTION public.assert_one_horse_stall_per_show() TO anon;
GRANT ALL ON FUNCTION public.assert_one_horse_stall_per_show() TO authenticated;
GRANT ALL ON FUNCTION public.assert_one_horse_stall_per_show() TO service_role;


--
-- Name: FUNCTION assert_organization_discipline_governing_body_available(); Type: ACL; Schema: public; Owner: postgres
--

GRANT ALL ON FUNCTION public.assert_organization_discipline_governing_body_available() TO anon;
GRANT ALL ON FUNCTION public.assert_organization_discipline_governing_body_available() TO authenticated;
GRANT ALL ON FUNCTION public.assert_organization_discipline_governing_body_available() TO service_role;


--
-- Name: FUNCTION association_memberships_delete(); Type: ACL; Schema: public; Owner: postgres
--

GRANT ALL ON FUNCTION public.association_memberships_delete() TO anon;
GRANT ALL ON FUNCTION public.association_memberships_delete() TO authenticated;
GRANT ALL ON FUNCTION public.association_memberships_delete() TO service_role;


--
-- Name: FUNCTION association_memberships_insert(); Type: ACL; Schema: public; Owner: postgres
--

GRANT ALL ON FUNCTION public.association_memberships_insert() TO anon;
GRANT ALL ON FUNCTION public.association_memberships_insert() TO authenticated;
GRANT ALL ON FUNCTION public.association_memberships_insert() TO service_role;


--
-- Name: FUNCTION associations_delete(); Type: ACL; Schema: public; Owner: postgres
--

GRANT ALL ON FUNCTION public.associations_delete() TO anon;
GRANT ALL ON FUNCTION public.associations_delete() TO authenticated;
GRANT ALL ON FUNCTION public.associations_delete() TO service_role;


--
-- Name: FUNCTION associations_insert(); Type: ACL; Schema: public; Owner: postgres
--

GRANT ALL ON FUNCTION public.associations_insert() TO anon;
GRANT ALL ON FUNCTION public.associations_insert() TO authenticated;
GRANT ALL ON FUNCTION public.associations_insert() TO service_role;


--
-- Name: FUNCTION associations_update(); Type: ACL; Schema: public; Owner: postgres
--

GRANT ALL ON FUNCTION public.associations_update() TO anon;
GRANT ALL ON FUNCTION public.associations_update() TO authenticated;
GRANT ALL ON FUNCTION public.associations_update() TO service_role;


--
-- Name: FUNCTION can_access_contact(target_contact_id uuid); Type: ACL; Schema: public; Owner: postgres
--

GRANT ALL ON FUNCTION public.can_access_contact(target_contact_id uuid) TO anon;
GRANT ALL ON FUNCTION public.can_access_contact(target_contact_id uuid) TO authenticated;
GRANT ALL ON FUNCTION public.can_access_contact(target_contact_id uuid) TO service_role;


--
-- Name: FUNCTION can_access_horse(target_horse_id uuid); Type: ACL; Schema: public; Owner: postgres
--

GRANT ALL ON FUNCTION public.can_access_horse(target_horse_id uuid) TO anon;
GRANT ALL ON FUNCTION public.can_access_horse(target_horse_id uuid) TO authenticated;
GRANT ALL ON FUNCTION public.can_access_horse(target_horse_id uuid) TO service_role;


--
-- Name: FUNCTION can_book_stalls_for_horse(target_horse_id uuid); Type: ACL; Schema: public; Owner: postgres
--

GRANT ALL ON FUNCTION public.can_book_stalls_for_horse(target_horse_id uuid) TO anon;
GRANT ALL ON FUNCTION public.can_book_stalls_for_horse(target_horse_id uuid) TO authenticated;
GRANT ALL ON FUNCTION public.can_book_stalls_for_horse(target_horse_id uuid) TO service_role;


--
-- Name: FUNCTION can_claim_first_org_admin(target_organization_id uuid, target_user_id uuid, target_role text); Type: ACL; Schema: public; Owner: postgres
--

GRANT ALL ON FUNCTION public.can_claim_first_org_admin(target_organization_id uuid, target_user_id uuid, target_role text) TO anon;
GRANT ALL ON FUNCTION public.can_claim_first_org_admin(target_organization_id uuid, target_user_id uuid, target_role text) TO authenticated;
GRANT ALL ON FUNCTION public.can_claim_first_org_admin(target_organization_id uuid, target_user_id uuid, target_role text) TO service_role;


--
-- Name: FUNCTION can_correct_horse_identity(target_horse_id uuid); Type: ACL; Schema: public; Owner: postgres
--

REVOKE ALL ON FUNCTION public.can_correct_horse_identity(target_horse_id uuid) FROM PUBLIC;
GRANT ALL ON FUNCTION public.can_correct_horse_identity(target_horse_id uuid) TO authenticated;
GRANT ALL ON FUNCTION public.can_correct_horse_identity(target_horse_id uuid) TO service_role;


--
-- Name: FUNCTION can_create_entries_for_horse(target_horse_id uuid); Type: ACL; Schema: public; Owner: postgres
--

GRANT ALL ON FUNCTION public.can_create_entries_for_horse(target_horse_id uuid) TO anon;
GRANT ALL ON FUNCTION public.can_create_entries_for_horse(target_horse_id uuid) TO authenticated;
GRANT ALL ON FUNCTION public.can_create_entries_for_horse(target_horse_id uuid) TO service_role;


--
-- Name: FUNCTION can_identify_horse_document(target_horse_id uuid); Type: ACL; Schema: public; Owner: postgres
--

GRANT ALL ON FUNCTION public.can_identify_horse_document(target_horse_id uuid) TO anon;
GRANT ALL ON FUNCTION public.can_identify_horse_document(target_horse_id uuid) TO authenticated;
GRANT ALL ON FUNCTION public.can_identify_horse_document(target_horse_id uuid) TO service_role;


--
-- Name: FUNCTION can_manage_contact_identity(target_contact_id uuid); Type: ACL; Schema: public; Owner: postgres
--

GRANT ALL ON FUNCTION public.can_manage_contact_identity(target_contact_id uuid) TO anon;
GRANT ALL ON FUNCTION public.can_manage_contact_identity(target_contact_id uuid) TO authenticated;
GRANT ALL ON FUNCTION public.can_manage_contact_identity(target_contact_id uuid) TO service_role;


--
-- Name: FUNCTION can_manage_horse_identity(target_horse_id uuid); Type: ACL; Schema: public; Owner: postgres
--

GRANT ALL ON FUNCTION public.can_manage_horse_identity(target_horse_id uuid) TO anon;
GRANT ALL ON FUNCTION public.can_manage_horse_identity(target_horse_id uuid) TO authenticated;
GRANT ALL ON FUNCTION public.can_manage_horse_identity(target_horse_id uuid) TO service_role;


--
-- Name: FUNCTION can_manage_show(target_show_id uuid, accepted_roles text[]); Type: ACL; Schema: public; Owner: postgres
--

GRANT ALL ON FUNCTION public.can_manage_show(target_show_id uuid, accepted_roles text[]) TO anon;
GRANT ALL ON FUNCTION public.can_manage_show(target_show_id uuid, accepted_roles text[]) TO authenticated;
GRANT ALL ON FUNCTION public.can_manage_show(target_show_id uuid, accepted_roles text[]) TO service_role;


--
-- Name: FUNCTION can_manage_show_score_class(target_class_id uuid, accepted_show_roles text[]); Type: ACL; Schema: public; Owner: postgres
--

GRANT ALL ON FUNCTION public.can_manage_show_score_class(target_class_id uuid, accepted_show_roles text[]) TO anon;
GRANT ALL ON FUNCTION public.can_manage_show_score_class(target_class_id uuid, accepted_show_roles text[]) TO authenticated;
GRANT ALL ON FUNCTION public.can_manage_show_score_class(target_class_id uuid, accepted_show_roles text[]) TO service_role;


--
-- Name: FUNCTION can_manage_show_score_show(target_show_id uuid, accepted_show_roles text[]); Type: ACL; Schema: public; Owner: postgres
--

GRANT ALL ON FUNCTION public.can_manage_show_score_show(target_show_id uuid, accepted_show_roles text[]) TO anon;
GRANT ALL ON FUNCTION public.can_manage_show_score_show(target_show_id uuid, accepted_show_roles text[]) TO authenticated;
GRANT ALL ON FUNCTION public.can_manage_show_score_show(target_show_id uuid, accepted_show_roles text[]) TO service_role;


--
-- Name: FUNCTION can_modify_entries_for_horse(target_horse_id uuid); Type: ACL; Schema: public; Owner: postgres
--

GRANT ALL ON FUNCTION public.can_modify_entries_for_horse(target_horse_id uuid) TO anon;
GRANT ALL ON FUNCTION public.can_modify_entries_for_horse(target_horse_id uuid) TO authenticated;
GRANT ALL ON FUNCTION public.can_modify_entries_for_horse(target_horse_id uuid) TO service_role;


--
-- Name: FUNCTION can_pay_invoices_for_horse(target_horse_id uuid, target_contact_id uuid); Type: ACL; Schema: public; Owner: postgres
--

GRANT ALL ON FUNCTION public.can_pay_invoices_for_horse(target_horse_id uuid, target_contact_id uuid) TO anon;
GRANT ALL ON FUNCTION public.can_pay_invoices_for_horse(target_horse_id uuid, target_contact_id uuid) TO authenticated;
GRANT ALL ON FUNCTION public.can_pay_invoices_for_horse(target_horse_id uuid, target_contact_id uuid) TO service_role;


--
-- Name: FUNCTION can_review_contact_insurance_evidence(target_contact_id uuid); Type: ACL; Schema: public; Owner: postgres
--

GRANT ALL ON FUNCTION public.can_review_contact_insurance_evidence(target_contact_id uuid) TO anon;
GRANT ALL ON FUNCTION public.can_review_contact_insurance_evidence(target_contact_id uuid) TO authenticated;
GRANT ALL ON FUNCTION public.can_review_contact_insurance_evidence(target_contact_id uuid) TO service_role;


--
-- Name: FUNCTION can_score_show_score_class(target_class_id uuid); Type: ACL; Schema: public; Owner: postgres
--

GRANT ALL ON FUNCTION public.can_score_show_score_class(target_class_id uuid) TO anon;
GRANT ALL ON FUNCTION public.can_score_show_score_class(target_class_id uuid) TO authenticated;
GRANT ALL ON FUNCTION public.can_score_show_score_class(target_class_id uuid) TO service_role;


--
-- Name: FUNCTION can_search_global_identities(target_organization_id uuid); Type: ACL; Schema: public; Owner: postgres
--

GRANT ALL ON FUNCTION public.can_search_global_identities(target_organization_id uuid) TO anon;
GRANT ALL ON FUNCTION public.can_search_global_identities(target_organization_id uuid) TO authenticated;
GRANT ALL ON FUNCTION public.can_search_global_identities(target_organization_id uuid) TO service_role;


--
-- Name: FUNCTION can_view_show_score_class(target_class_id uuid); Type: ACL; Schema: public; Owner: postgres
--

GRANT ALL ON FUNCTION public.can_view_show_score_class(target_class_id uuid) TO anon;
GRANT ALL ON FUNCTION public.can_view_show_score_class(target_class_id uuid) TO authenticated;
GRANT ALL ON FUNCTION public.can_view_show_score_class(target_class_id uuid) TO service_role;


--
-- Name: FUNCTION can_view_show_score_show(target_show_id uuid); Type: ACL; Schema: public; Owner: postgres
--

GRANT ALL ON FUNCTION public.can_view_show_score_show(target_show_id uuid) TO anon;
GRANT ALL ON FUNCTION public.can_view_show_score_show(target_show_id uuid) TO authenticated;
GRANT ALL ON FUNCTION public.can_view_show_score_show(target_show_id uuid) TO service_role;


--
-- Name: TABLE contacts; Type: ACL; Schema: public; Owner: postgres
--

GRANT ALL ON TABLE public.contacts TO anon;
GRANT ALL ON TABLE public.contacts TO authenticated;
GRANT ALL ON TABLE public.contacts TO service_role;


--
-- Name: FUNCTION claim_contacts_for_current_user(); Type: ACL; Schema: public; Owner: postgres
--

REVOKE ALL ON FUNCTION public.claim_contacts_for_current_user() FROM PUBLIC;
GRANT ALL ON FUNCTION public.claim_contacts_for_current_user() TO anon;
GRANT ALL ON FUNCTION public.claim_contacts_for_current_user() TO authenticated;
GRANT ALL ON FUNCTION public.claim_contacts_for_current_user() TO service_role;


--
-- Name: TABLE organization_back_numbers; Type: ACL; Schema: public; Owner: postgres
--

GRANT ALL ON TABLE public.organization_back_numbers TO anon;
GRANT ALL ON TABLE public.organization_back_numbers TO authenticated;
GRANT ALL ON TABLE public.organization_back_numbers TO service_role;


--
-- Name: FUNCTION claim_horse_back_number(target_organization_id uuid, target_horse_id uuid, requested_number integer, target_assignment_mode text, target_rider_contact_id uuid); Type: ACL; Schema: public; Owner: postgres
--

GRANT ALL ON FUNCTION public.claim_horse_back_number(target_organization_id uuid, target_horse_id uuid, requested_number integer, target_assignment_mode text, target_rider_contact_id uuid) TO anon;
GRANT ALL ON FUNCTION public.claim_horse_back_number(target_organization_id uuid, target_horse_id uuid, requested_number integer, target_assignment_mode text, target_rider_contact_id uuid) TO authenticated;
GRANT ALL ON FUNCTION public.claim_horse_back_number(target_organization_id uuid, target_horse_id uuid, requested_number integer, target_assignment_mode text, target_rider_contact_id uuid) TO service_role;


--
-- Name: TABLE organization_disciplines; Type: ACL; Schema: public; Owner: postgres
--

GRANT ALL ON TABLE public.organization_disciplines TO anon;
GRANT ALL ON TABLE public.organization_disciplines TO authenticated;
GRANT ALL ON TABLE public.organization_disciplines TO service_role;


--
-- Name: FUNCTION configure_organization_discipline(target_organization_id uuid, target_discipline_id uuid, target_is_active boolean, target_is_default boolean, target_requires_host_membership boolean); Type: ACL; Schema: public; Owner: postgres
--

GRANT ALL ON FUNCTION public.configure_organization_discipline(target_organization_id uuid, target_discipline_id uuid, target_is_active boolean, target_is_default boolean, target_requires_host_membership boolean) TO anon;
GRANT ALL ON FUNCTION public.configure_organization_discipline(target_organization_id uuid, target_discipline_id uuid, target_is_active boolean, target_is_default boolean, target_requires_host_membership boolean) TO authenticated;
GRANT ALL ON FUNCTION public.configure_organization_discipline(target_organization_id uuid, target_discipline_id uuid, target_is_active boolean, target_is_default boolean, target_requires_host_membership boolean) TO service_role;


--
-- Name: FUNCTION contact_identity_name(first_name text, middle_name text, last_name text); Type: ACL; Schema: public; Owner: postgres
--

GRANT ALL ON FUNCTION public.contact_identity_name(first_name text, middle_name text, last_name text) TO anon;
GRANT ALL ON FUNCTION public.contact_identity_name(first_name text, middle_name text, last_name text) TO authenticated;
GRANT ALL ON FUNCTION public.contact_identity_name(first_name text, middle_name text, last_name text) TO service_role;


--
-- Name: FUNCTION contact_is_linked_to_org(target_contact_id uuid, target_organization_id uuid); Type: ACL; Schema: public; Owner: postgres
--

GRANT ALL ON FUNCTION public.contact_is_linked_to_org(target_contact_id uuid, target_organization_id uuid) TO anon;
GRANT ALL ON FUNCTION public.contact_is_linked_to_org(target_contact_id uuid, target_organization_id uuid) TO authenticated;
GRANT ALL ON FUNCTION public.contact_is_linked_to_org(target_contact_id uuid, target_organization_id uuid) TO service_role;


--
-- Name: FUNCTION copy_block_template_eligibility_requirements(); Type: ACL; Schema: public; Owner: postgres
--

GRANT ALL ON FUNCTION public.copy_block_template_eligibility_requirements() TO anon;
GRANT ALL ON FUNCTION public.copy_block_template_eligibility_requirements() TO authenticated;
GRANT ALL ON FUNCTION public.copy_block_template_eligibility_requirements() TO service_role;


--
-- Name: FUNCTION copy_class_template_eligibility_requirements(); Type: ACL; Schema: public; Owner: postgres
--

GRANT ALL ON FUNCTION public.copy_class_template_eligibility_requirements() TO anon;
GRANT ALL ON FUNCTION public.copy_class_template_eligibility_requirements() TO authenticated;
GRANT ALL ON FUNCTION public.copy_class_template_eligibility_requirements() TO service_role;


--
-- Name: TABLE horse_identity_corrections; Type: ACL; Schema: public; Owner: postgres
--

GRANT ALL ON TABLE public.horse_identity_corrections TO service_role;
GRANT SELECT ON TABLE public.horse_identity_corrections TO authenticated;


--
-- Name: FUNCTION correct_horse_identity(p_horse_id uuid, p_reason text, p_changes jsonb); Type: ACL; Schema: public; Owner: postgres
--

REVOKE ALL ON FUNCTION public.correct_horse_identity(p_horse_id uuid, p_reason text, p_changes jsonb) FROM PUBLIC;
GRANT ALL ON FUNCTION public.correct_horse_identity(p_horse_id uuid, p_reason text, p_changes jsonb) TO authenticated;
GRANT ALL ON FUNCTION public.correct_horse_identity(p_horse_id uuid, p_reason text, p_changes jsonb) TO service_role;


--
-- Name: FUNCTION create_association_with_owner(target_id text, target_name text, target_short_name text, target_timezone text, target_logo_data_url text, target_website_url text, target_sponsor_logos jsonb); Type: ACL; Schema: public; Owner: postgres
--

REVOKE ALL ON FUNCTION public.create_association_with_owner(target_id text, target_name text, target_short_name text, target_timezone text, target_logo_data_url text, target_website_url text, target_sponsor_logos jsonb) FROM PUBLIC;
GRANT ALL ON FUNCTION public.create_association_with_owner(target_id text, target_name text, target_short_name text, target_timezone text, target_logo_data_url text, target_website_url text, target_sponsor_logos jsonb) TO authenticated;
GRANT ALL ON FUNCTION public.create_association_with_owner(target_id text, target_name text, target_short_name text, target_timezone text, target_logo_data_url text, target_website_url text, target_sponsor_logos jsonb) TO service_role;


--
-- Name: TABLE horse_document_validations; Type: ACL; Schema: public; Owner: postgres
--

GRANT ALL ON TABLE public.horse_document_validations TO service_role;
GRANT SELECT ON TABLE public.horse_document_validations TO authenticated;


--
-- Name: FUNCTION create_horse_document_validation(p_horse_document_id uuid, p_validation jsonb); Type: ACL; Schema: public; Owner: postgres
--

REVOKE ALL ON FUNCTION public.create_horse_document_validation(p_horse_document_id uuid, p_validation jsonb) FROM PUBLIC;
GRANT ALL ON FUNCTION public.create_horse_document_validation(p_horse_document_id uuid, p_validation jsonb) TO authenticated;
GRANT ALL ON FUNCTION public.create_horse_document_validation(p_horse_document_id uuid, p_validation jsonb) TO service_role;


--
-- Name: TABLE organization_health_document_reviews; Type: ACL; Schema: public; Owner: postgres
--

GRANT ALL ON TABLE public.organization_health_document_reviews TO service_role;
GRANT SELECT ON TABLE public.organization_health_document_reviews TO authenticated;


--
-- Name: FUNCTION create_organization_health_document_review(p_organization_id uuid, p_horse_document_id uuid, p_status text, p_review_notes text); Type: ACL; Schema: public; Owner: postgres
--

REVOKE ALL ON FUNCTION public.create_organization_health_document_review(p_organization_id uuid, p_horse_document_id uuid, p_status text, p_review_notes text) FROM PUBLIC;
GRANT ALL ON FUNCTION public.create_organization_health_document_review(p_organization_id uuid, p_horse_document_id uuid, p_status text, p_review_notes text) TO authenticated;
GRANT ALL ON FUNCTION public.create_organization_health_document_review(p_organization_id uuid, p_horse_document_id uuid, p_status text, p_review_notes text) TO service_role;


--
-- Name: TABLE organizations; Type: ACL; Schema: public; Owner: postgres
--

GRANT ALL ON TABLE public.organizations TO anon;
GRANT ALL ON TABLE public.organizations TO authenticated;
GRANT ALL ON TABLE public.organizations TO service_role;


--
-- Name: FUNCTION create_organization_with_disciplines(target_name text, target_slug text, target_primary_contact_email text, target_timezone text, target_currency text, target_discipline_ids uuid[], target_default_discipline_id uuid, target_requires_host_membership boolean); Type: ACL; Schema: public; Owner: postgres
--

GRANT ALL ON FUNCTION public.create_organization_with_disciplines(target_name text, target_slug text, target_primary_contact_email text, target_timezone text, target_currency text, target_discipline_ids uuid[], target_default_discipline_id uuid, target_requires_host_membership boolean) TO anon;
GRANT ALL ON FUNCTION public.create_organization_with_disciplines(target_name text, target_slug text, target_primary_contact_email text, target_timezone text, target_currency text, target_discipline_ids uuid[], target_default_discipline_id uuid, target_requires_host_membership boolean) TO authenticated;
GRANT ALL ON FUNCTION public.create_organization_with_disciplines(target_name text, target_slug text, target_primary_contact_email text, target_timezone text, target_currency text, target_discipline_ids uuid[], target_default_discipline_id uuid, target_requires_host_membership boolean) TO service_role;


--
-- Name: FUNCTION current_profile_id(); Type: ACL; Schema: public; Owner: postgres
--

GRANT ALL ON FUNCTION public.current_profile_id() TO anon;
GRANT ALL ON FUNCTION public.current_profile_id() TO authenticated;
GRANT ALL ON FUNCTION public.current_profile_id() TO service_role;


--
-- Name: FUNCTION current_user_is_platform_admin(); Type: ACL; Schema: public; Owner: postgres
--

GRANT ALL ON FUNCTION public.current_user_is_platform_admin() TO anon;
GRANT ALL ON FUNCTION public.current_user_is_platform_admin() TO authenticated;
GRANT ALL ON FUNCTION public.current_user_is_platform_admin() TO service_role;


--
-- Name: FUNCTION days_delete(); Type: ACL; Schema: public; Owner: postgres
--

GRANT ALL ON FUNCTION public.days_delete() TO anon;
GRANT ALL ON FUNCTION public.days_delete() TO authenticated;
GRANT ALL ON FUNCTION public.days_delete() TO service_role;


--
-- Name: FUNCTION days_insert(); Type: ACL; Schema: public; Owner: postgres
--

GRANT ALL ON FUNCTION public.days_insert() TO anon;
GRANT ALL ON FUNCTION public.days_insert() TO authenticated;
GRANT ALL ON FUNCTION public.days_insert() TO service_role;


--
-- Name: FUNCTION days_update(); Type: ACL; Schema: public; Owner: postgres
--

GRANT ALL ON FUNCTION public.days_update() TO anon;
GRANT ALL ON FUNCTION public.days_update() TO authenticated;
GRANT ALL ON FUNCTION public.days_update() TO service_role;


--
-- Name: FUNCTION delete_show_score_paid_warmup_block(); Type: ACL; Schema: public; Owner: postgres
--

GRANT ALL ON FUNCTION public.delete_show_score_paid_warmup_block() TO anon;
GRANT ALL ON FUNCTION public.delete_show_score_paid_warmup_block() TO authenticated;
GRANT ALL ON FUNCTION public.delete_show_score_paid_warmup_block() TO service_role;


--
-- Name: FUNCTION dismiss_contact_identity_candidate(target_organization_id uuid, target_contact_id uuid, target_signature text, target_reason text); Type: ACL; Schema: public; Owner: postgres
--

GRANT ALL ON FUNCTION public.dismiss_contact_identity_candidate(target_organization_id uuid, target_contact_id uuid, target_signature text, target_reason text) TO anon;
GRANT ALL ON FUNCTION public.dismiss_contact_identity_candidate(target_organization_id uuid, target_contact_id uuid, target_signature text, target_reason text) TO authenticated;
GRANT ALL ON FUNCTION public.dismiss_contact_identity_candidate(target_organization_id uuid, target_contact_id uuid, target_signature text, target_reason text) TO service_role;


--
-- Name: FUNCTION dismiss_horse_identity_candidate(target_organization_id uuid, target_horse_id uuid, target_signature text, target_reason text); Type: ACL; Schema: public; Owner: postgres
--

GRANT ALL ON FUNCTION public.dismiss_horse_identity_candidate(target_organization_id uuid, target_horse_id uuid, target_signature text, target_reason text) TO anon;
GRANT ALL ON FUNCTION public.dismiss_horse_identity_candidate(target_organization_id uuid, target_horse_id uuid, target_signature text, target_reason text) TO authenticated;
GRANT ALL ON FUNCTION public.dismiss_horse_identity_candidate(target_organization_id uuid, target_horse_id uuid, target_signature text, target_reason text) TO service_role;


--
-- Name: FUNCTION enforce_entry_coggins_health(); Type: ACL; Schema: public; Owner: postgres
--

GRANT ALL ON FUNCTION public.enforce_entry_coggins_health() TO anon;
GRANT ALL ON FUNCTION public.enforce_entry_coggins_health() TO authenticated;
GRANT ALL ON FUNCTION public.enforce_entry_coggins_health() TO service_role;


--
-- Name: FUNCTION enforce_entry_eligibility_requirements(); Type: ACL; Schema: public; Owner: postgres
--

GRANT ALL ON FUNCTION public.enforce_entry_eligibility_requirements() TO anon;
GRANT ALL ON FUNCTION public.enforce_entry_eligibility_requirements() TO authenticated;
GRANT ALL ON FUNCTION public.enforce_entry_eligibility_requirements() TO service_role;


--
-- Name: FUNCTION enforce_entry_program_limits(); Type: ACL; Schema: public; Owner: postgres
--

GRANT ALL ON FUNCTION public.enforce_entry_program_limits() TO anon;
GRANT ALL ON FUNCTION public.enforce_entry_program_limits() TO authenticated;
GRANT ALL ON FUNCTION public.enforce_entry_program_limits() TO service_role;


--
-- Name: FUNCTION enforce_horse_document_immutability(); Type: ACL; Schema: public; Owner: postgres
--

GRANT ALL ON FUNCTION public.enforce_horse_document_immutability() TO anon;
GRANT ALL ON FUNCTION public.enforce_horse_document_immutability() TO authenticated;
GRANT ALL ON FUNCTION public.enforce_horse_document_immutability() TO service_role;


--
-- Name: FUNCTION enforce_horse_document_validation_integrity(); Type: ACL; Schema: public; Owner: postgres
--

GRANT ALL ON FUNCTION public.enforce_horse_document_validation_integrity() TO anon;
GRANT ALL ON FUNCTION public.enforce_horse_document_validation_integrity() TO authenticated;
GRANT ALL ON FUNCTION public.enforce_horse_document_validation_integrity() TO service_role;


--
-- Name: FUNCTION enforce_horse_health_compliance_for_show(); Type: ACL; Schema: public; Owner: postgres
--

GRANT ALL ON FUNCTION public.enforce_horse_health_compliance_for_show() TO anon;
GRANT ALL ON FUNCTION public.enforce_horse_health_compliance_for_show() TO authenticated;
GRANT ALL ON FUNCTION public.enforce_horse_health_compliance_for_show() TO service_role;


--
-- Name: FUNCTION enforce_payout_calculation_status_transition(); Type: ACL; Schema: public; Owner: postgres
--

GRANT ALL ON FUNCTION public.enforce_payout_calculation_status_transition() TO anon;
GRANT ALL ON FUNCTION public.enforce_payout_calculation_status_transition() TO authenticated;
GRANT ALL ON FUNCTION public.enforce_payout_calculation_status_transition() TO service_role;


--
-- Name: FUNCTION enforce_verified_horse_external_identifier_lock(); Type: ACL; Schema: public; Owner: postgres
--

GRANT ALL ON FUNCTION public.enforce_verified_horse_external_identifier_lock() TO anon;
GRANT ALL ON FUNCTION public.enforce_verified_horse_external_identifier_lock() TO authenticated;
GRANT ALL ON FUNCTION public.enforce_verified_horse_external_identifier_lock() TO service_role;


--
-- Name: FUNCTION enforce_verified_horse_identity_locks(); Type: ACL; Schema: public; Owner: postgres
--

GRANT ALL ON FUNCTION public.enforce_verified_horse_identity_locks() TO anon;
GRANT ALL ON FUNCTION public.enforce_verified_horse_identity_locks() TO authenticated;
GRANT ALL ON FUNCTION public.enforce_verified_horse_identity_locks() TO service_role;


--
-- Name: FUNCTION ensure_default_organization_health_policy(); Type: ACL; Schema: public; Owner: postgres
--

GRANT ALL ON FUNCTION public.ensure_default_organization_health_policy() TO anon;
GRANT ALL ON FUNCTION public.ensure_default_organization_health_policy() TO authenticated;
GRANT ALL ON FUNCTION public.ensure_default_organization_health_policy() TO service_role;


--
-- Name: FUNCTION ensure_org_slug(); Type: ACL; Schema: public; Owner: postgres
--

GRANT ALL ON FUNCTION public.ensure_org_slug() TO anon;
GRANT ALL ON FUNCTION public.ensure_org_slug() TO authenticated;
GRANT ALL ON FUNCTION public.ensure_org_slug() TO service_role;


--
-- Name: FUNCTION ensure_show_days_from_show_dates(); Type: ACL; Schema: public; Owner: postgres
--

GRANT ALL ON FUNCTION public.ensure_show_days_from_show_dates() TO anon;
GRANT ALL ON FUNCTION public.ensure_show_days_from_show_dates() TO authenticated;
GRANT ALL ON FUNCTION public.ensure_show_days_from_show_dates() TO service_role;


--
-- Name: FUNCTION ensure_show_slug(); Type: ACL; Schema: public; Owner: postgres
--

GRANT ALL ON FUNCTION public.ensure_show_slug() TO anon;
GRANT ALL ON FUNCTION public.ensure_show_slug() TO authenticated;
GRANT ALL ON FUNCTION public.ensure_show_slug() TO service_role;


--
-- Name: FUNCTION evaluate_entry_eligibility_requirements(target_entry_id uuid, target_reference_date date); Type: ACL; Schema: public; Owner: postgres
--

GRANT ALL ON FUNCTION public.evaluate_entry_eligibility_requirements(target_entry_id uuid, target_reference_date date) TO anon;
GRANT ALL ON FUNCTION public.evaluate_entry_eligibility_requirements(target_entry_id uuid, target_reference_date date) TO authenticated;
GRANT ALL ON FUNCTION public.evaluate_entry_eligibility_requirements(target_entry_id uuid, target_reference_date date) TO service_role;


--
-- Name: FUNCTION evaluate_horse_health_compliance(p_horse_id uuid, p_organization_id uuid, p_reference_date date); Type: ACL; Schema: public; Owner: postgres
--

REVOKE ALL ON FUNCTION public.evaluate_horse_health_compliance(p_horse_id uuid, p_organization_id uuid, p_reference_date date) FROM PUBLIC;
GRANT ALL ON FUNCTION public.evaluate_horse_health_compliance(p_horse_id uuid, p_organization_id uuid, p_reference_date date) TO service_role;


--
-- Name: FUNCTION find_user_profile_for_association(target_association_id text, target_email text); Type: ACL; Schema: public; Owner: postgres
--

GRANT ALL ON FUNCTION public.find_user_profile_for_association(target_association_id text, target_email text) TO anon;
GRANT ALL ON FUNCTION public.find_user_profile_for_association(target_association_id text, target_email text) TO authenticated;
GRANT ALL ON FUNCTION public.find_user_profile_for_association(target_association_id text, target_email text) TO service_role;


--
-- Name: FUNCTION get_horse_health_compliance(p_horse_id uuid, p_organization_id uuid, p_reference_date date); Type: ACL; Schema: public; Owner: postgres
--

REVOKE ALL ON FUNCTION public.get_horse_health_compliance(p_horse_id uuid, p_organization_id uuid, p_reference_date date) FROM PUBLIC;
GRANT ALL ON FUNCTION public.get_horse_health_compliance(p_horse_id uuid, p_organization_id uuid, p_reference_date date) TO authenticated;
GRANT ALL ON FUNCTION public.get_horse_health_compliance(p_horse_id uuid, p_organization_id uuid, p_reference_date date) TO service_role;


--
-- Name: FUNCTION get_horse_identity_locks(p_horse_id uuid); Type: ACL; Schema: public; Owner: postgres
--

REVOKE ALL ON FUNCTION public.get_horse_identity_locks(p_horse_id uuid) FROM PUBLIC;
GRANT ALL ON FUNCTION public.get_horse_identity_locks(p_horse_id uuid) TO authenticated;
GRANT ALL ON FUNCTION public.get_horse_identity_locks(p_horse_id uuid) TO service_role;


--
-- Name: FUNCTION global_pattern_timing_stats(min_duration_seconds integer); Type: ACL; Schema: public; Owner: postgres
--

GRANT ALL ON FUNCTION public.global_pattern_timing_stats(min_duration_seconds integer) TO anon;
GRANT ALL ON FUNCTION public.global_pattern_timing_stats(min_duration_seconds integer) TO authenticated;
GRANT ALL ON FUNCTION public.global_pattern_timing_stats(min_duration_seconds integer) TO service_role;


--
-- Name: FUNCTION handle_new_user(); Type: ACL; Schema: public; Owner: postgres
--

GRANT ALL ON FUNCTION public.handle_new_user() TO anon;
GRANT ALL ON FUNCTION public.handle_new_user() TO authenticated;
GRANT ALL ON FUNCTION public.handle_new_user() TO service_role;


--
-- Name: FUNCTION has_linked_contact_in_org(target_organization_id uuid); Type: ACL; Schema: public; Owner: postgres
--

GRANT ALL ON FUNCTION public.has_linked_contact_in_org(target_organization_id uuid) TO anon;
GRANT ALL ON FUNCTION public.has_linked_contact_in_org(target_organization_id uuid) TO authenticated;
GRANT ALL ON FUNCTION public.has_linked_contact_in_org(target_organization_id uuid) TO service_role;


--
-- Name: FUNCTION has_show_role(target_show_id uuid, accepted_roles text[]); Type: ACL; Schema: public; Owner: postgres
--

GRANT ALL ON FUNCTION public.has_show_role(target_show_id uuid, accepted_roles text[]) TO anon;
GRANT ALL ON FUNCTION public.has_show_role(target_show_id uuid, accepted_roles text[]) TO authenticated;
GRANT ALL ON FUNCTION public.has_show_role(target_show_id uuid, accepted_roles text[]) TO service_role;


--
-- Name: FUNCTION horse_identity_locks_for(target_horse_id uuid); Type: ACL; Schema: public; Owner: postgres
--

REVOKE ALL ON FUNCTION public.horse_identity_locks_for(target_horse_id uuid) FROM PUBLIC;
GRANT ALL ON FUNCTION public.horse_identity_locks_for(target_horse_id uuid) TO service_role;


--
-- Name: FUNCTION horse_identity_snapshot_for(target_horse_id uuid); Type: ACL; Schema: public; Owner: postgres
--

REVOKE ALL ON FUNCTION public.horse_identity_snapshot_for(target_horse_id uuid) FROM PUBLIC;
GRANT ALL ON FUNCTION public.horse_identity_snapshot_for(target_horse_id uuid) TO service_role;


--
-- Name: FUNCTION horse_is_linked_to_org(target_horse_id uuid, target_organization_id uuid); Type: ACL; Schema: public; Owner: postgres
--

GRANT ALL ON FUNCTION public.horse_is_linked_to_org(target_horse_id uuid, target_organization_id uuid) TO anon;
GRANT ALL ON FUNCTION public.horse_is_linked_to_org(target_horse_id uuid, target_organization_id uuid) TO authenticated;
GRANT ALL ON FUNCTION public.horse_is_linked_to_org(target_horse_id uuid, target_organization_id uuid) TO service_role;


--
-- Name: FUNCTION identity_search_key(target_value text); Type: ACL; Schema: public; Owner: postgres
--

GRANT ALL ON FUNCTION public.identity_search_key(target_value text) TO anon;
GRANT ALL ON FUNCTION public.identity_search_key(target_value text) TO authenticated;
GRANT ALL ON FUNCTION public.identity_search_key(target_value text) TO service_role;


--
-- Name: FUNCTION import_incentive_program_nominations(p_organization_id uuid, p_rows jsonb); Type: ACL; Schema: public; Owner: postgres
--

GRANT ALL ON FUNCTION public.import_incentive_program_nominations(p_organization_id uuid, p_rows jsonb) TO anon;
GRANT ALL ON FUNCTION public.import_incentive_program_nominations(p_organization_id uuid, p_rows jsonb) TO authenticated;
GRANT ALL ON FUNCTION public.import_incentive_program_nominations(p_organization_id uuid, p_rows jsonb) TO service_role;


--
-- Name: FUNCTION is_org_member(target_organization_id uuid, accepted_roles text[]); Type: ACL; Schema: public; Owner: postgres
--

GRANT ALL ON FUNCTION public.is_org_member(target_organization_id uuid, accepted_roles text[]) TO anon;
GRANT ALL ON FUNCTION public.is_org_member(target_organization_id uuid, accepted_roles text[]) TO authenticated;
GRANT ALL ON FUNCTION public.is_org_member(target_organization_id uuid, accepted_roles text[]) TO service_role;


--
-- Name: FUNCTION is_platform_admin(); Type: ACL; Schema: public; Owner: postgres
--

GRANT ALL ON FUNCTION public.is_platform_admin() TO anon;
GRANT ALL ON FUNCTION public.is_platform_admin() TO authenticated;
GRANT ALL ON FUNCTION public.is_platform_admin() TO service_role;


--
-- Name: FUNCTION list_horse_health_compliance(p_horse_ids uuid[], p_organization_id uuid, p_reference_date date); Type: ACL; Schema: public; Owner: postgres
--

REVOKE ALL ON FUNCTION public.list_horse_health_compliance(p_horse_ids uuid[], p_organization_id uuid, p_reference_date date) FROM PUBLIC;
GRANT ALL ON FUNCTION public.list_horse_health_compliance(p_horse_ids uuid[], p_organization_id uuid, p_reference_date date) TO authenticated;
GRANT ALL ON FUNCTION public.list_horse_health_compliance(p_horse_ids uuid[], p_organization_id uuid, p_reference_date date) TO service_role;


--
-- Name: FUNCTION manual_sale_invoice_item_type(target_category text); Type: ACL; Schema: public; Owner: postgres
--

GRANT ALL ON FUNCTION public.manual_sale_invoice_item_type(target_category text) TO anon;
GRANT ALL ON FUNCTION public.manual_sale_invoice_item_type(target_category text) TO authenticated;
GRANT ALL ON FUNCTION public.manual_sale_invoice_item_type(target_category text) TO service_role;


--
-- Name: FUNCTION next_invoice_number(target_organization_id uuid, target_show_id uuid); Type: ACL; Schema: public; Owner: postgres
--

GRANT ALL ON FUNCTION public.next_invoice_number(target_organization_id uuid, target_show_id uuid) TO anon;
GRANT ALL ON FUNCTION public.next_invoice_number(target_organization_id uuid, target_show_id uuid) TO authenticated;
GRANT ALL ON FUNCTION public.next_invoice_number(target_organization_id uuid, target_show_id uuid) TO service_role;


--
-- Name: FUNCTION normalize_contact_email(); Type: ACL; Schema: public; Owner: postgres
--

GRANT ALL ON FUNCTION public.normalize_contact_email() TO anon;
GRANT ALL ON FUNCTION public.normalize_contact_email() TO authenticated;
GRANT ALL ON FUNCTION public.normalize_contact_email() TO service_role;


--
-- Name: TABLE organization_health_policies; Type: ACL; Schema: public; Owner: postgres
--

GRANT ALL ON TABLE public.organization_health_policies TO service_role;
GRANT SELECT ON TABLE public.organization_health_policies TO anon;
GRANT SELECT ON TABLE public.organization_health_policies TO authenticated;


--
-- Name: FUNCTION organization_health_policy_at(target_organization_id uuid, target_reference_date date); Type: ACL; Schema: public; Owner: postgres
--

REVOKE ALL ON FUNCTION public.organization_health_policy_at(target_organization_id uuid, target_reference_date date) FROM PUBLIC;
GRANT ALL ON FUNCTION public.organization_health_policy_at(target_organization_id uuid, target_reference_date date) TO anon;
GRANT ALL ON FUNCTION public.organization_health_policy_at(target_organization_id uuid, target_reference_date date) TO authenticated;
GRANT ALL ON FUNCTION public.organization_health_policy_at(target_organization_id uuid, target_reference_date date) TO service_role;


--
-- Name: FUNCTION prevent_verified_horse_document_deletion(); Type: ACL; Schema: public; Owner: postgres
--

GRANT ALL ON FUNCTION public.prevent_verified_horse_document_deletion() TO anon;
GRANT ALL ON FUNCTION public.prevent_verified_horse_document_deletion() TO authenticated;
GRANT ALL ON FUNCTION public.prevent_verified_horse_document_deletion() TO service_role;


--
-- Name: FUNCTION public_show_timing_summary(target_show_id uuid, min_duration_seconds integer); Type: ACL; Schema: public; Owner: postgres
--

GRANT ALL ON FUNCTION public.public_show_timing_summary(target_show_id uuid, min_duration_seconds integer) TO anon;
GRANT ALL ON FUNCTION public.public_show_timing_summary(target_show_id uuid, min_duration_seconds integer) TO authenticated;
GRANT ALL ON FUNCTION public.public_show_timing_summary(target_show_id uuid, min_duration_seconds integer) TO service_role;


--
-- Name: TABLE incentive_program_nominations; Type: ACL; Schema: public; Owner: postgres
--

GRANT ALL ON TABLE public.incentive_program_nominations TO anon;
GRANT ALL ON TABLE public.incentive_program_nominations TO authenticated;
GRANT ALL ON TABLE public.incentive_program_nominations TO service_role;


--
-- Name: FUNCTION purchase_incentive_program_nomination(p_incentive_program_id uuid, p_horse_id uuid, p_payer_contact_id uuid, p_nomination_role text, p_season_year integer, p_qualifying_stallion_nomination_id uuid, p_reference_number text, p_notes text); Type: ACL; Schema: public; Owner: postgres
--

GRANT ALL ON FUNCTION public.purchase_incentive_program_nomination(p_incentive_program_id uuid, p_horse_id uuid, p_payer_contact_id uuid, p_nomination_role text, p_season_year integer, p_qualifying_stallion_nomination_id uuid, p_reference_number text, p_notes text) TO anon;
GRANT ALL ON FUNCTION public.purchase_incentive_program_nomination(p_incentive_program_id uuid, p_horse_id uuid, p_payer_contact_id uuid, p_nomination_role text, p_season_year integer, p_qualifying_stallion_nomination_id uuid, p_reference_number text, p_notes text) TO authenticated;
GRANT ALL ON FUNCTION public.purchase_incentive_program_nomination(p_incentive_program_id uuid, p_horse_id uuid, p_payer_contact_id uuid, p_nomination_role text, p_season_year integer, p_qualifying_stallion_nomination_id uuid, p_reference_number text, p_notes text) TO service_role;


--
-- Name: FUNCTION recalculate_entry_judge_fees(target_invoice_id uuid); Type: ACL; Schema: public; Owner: postgres
--

GRANT ALL ON FUNCTION public.recalculate_entry_judge_fees(target_invoice_id uuid) TO anon;
GRANT ALL ON FUNCTION public.recalculate_entry_judge_fees(target_invoice_id uuid) TO authenticated;
GRANT ALL ON FUNCTION public.recalculate_entry_judge_fees(target_invoice_id uuid) TO service_role;


--
-- Name: FUNCTION recalculate_invoice_totals(target_invoice_id uuid); Type: ACL; Schema: public; Owner: postgres
--

GRANT ALL ON FUNCTION public.recalculate_invoice_totals(target_invoice_id uuid) TO anon;
GRANT ALL ON FUNCTION public.recalculate_invoice_totals(target_invoice_id uuid) TO authenticated;
GRANT ALL ON FUNCTION public.recalculate_invoice_totals(target_invoice_id uuid) TO service_role;


--
-- Name: FUNCTION record_app_event(target_event_type text, target_event_name text, target_association_id text, target_show_id text, target_day_id text, target_class_id text, target_session_id text, target_path text, target_user_agent text, target_locale text, target_timezone text, target_metadata jsonb); Type: ACL; Schema: public; Owner: postgres
--

GRANT ALL ON FUNCTION public.record_app_event(target_event_type text, target_event_name text, target_association_id text, target_show_id text, target_day_id text, target_class_id text, target_session_id text, target_path text, target_user_agent text, target_locale text, target_timezone text, target_metadata jsonb) TO anon;
GRANT ALL ON FUNCTION public.record_app_event(target_event_type text, target_event_name text, target_association_id text, target_show_id text, target_day_id text, target_class_id text, target_session_id text, target_path text, target_user_agent text, target_locale text, target_timezone text, target_metadata jsonb) TO authenticated;
GRANT ALL ON FUNCTION public.record_app_event(target_event_type text, target_event_name text, target_association_id text, target_show_id text, target_day_id text, target_class_id text, target_session_id text, target_path text, target_user_agent text, target_locale text, target_timezone text, target_metadata jsonb) TO service_role;


--
-- Name: FUNCTION resolve_incentive_program_nomination_fee(p_incentive_program_id uuid, p_horse_id uuid, p_season_year integer); Type: ACL; Schema: public; Owner: postgres
--

REVOKE ALL ON FUNCTION public.resolve_incentive_program_nomination_fee(p_incentive_program_id uuid, p_horse_id uuid, p_season_year integer) FROM PUBLIC;
GRANT ALL ON FUNCTION public.resolve_incentive_program_nomination_fee(p_incentive_program_id uuid, p_horse_id uuid, p_season_year integer) TO service_role;


--
-- Name: FUNCTION reuse_contact_by_email(target_organization_id uuid, target_type text, target_first_name text, target_last_name text, target_email text, target_phone text, target_barn_name text, target_linked_user_id uuid, target_created_by_user_id uuid, target_roles text[]); Type: ACL; Schema: public; Owner: postgres
--

REVOKE ALL ON FUNCTION public.reuse_contact_by_email(target_organization_id uuid, target_type text, target_first_name text, target_last_name text, target_email text, target_phone text, target_barn_name text, target_linked_user_id uuid, target_created_by_user_id uuid, target_roles text[]) FROM PUBLIC;
GRANT ALL ON FUNCTION public.reuse_contact_by_email(target_organization_id uuid, target_type text, target_first_name text, target_last_name text, target_email text, target_phone text, target_barn_name text, target_linked_user_id uuid, target_created_by_user_id uuid, target_roles text[]) TO anon;
GRANT ALL ON FUNCTION public.reuse_contact_by_email(target_organization_id uuid, target_type text, target_first_name text, target_last_name text, target_email text, target_phone text, target_barn_name text, target_linked_user_id uuid, target_created_by_user_id uuid, target_roles text[]) TO authenticated;
GRANT ALL ON FUNCTION public.reuse_contact_by_email(target_organization_id uuid, target_type text, target_first_name text, target_last_name text, target_email text, target_phone text, target_barn_name text, target_linked_user_id uuid, target_created_by_user_id uuid, target_roles text[]) TO service_role;


--
-- Name: FUNCTION save_show_score_announcer_live_session(target_class_id uuid, target_runs jsonb, target_active_manoeuvre jsonb, target_started_at timestamp with time zone, target_completed_at timestamp with time zone, target_completed_by uuid, target_revision bigint); Type: ACL; Schema: public; Owner: postgres
--

REVOKE ALL ON FUNCTION public.save_show_score_announcer_live_session(target_class_id uuid, target_runs jsonb, target_active_manoeuvre jsonb, target_started_at timestamp with time zone, target_completed_at timestamp with time zone, target_completed_by uuid, target_revision bigint) FROM PUBLIC;
GRANT ALL ON FUNCTION public.save_show_score_announcer_live_session(target_class_id uuid, target_runs jsonb, target_active_manoeuvre jsonb, target_started_at timestamp with time zone, target_completed_at timestamp with time zone, target_completed_by uuid, target_revision bigint) TO authenticated;
GRANT ALL ON FUNCTION public.save_show_score_announcer_live_session(target_class_id uuid, target_runs jsonb, target_active_manoeuvre jsonb, target_started_at timestamp with time zone, target_completed_at timestamp with time zone, target_completed_by uuid, target_revision bigint) TO service_role;


--
-- Name: FUNCTION save_show_score_paid_warmup_live(target_paid_warmup_id uuid, target_is_public_live boolean, target_update_queue boolean, target_active_entry_id text, target_active_started_at timestamp with time zone, target_entries jsonb); Type: ACL; Schema: public; Owner: postgres
--

REVOKE ALL ON FUNCTION public.save_show_score_paid_warmup_live(target_paid_warmup_id uuid, target_is_public_live boolean, target_update_queue boolean, target_active_entry_id text, target_active_started_at timestamp with time zone, target_entries jsonb) FROM PUBLIC;
GRANT ALL ON FUNCTION public.save_show_score_paid_warmup_live(target_paid_warmup_id uuid, target_is_public_live boolean, target_update_queue boolean, target_active_entry_id text, target_active_started_at timestamp with time zone, target_entries jsonb) TO authenticated;
GRANT ALL ON FUNCTION public.save_show_score_paid_warmup_live(target_paid_warmup_id uuid, target_is_public_live boolean, target_update_queue boolean, target_active_entry_id text, target_active_started_at timestamp with time zone, target_entries jsonb) TO service_role;


--
-- Name: FUNCTION search_contact_identity_candidates(target_organization_id uuid, target_first_name text, target_middle_name text, target_last_name text, target_email text, target_phone text, target_date_of_birth date, result_limit integer); Type: ACL; Schema: public; Owner: postgres
--

GRANT ALL ON FUNCTION public.search_contact_identity_candidates(target_organization_id uuid, target_first_name text, target_middle_name text, target_last_name text, target_email text, target_phone text, target_date_of_birth date, result_limit integer) TO anon;
GRANT ALL ON FUNCTION public.search_contact_identity_candidates(target_organization_id uuid, target_first_name text, target_middle_name text, target_last_name text, target_email text, target_phone text, target_date_of_birth date, result_limit integer) TO authenticated;
GRANT ALL ON FUNCTION public.search_contact_identity_candidates(target_organization_id uuid, target_first_name text, target_middle_name text, target_last_name text, target_email text, target_phone text, target_date_of_birth date, result_limit integer) TO service_role;


--
-- Name: FUNCTION search_horse_identity_candidates(target_organization_id uuid, target_name text, target_registration_number text, target_date_of_birth date, target_birth_year integer, target_gender text, target_owner_contact_id uuid, result_limit integer); Type: ACL; Schema: public; Owner: postgres
--

GRANT ALL ON FUNCTION public.search_horse_identity_candidates(target_organization_id uuid, target_name text, target_registration_number text, target_date_of_birth date, target_birth_year integer, target_gender text, target_owner_contact_id uuid, result_limit integer) TO anon;
GRANT ALL ON FUNCTION public.search_horse_identity_candidates(target_organization_id uuid, target_name text, target_registration_number text, target_date_of_birth date, target_birth_year integer, target_gender text, target_owner_contact_id uuid, result_limit integer) TO authenticated;
GRANT ALL ON FUNCTION public.search_horse_identity_candidates(target_organization_id uuid, target_name text, target_registration_number text, target_date_of_birth date, target_birth_year integer, target_gender text, target_owner_contact_id uuid, result_limit integer) TO service_role;


--
-- Name: FUNCTION set_block_judge_assignment_refs(); Type: ACL; Schema: public; Owner: postgres
--

GRANT ALL ON FUNCTION public.set_block_judge_assignment_refs() TO anon;
GRANT ALL ON FUNCTION public.set_block_judge_assignment_refs() TO authenticated;
GRANT ALL ON FUNCTION public.set_block_judge_assignment_refs() TO service_role;


--
-- Name: FUNCTION set_block_refs(); Type: ACL; Schema: public; Owner: postgres
--

GRANT ALL ON FUNCTION public.set_block_refs() TO anon;
GRANT ALL ON FUNCTION public.set_block_refs() TO authenticated;
GRANT ALL ON FUNCTION public.set_block_refs() TO service_role;


--
-- Name: FUNCTION set_block_run_entries_updated_at(); Type: ACL; Schema: public; Owner: postgres
--

GRANT ALL ON FUNCTION public.set_block_run_entries_updated_at() TO anon;
GRANT ALL ON FUNCTION public.set_block_run_entries_updated_at() TO authenticated;
GRANT ALL ON FUNCTION public.set_block_run_entries_updated_at() TO service_role;


--
-- Name: FUNCTION set_class_refs(); Type: ACL; Schema: public; Owner: postgres
--

GRANT ALL ON FUNCTION public.set_class_refs() TO anon;
GRANT ALL ON FUNCTION public.set_class_refs() TO authenticated;
GRANT ALL ON FUNCTION public.set_class_refs() TO service_role;


--
-- Name: FUNCTION set_class_template_context(); Type: ACL; Schema: public; Owner: postgres
--

GRANT ALL ON FUNCTION public.set_class_template_context() TO anon;
GRANT ALL ON FUNCTION public.set_class_template_context() TO authenticated;
GRANT ALL ON FUNCTION public.set_class_template_context() TO service_role;


--
-- Name: FUNCTION set_class_template_division_organization(); Type: ACL; Schema: public; Owner: postgres
--

GRANT ALL ON FUNCTION public.set_class_template_division_organization() TO anon;
GRANT ALL ON FUNCTION public.set_class_template_division_organization() TO authenticated;
GRANT ALL ON FUNCTION public.set_class_template_division_organization() TO service_role;


--
-- Name: FUNCTION set_contact_role_organization(); Type: ACL; Schema: public; Owner: postgres
--

GRANT ALL ON FUNCTION public.set_contact_role_organization() TO anon;
GRANT ALL ON FUNCTION public.set_contact_role_organization() TO authenticated;
GRANT ALL ON FUNCTION public.set_contact_role_organization() TO service_role;


--
-- Name: FUNCTION set_division_refs(); Type: ACL; Schema: public; Owner: postgres
--

GRANT ALL ON FUNCTION public.set_division_refs() TO anon;
GRANT ALL ON FUNCTION public.set_division_refs() TO authenticated;
GRANT ALL ON FUNCTION public.set_division_refs() TO service_role;


--
-- Name: FUNCTION set_entry_refs(); Type: ACL; Schema: public; Owner: postgres
--

GRANT ALL ON FUNCTION public.set_entry_refs() TO anon;
GRANT ALL ON FUNCTION public.set_entry_refs() TO authenticated;
GRANT ALL ON FUNCTION public.set_entry_refs() TO service_role;


--
-- Name: FUNCTION set_internal_membership_defaults(); Type: ACL; Schema: public; Owner: postgres
--

GRANT ALL ON FUNCTION public.set_internal_membership_defaults() TO anon;
GRANT ALL ON FUNCTION public.set_internal_membership_defaults() TO authenticated;
GRANT ALL ON FUNCTION public.set_internal_membership_defaults() TO service_role;


--
-- Name: FUNCTION set_invoice_line_item_refs(); Type: ACL; Schema: public; Owner: postgres
--

GRANT ALL ON FUNCTION public.set_invoice_line_item_refs() TO anon;
GRANT ALL ON FUNCTION public.set_invoice_line_item_refs() TO authenticated;
GRANT ALL ON FUNCTION public.set_invoice_line_item_refs() TO service_role;


--
-- Name: FUNCTION set_invoice_refs(); Type: ACL; Schema: public; Owner: postgres
--

GRANT ALL ON FUNCTION public.set_invoice_refs() TO anon;
GRANT ALL ON FUNCTION public.set_invoice_refs() TO authenticated;
GRANT ALL ON FUNCTION public.set_invoice_refs() TO service_role;


--
-- Name: FUNCTION set_manual_sale_defaults(); Type: ACL; Schema: public; Owner: postgres
--

GRANT ALL ON FUNCTION public.set_manual_sale_defaults() TO anon;
GRANT ALL ON FUNCTION public.set_manual_sale_defaults() TO authenticated;
GRANT ALL ON FUNCTION public.set_manual_sale_defaults() TO service_role;


--
-- Name: FUNCTION set_organization_health_policy(p_organization_id uuid, p_effective_from date, p_policy jsonb); Type: ACL; Schema: public; Owner: postgres
--

REVOKE ALL ON FUNCTION public.set_organization_health_policy(p_organization_id uuid, p_effective_from date, p_policy jsonb) FROM PUBLIC;
GRANT ALL ON FUNCTION public.set_organization_health_policy(p_organization_id uuid, p_effective_from date, p_policy jsonb) TO authenticated;
GRANT ALL ON FUNCTION public.set_organization_health_policy(p_organization_id uuid, p_effective_from date, p_policy jsonb) TO service_role;


--
-- Name: FUNCTION set_organization_plan(target_org_id uuid, target_plan text, target_expires_at timestamp with time zone, target_notes text); Type: ACL; Schema: public; Owner: postgres
--

GRANT ALL ON FUNCTION public.set_organization_plan(target_org_id uuid, target_plan text, target_expires_at timestamp with time zone, target_notes text) TO anon;
GRANT ALL ON FUNCTION public.set_organization_plan(target_org_id uuid, target_plan text, target_expires_at timestamp with time zone, target_notes text) TO authenticated;
GRANT ALL ON FUNCTION public.set_organization_plan(target_org_id uuid, target_plan text, target_expires_at timestamp with time zone, target_notes text) TO service_role;


--
-- Name: FUNCTION set_payment_refs(); Type: ACL; Schema: public; Owner: postgres
--

GRANT ALL ON FUNCTION public.set_payment_refs() TO anon;
GRANT ALL ON FUNCTION public.set_payment_refs() TO authenticated;
GRANT ALL ON FUNCTION public.set_payment_refs() TO service_role;


--
-- Name: FUNCTION set_payout_updated_at(); Type: ACL; Schema: public; Owner: postgres
--

GRANT ALL ON FUNCTION public.set_payout_updated_at() TO anon;
GRANT ALL ON FUNCTION public.set_payout_updated_at() TO authenticated;
GRANT ALL ON FUNCTION public.set_payout_updated_at() TO service_role;


--
-- Name: FUNCTION set_scored_runs_updated_at(); Type: ACL; Schema: public; Owner: postgres
--

GRANT ALL ON FUNCTION public.set_scored_runs_updated_at() TO anon;
GRANT ALL ON FUNCTION public.set_scored_runs_updated_at() TO authenticated;
GRANT ALL ON FUNCTION public.set_scored_runs_updated_at() TO service_role;


--
-- Name: FUNCTION set_show_day_organization(); Type: ACL; Schema: public; Owner: postgres
--

GRANT ALL ON FUNCTION public.set_show_day_organization() TO anon;
GRANT ALL ON FUNCTION public.set_show_day_organization() TO authenticated;
GRANT ALL ON FUNCTION public.set_show_day_organization() TO service_role;


--
-- Name: FUNCTION set_show_role_organization(); Type: ACL; Schema: public; Owner: postgres
--

GRANT ALL ON FUNCTION public.set_show_role_organization() TO anon;
GRANT ALL ON FUNCTION public.set_show_role_organization() TO authenticated;
GRANT ALL ON FUNCTION public.set_show_role_organization() TO service_role;


--
-- Name: FUNCTION set_show_score_block_refs(); Type: ACL; Schema: public; Owner: postgres
--

GRANT ALL ON FUNCTION public.set_show_score_block_refs() TO anon;
GRANT ALL ON FUNCTION public.set_show_score_block_refs() TO authenticated;
GRANT ALL ON FUNCTION public.set_show_score_block_refs() TO service_role;


--
-- Name: FUNCTION set_show_score_block_setup_refs(); Type: ACL; Schema: public; Owner: postgres
--

GRANT ALL ON FUNCTION public.set_show_score_block_setup_refs() TO anon;
GRANT ALL ON FUNCTION public.set_show_score_block_setup_refs() TO authenticated;
GRANT ALL ON FUNCTION public.set_show_score_block_setup_refs() TO service_role;


--
-- Name: FUNCTION set_show_score_class_refs(); Type: ACL; Schema: public; Owner: postgres
--

GRANT ALL ON FUNCTION public.set_show_score_class_refs() TO anon;
GRANT ALL ON FUNCTION public.set_show_score_class_refs() TO authenticated;
GRANT ALL ON FUNCTION public.set_show_score_class_refs() TO service_role;


--
-- Name: FUNCTION set_show_score_class_setup_refs(); Type: ACL; Schema: public; Owner: postgres
--

GRANT ALL ON FUNCTION public.set_show_score_class_setup_refs() TO anon;
GRANT ALL ON FUNCTION public.set_show_score_class_setup_refs() TO authenticated;
GRANT ALL ON FUNCTION public.set_show_score_class_setup_refs() TO service_role;


--
-- Name: FUNCTION set_show_score_live_data_source(target_class_id uuid, target_source text); Type: ACL; Schema: public; Owner: postgres
--

REVOKE ALL ON FUNCTION public.set_show_score_live_data_source(target_class_id uuid, target_source text) FROM PUBLIC;
GRANT ALL ON FUNCTION public.set_show_score_live_data_source(target_class_id uuid, target_source text) TO authenticated;
GRANT ALL ON FUNCTION public.set_show_score_live_data_source(target_class_id uuid, target_source text) TO service_role;


--
-- Name: FUNCTION set_show_score_live_display_mode(target_class_id uuid, target_mode text); Type: ACL; Schema: public; Owner: postgres
--

REVOKE ALL ON FUNCTION public.set_show_score_live_display_mode(target_class_id uuid, target_mode text) FROM PUBLIC;
GRANT ALL ON FUNCTION public.set_show_score_live_display_mode(target_class_id uuid, target_mode text) TO authenticated;
GRANT ALL ON FUNCTION public.set_show_score_live_display_mode(target_class_id uuid, target_mode text) TO service_role;


--
-- Name: FUNCTION set_show_score_paid_warmup_refs(); Type: ACL; Schema: public; Owner: postgres
--

GRANT ALL ON FUNCTION public.set_show_score_paid_warmup_refs() TO anon;
GRANT ALL ON FUNCTION public.set_show_score_paid_warmup_refs() TO authenticated;
GRANT ALL ON FUNCTION public.set_show_score_paid_warmup_refs() TO service_role;


--
-- Name: FUNCTION set_stall_booking_financials(); Type: ACL; Schema: public; Owner: postgres
--

GRANT ALL ON FUNCTION public.set_stall_booking_financials() TO anon;
GRANT ALL ON FUNCTION public.set_stall_booking_financials() TO authenticated;
GRANT ALL ON FUNCTION public.set_stall_booking_financials() TO service_role;


--
-- Name: FUNCTION set_stall_booking_refs(); Type: ACL; Schema: public; Owner: postgres
--

GRANT ALL ON FUNCTION public.set_stall_booking_refs() TO anon;
GRANT ALL ON FUNCTION public.set_stall_booking_refs() TO authenticated;
GRANT ALL ON FUNCTION public.set_stall_booking_refs() TO service_role;


--
-- Name: FUNCTION set_stall_option_refs(); Type: ACL; Schema: public; Owner: postgres
--

GRANT ALL ON FUNCTION public.set_stall_option_refs() TO anon;
GRANT ALL ON FUNCTION public.set_stall_option_refs() TO authenticated;
GRANT ALL ON FUNCTION public.set_stall_option_refs() TO service_role;


--
-- Name: FUNCTION showscore_broadcast_public_change(); Type: ACL; Schema: public; Owner: postgres
--

REVOKE ALL ON FUNCTION public.showscore_broadcast_public_change() FROM PUBLIC;
GRANT ALL ON FUNCTION public.showscore_broadcast_public_change() TO service_role;


--
-- Name: FUNCTION showscore_can_receive_public_broadcast(target_topic text); Type: ACL; Schema: public; Owner: postgres
--

REVOKE ALL ON FUNCTION public.showscore_can_receive_public_broadcast(target_topic text) FROM PUBLIC;
GRANT ALL ON FUNCTION public.showscore_can_receive_public_broadcast(target_topic text) TO anon;
GRANT ALL ON FUNCTION public.showscore_can_receive_public_broadcast(target_topic text) TO authenticated;
GRANT ALL ON FUNCTION public.showscore_can_receive_public_broadcast(target_topic text) TO service_role;


--
-- Name: FUNCTION showscore_current_user_can_manage_organization(target_organization_id text); Type: ACL; Schema: public; Owner: postgres
--

GRANT ALL ON FUNCTION public.showscore_current_user_can_manage_organization(target_organization_id text) TO anon;
GRANT ALL ON FUNCTION public.showscore_current_user_can_manage_organization(target_organization_id text) TO authenticated;
GRANT ALL ON FUNCTION public.showscore_current_user_can_manage_organization(target_organization_id text) TO service_role;


--
-- Name: FUNCTION showscore_public_broadcast_project_row(target_table text, source_row jsonb); Type: ACL; Schema: public; Owner: postgres
--

REVOKE ALL ON FUNCTION public.showscore_public_broadcast_project_row(target_table text, source_row jsonb) FROM PUBLIC;
GRANT ALL ON FUNCTION public.showscore_public_broadcast_project_row(target_table text, source_row jsonb) TO service_role;


--
-- Name: FUNCTION showscore_public_class_exists(target_class_id uuid); Type: ACL; Schema: public; Owner: postgres
--

GRANT ALL ON FUNCTION public.showscore_public_class_exists(target_class_id uuid) TO anon;
GRANT ALL ON FUNCTION public.showscore_public_class_exists(target_class_id uuid) TO authenticated;
GRANT ALL ON FUNCTION public.showscore_public_class_exists(target_class_id uuid) TO service_role;


--
-- Name: FUNCTION showscore_public_live_class_exists(target_class_id uuid); Type: ACL; Schema: public; Owner: postgres
--

GRANT ALL ON FUNCTION public.showscore_public_live_class_exists(target_class_id uuid) TO anon;
GRANT ALL ON FUNCTION public.showscore_public_live_class_exists(target_class_id uuid) TO authenticated;
GRANT ALL ON FUNCTION public.showscore_public_live_class_exists(target_class_id uuid) TO service_role;


--
-- Name: FUNCTION showscore_public_show_exists(target_show_id uuid); Type: ACL; Schema: public; Owner: postgres
--

GRANT ALL ON FUNCTION public.showscore_public_show_exists(target_show_id uuid) TO anon;
GRANT ALL ON FUNCTION public.showscore_public_show_exists(target_show_id uuid) TO authenticated;
GRANT ALL ON FUNCTION public.showscore_public_show_exists(target_show_id uuid) TO service_role;


--
-- Name: FUNCTION showscore_scanned_scoresheet_is_public(target_class_id uuid); Type: ACL; Schema: public; Owner: postgres
--

GRANT ALL ON FUNCTION public.showscore_scanned_scoresheet_is_public(target_class_id uuid) TO anon;
GRANT ALL ON FUNCTION public.showscore_scanned_scoresheet_is_public(target_class_id uuid) TO authenticated;
GRANT ALL ON FUNCTION public.showscore_scanned_scoresheet_is_public(target_class_id uuid) TO service_role;


--
-- Name: FUNCTION showscore_set_updated_at(); Type: ACL; Schema: public; Owner: postgres
--

GRANT ALL ON FUNCTION public.showscore_set_updated_at() TO anon;
GRANT ALL ON FUNCTION public.showscore_set_updated_at() TO authenticated;
GRANT ALL ON FUNCTION public.showscore_set_updated_at() TO service_role;


--
-- Name: FUNCTION showscore_update_organization_profile(target_organization_id uuid, target_name text, target_short_name text, target_timezone text, target_logo_url text, target_website_url text, target_sponsor_logos jsonb, target_is_test_mode boolean); Type: ACL; Schema: public; Owner: postgres
--

REVOKE ALL ON FUNCTION public.showscore_update_organization_profile(target_organization_id uuid, target_name text, target_short_name text, target_timezone text, target_logo_url text, target_website_url text, target_sponsor_logos jsonb, target_is_test_mode boolean) FROM PUBLIC;
GRANT ALL ON FUNCTION public.showscore_update_organization_profile(target_organization_id uuid, target_name text, target_short_name text, target_timezone text, target_logo_url text, target_website_url text, target_sponsor_logos jsonb, target_is_test_mode boolean) TO anon;
GRANT ALL ON FUNCTION public.showscore_update_organization_profile(target_organization_id uuid, target_name text, target_short_name text, target_timezone text, target_logo_url text, target_website_url text, target_sponsor_logos jsonb, target_is_test_mode boolean) TO authenticated;
GRANT ALL ON FUNCTION public.showscore_update_organization_profile(target_organization_id uuid, target_name text, target_short_name text, target_timezone text, target_logo_url text, target_website_url text, target_sponsor_logos jsonb, target_is_test_mode boolean) TO service_role;


--
-- Name: FUNCTION stall_booking_invoice_description(target_booking_id uuid); Type: ACL; Schema: public; Owner: postgres
--

GRANT ALL ON FUNCTION public.stall_booking_invoice_description(target_booking_id uuid) TO anon;
GRANT ALL ON FUNCTION public.stall_booking_invoice_description(target_booking_id uuid) TO authenticated;
GRANT ALL ON FUNCTION public.stall_booking_invoice_description(target_booking_id uuid) TO service_role;


--
-- Name: FUNCTION stall_booking_invoice_item_type(target_category text); Type: ACL; Schema: public; Owner: postgres
--

GRANT ALL ON FUNCTION public.stall_booking_invoice_item_type(target_category text) TO anon;
GRANT ALL ON FUNCTION public.stall_booking_invoice_item_type(target_category text) TO authenticated;
GRANT ALL ON FUNCTION public.stall_booking_invoice_item_type(target_category text) TO service_role;


--
-- Name: FUNCTION stall_booking_reserved_quantity(target_status text, target_quantity smallint); Type: ACL; Schema: public; Owner: postgres
--

GRANT ALL ON FUNCTION public.stall_booking_reserved_quantity(target_status text, target_quantity smallint) TO anon;
GRANT ALL ON FUNCTION public.stall_booking_reserved_quantity(target_status text, target_quantity smallint) TO authenticated;
GRANT ALL ON FUNCTION public.stall_booking_reserved_quantity(target_status text, target_quantity smallint) TO service_role;


--
-- Name: FUNCTION stall_booking_reserved_quantity(target_status text, target_quantity smallint, target_affects_inventory boolean); Type: ACL; Schema: public; Owner: postgres
--

GRANT ALL ON FUNCTION public.stall_booking_reserved_quantity(target_status text, target_quantity smallint, target_affects_inventory boolean) TO anon;
GRANT ALL ON FUNCTION public.stall_booking_reserved_quantity(target_status text, target_quantity smallint, target_affects_inventory boolean) TO authenticated;
GRANT ALL ON FUNCTION public.stall_booking_reserved_quantity(target_status text, target_quantity smallint, target_affects_inventory boolean) TO service_role;


--
-- Name: FUNCTION sync_contact_organization_membership_invoice(); Type: ACL; Schema: public; Owner: postgres
--

GRANT ALL ON FUNCTION public.sync_contact_organization_membership_invoice() TO anon;
GRANT ALL ON FUNCTION public.sync_contact_organization_membership_invoice() TO authenticated;
GRANT ALL ON FUNCTION public.sync_contact_organization_membership_invoice() TO service_role;


--
-- Name: FUNCTION sync_entry_invoice(); Type: ACL; Schema: public; Owner: postgres
--

GRANT ALL ON FUNCTION public.sync_entry_invoice() TO anon;
GRANT ALL ON FUNCTION public.sync_entry_invoice() TO authenticated;
GRANT ALL ON FUNCTION public.sync_entry_invoice() TO service_role;


--
-- Name: FUNCTION sync_entry_result_for_block_run_link(); Type: ACL; Schema: public; Owner: postgres
--

GRANT ALL ON FUNCTION public.sync_entry_result_for_block_run_link() TO anon;
GRANT ALL ON FUNCTION public.sync_entry_result_for_block_run_link() TO authenticated;
GRANT ALL ON FUNCTION public.sync_entry_result_for_block_run_link() TO service_role;


--
-- Name: FUNCTION sync_entry_results_for_scored_run(); Type: ACL; Schema: public; Owner: postgres
--

GRANT ALL ON FUNCTION public.sync_entry_results_for_scored_run() TO anon;
GRANT ALL ON FUNCTION public.sync_entry_results_for_scored_run() TO authenticated;
GRANT ALL ON FUNCTION public.sync_entry_results_for_scored_run() TO service_role;


--
-- Name: FUNCTION sync_incentive_nomination_invoice_status(); Type: ACL; Schema: public; Owner: postgres
--

GRANT ALL ON FUNCTION public.sync_incentive_nomination_invoice_status() TO anon;
GRANT ALL ON FUNCTION public.sync_incentive_nomination_invoice_status() TO authenticated;
GRANT ALL ON FUNCTION public.sync_incentive_nomination_invoice_status() TO service_role;


--
-- Name: FUNCTION sync_manual_sale_invoice(); Type: ACL; Schema: public; Owner: postgres
--

GRANT ALL ON FUNCTION public.sync_manual_sale_invoice() TO anon;
GRANT ALL ON FUNCTION public.sync_manual_sale_invoice() TO authenticated;
GRANT ALL ON FUNCTION public.sync_manual_sale_invoice() TO service_role;


--
-- Name: FUNCTION sync_show_score_announcer_session_from_setup(); Type: ACL; Schema: public; Owner: postgres
--

REVOKE ALL ON FUNCTION public.sync_show_score_announcer_session_from_setup() FROM PUBLIC;
GRANT ALL ON FUNCTION public.sync_show_score_announcer_session_from_setup() TO service_role;


--
-- Name: FUNCTION sync_stall_booking_invoice(); Type: ACL; Schema: public; Owner: postgres
--

GRANT ALL ON FUNCTION public.sync_stall_booking_invoice() TO anon;
GRANT ALL ON FUNCTION public.sync_stall_booking_invoice() TO authenticated;
GRANT ALL ON FUNCTION public.sync_stall_booking_invoice() TO service_role;


--
-- Name: FUNCTION sync_stall_booking_invoice_description(); Type: ACL; Schema: public; Owner: postgres
--

GRANT ALL ON FUNCTION public.sync_stall_booking_invoice_description() TO anon;
GRANT ALL ON FUNCTION public.sync_stall_booking_invoice_description() TO authenticated;
GRANT ALL ON FUNCTION public.sync_stall_booking_invoice_description() TO service_role;


--
-- Name: FUNCTION touch_show_score_announcer_live_session(); Type: ACL; Schema: public; Owner: postgres
--

GRANT ALL ON FUNCTION public.touch_show_score_announcer_live_session() TO anon;
GRANT ALL ON FUNCTION public.touch_show_score_announcer_live_session() TO authenticated;
GRANT ALL ON FUNCTION public.touch_show_score_announcer_live_session() TO service_role;


--
-- Name: FUNCTION touch_updated_at(); Type: ACL; Schema: public; Owner: postgres
--

GRANT ALL ON FUNCTION public.touch_updated_at() TO anon;
GRANT ALL ON FUNCTION public.touch_updated_at() TO authenticated;
GRANT ALL ON FUNCTION public.touch_updated_at() TO service_role;


--
-- Name: FUNCTION validate_block_concurrency_member(); Type: ACL; Schema: public; Owner: postgres
--

GRANT ALL ON FUNCTION public.validate_block_concurrency_member() TO anon;
GRANT ALL ON FUNCTION public.validate_block_concurrency_member() TO authenticated;
GRANT ALL ON FUNCTION public.validate_block_concurrency_member() TO service_role;


--
-- Name: FUNCTION validate_block_schedule_dependency(); Type: ACL; Schema: public; Owner: postgres
--

GRANT ALL ON FUNCTION public.validate_block_schedule_dependency() TO anon;
GRANT ALL ON FUNCTION public.validate_block_schedule_dependency() TO authenticated;
GRANT ALL ON FUNCTION public.validate_block_schedule_dependency() TO service_role;


--
-- Name: FUNCTION validate_concurrent_block_pattern_update(); Type: ACL; Schema: public; Owner: postgres
--

GRANT ALL ON FUNCTION public.validate_concurrent_block_pattern_update() TO anon;
GRANT ALL ON FUNCTION public.validate_concurrent_block_pattern_update() TO authenticated;
GRANT ALL ON FUNCTION public.validate_concurrent_block_pattern_update() TO service_role;


--
-- Name: FUNCTION validate_slate_context(); Type: ACL; Schema: public; Owner: postgres
--

GRANT ALL ON FUNCTION public.validate_slate_context() TO anon;
GRANT ALL ON FUNCTION public.validate_slate_context() TO authenticated;
GRANT ALL ON FUNCTION public.validate_slate_context() TO service_role;


--
-- Name: FUNCTION validate_team_eligibility_decision_context(); Type: ACL; Schema: public; Owner: postgres
--

GRANT ALL ON FUNCTION public.validate_team_eligibility_decision_context() TO anon;
GRANT ALL ON FUNCTION public.validate_team_eligibility_decision_context() TO authenticated;
GRANT ALL ON FUNCTION public.validate_team_eligibility_decision_context() TO service_role;


--
-- Name: FUNCTION validate_team_eligibility_snapshot_context(); Type: ACL; Schema: public; Owner: postgres
--

GRANT ALL ON FUNCTION public.validate_team_eligibility_snapshot_context() TO anon;
GRANT ALL ON FUNCTION public.validate_team_eligibility_snapshot_context() TO authenticated;
GRANT ALL ON FUNCTION public.validate_team_eligibility_snapshot_context() TO service_role;


--
-- Name: TABLE app_events; Type: ACL; Schema: public; Owner: postgres
--

GRANT ALL ON TABLE public.app_events TO anon;
GRANT ALL ON TABLE public.app_events TO authenticated;
GRANT ALL ON TABLE public.app_events TO service_role;


--
-- Name: TABLE association_invitations; Type: ACL; Schema: public; Owner: postgres
--

GRANT ALL ON TABLE public.association_invitations TO anon;
GRANT ALL ON TABLE public.association_invitations TO authenticated;
GRANT ALL ON TABLE public.association_invitations TO service_role;


--
-- Name: TABLE organization_members; Type: ACL; Schema: public; Owner: postgres
--

GRANT ALL ON TABLE public.organization_members TO anon;
GRANT ALL ON TABLE public.organization_members TO authenticated;
GRANT ALL ON TABLE public.organization_members TO service_role;


--
-- Name: TABLE user_profiles; Type: ACL; Schema: public; Owner: postgres
--

GRANT ALL ON TABLE public.user_profiles TO anon;
GRANT ALL ON TABLE public.user_profiles TO authenticated;
GRANT ALL ON TABLE public.user_profiles TO service_role;


--
-- Name: TABLE association_memberships; Type: ACL; Schema: public; Owner: postgres
--

GRANT ALL ON TABLE public.association_memberships TO anon;
GRANT ALL ON TABLE public.association_memberships TO authenticated;
GRANT ALL ON TABLE public.association_memberships TO service_role;


--
-- Name: TABLE associations; Type: ACL; Schema: public; Owner: postgres
--

GRANT ALL ON TABLE public.associations TO anon;
GRANT ALL ON TABLE public.associations TO authenticated;
GRANT ALL ON TABLE public.associations TO service_role;


--
-- Name: TABLE audit_events; Type: ACL; Schema: public; Owner: postgres
--

GRANT ALL ON TABLE public.audit_events TO anon;
GRANT ALL ON TABLE public.audit_events TO authenticated;
GRANT ALL ON TABLE public.audit_events TO service_role;


--
-- Name: TABLE block_concurrency_group_members; Type: ACL; Schema: public; Owner: postgres
--

GRANT ALL ON TABLE public.block_concurrency_group_members TO anon;
GRANT ALL ON TABLE public.block_concurrency_group_members TO authenticated;
GRANT ALL ON TABLE public.block_concurrency_group_members TO service_role;


--
-- Name: TABLE block_concurrency_groups; Type: ACL; Schema: public; Owner: postgres
--

GRANT ALL ON TABLE public.block_concurrency_groups TO anon;
GRANT ALL ON TABLE public.block_concurrency_groups TO authenticated;
GRANT ALL ON TABLE public.block_concurrency_groups TO service_role;


--
-- Name: TABLE block_judge_assignments; Type: ACL; Schema: public; Owner: postgres
--

GRANT ALL ON TABLE public.block_judge_assignments TO anon;
GRANT ALL ON TABLE public.block_judge_assignments TO authenticated;
GRANT ALL ON TABLE public.block_judge_assignments TO service_role;


--
-- Name: TABLE block_result_publications; Type: ACL; Schema: public; Owner: postgres
--

GRANT ALL ON TABLE public.block_result_publications TO anon;
GRANT ALL ON TABLE public.block_result_publications TO authenticated;
GRANT ALL ON TABLE public.block_result_publications TO service_role;


--
-- Name: TABLE block_run_class_entries; Type: ACL; Schema: public; Owner: postgres
--

GRANT ALL ON TABLE public.block_run_class_entries TO anon;
GRANT ALL ON TABLE public.block_run_class_entries TO authenticated;
GRANT ALL ON TABLE public.block_run_class_entries TO service_role;


--
-- Name: TABLE block_run_entries; Type: ACL; Schema: public; Owner: postgres
--

GRANT ALL ON TABLE public.block_run_entries TO anon;
GRANT ALL ON TABLE public.block_run_entries TO authenticated;
GRANT ALL ON TABLE public.block_run_entries TO service_role;


--
-- Name: TABLE block_templates; Type: ACL; Schema: public; Owner: postgres
--

GRANT ALL ON TABLE public.block_templates TO anon;
GRANT ALL ON TABLE public.block_templates TO authenticated;
GRANT ALL ON TABLE public.block_templates TO service_role;


--
-- Name: TABLE blocks; Type: ACL; Schema: public; Owner: postgres
--

GRANT ALL ON TABLE public.blocks TO anon;
GRANT ALL ON TABLE public.blocks TO authenticated;
GRANT ALL ON TABLE public.blocks TO service_role;


--
-- Name: TABLE class_governing_bodies; Type: ACL; Schema: public; Owner: postgres
--

GRANT ALL ON TABLE public.class_governing_bodies TO anon;
GRANT ALL ON TABLE public.class_governing_bodies TO authenticated;
GRANT ALL ON TABLE public.class_governing_bodies TO service_role;


--
-- Name: TABLE class_template_governing_bodies; Type: ACL; Schema: public; Owner: postgres
--

GRANT ALL ON TABLE public.class_template_governing_bodies TO anon;
GRANT ALL ON TABLE public.class_template_governing_bodies TO authenticated;
GRANT ALL ON TABLE public.class_template_governing_bodies TO service_role;


--
-- Name: TABLE class_templates; Type: ACL; Schema: public; Owner: postgres
--

GRANT ALL ON TABLE public.class_templates TO anon;
GRANT ALL ON TABLE public.class_templates TO authenticated;
GRANT ALL ON TABLE public.class_templates TO service_role;


--
-- Name: TABLE classes; Type: ACL; Schema: public; Owner: postgres
--

GRANT ALL ON TABLE public.classes TO anon;
GRANT ALL ON TABLE public.classes TO authenticated;
GRANT ALL ON TABLE public.classes TO service_role;


--
-- Name: TABLE contact_external_identifiers; Type: ACL; Schema: public; Owner: postgres
--

GRANT ALL ON TABLE public.contact_external_identifiers TO anon;
GRANT ALL ON TABLE public.contact_external_identifiers TO authenticated;
GRANT ALL ON TABLE public.contact_external_identifiers TO service_role;


--
-- Name: TABLE contact_insurance_evidence; Type: ACL; Schema: public; Owner: postgres
--

GRANT ALL ON TABLE public.contact_insurance_evidence TO anon;
GRANT ALL ON TABLE public.contact_insurance_evidence TO authenticated;
GRANT ALL ON TABLE public.contact_insurance_evidence TO service_role;


--
-- Name: TABLE contact_organization_memberships; Type: ACL; Schema: public; Owner: postgres
--

GRANT ALL ON TABLE public.contact_organization_memberships TO anon;
GRANT ALL ON TABLE public.contact_organization_memberships TO authenticated;
GRANT ALL ON TABLE public.contact_organization_memberships TO service_role;


--
-- Name: TABLE contact_roles; Type: ACL; Schema: public; Owner: postgres
--

GRANT ALL ON TABLE public.contact_roles TO anon;
GRANT ALL ON TABLE public.contact_roles TO authenticated;
GRANT ALL ON TABLE public.contact_roles TO service_role;


--
-- Name: TABLE contact_similarity_dismissals; Type: ACL; Schema: public; Owner: postgres
--

GRANT ALL ON TABLE public.contact_similarity_dismissals TO anon;
GRANT ALL ON TABLE public.contact_similarity_dismissals TO authenticated;
GRANT ALL ON TABLE public.contact_similarity_dismissals TO service_role;


--
-- Name: TABLE credential_issuer_governing_bodies; Type: ACL; Schema: public; Owner: postgres
--

GRANT ALL ON TABLE public.credential_issuer_governing_bodies TO anon;
GRANT ALL ON TABLE public.credential_issuer_governing_bodies TO authenticated;
GRANT ALL ON TABLE public.credential_issuer_governing_bodies TO service_role;


--
-- Name: TABLE show_days; Type: ACL; Schema: public; Owner: postgres
--

GRANT ALL ON TABLE public.show_days TO anon;
GRANT ALL ON TABLE public.show_days TO authenticated;
GRANT ALL ON TABLE public.show_days TO service_role;


--
-- Name: TABLE days; Type: ACL; Schema: public; Owner: postgres
--

GRANT ALL ON TABLE public.days TO anon;
GRANT ALL ON TABLE public.days TO authenticated;
GRANT ALL ON TABLE public.days TO service_role;


--
-- Name: TABLE directory_contacts; Type: ACL; Schema: public; Owner: postgres
--

GRANT ALL ON TABLE public.directory_contacts TO anon;
GRANT ALL ON TABLE public.directory_contacts TO authenticated;
GRANT ALL ON TABLE public.directory_contacts TO service_role;


--
-- Name: TABLE directory_horses; Type: ACL; Schema: public; Owner: postgres
--

GRANT ALL ON TABLE public.directory_horses TO anon;
GRANT ALL ON TABLE public.directory_horses TO authenticated;
GRANT ALL ON TABLE public.directory_horses TO service_role;


--
-- Name: TABLE discipline_credential_issuers; Type: ACL; Schema: public; Owner: postgres
--

GRANT ALL ON TABLE public.discipline_credential_issuers TO anon;
GRANT ALL ON TABLE public.discipline_credential_issuers TO authenticated;
GRANT ALL ON TABLE public.discipline_credential_issuers TO service_role;


--
-- Name: TABLE discipline_governing_bodies; Type: ACL; Schema: public; Owner: postgres
--

GRANT ALL ON TABLE public.discipline_governing_bodies TO anon;
GRANT ALL ON TABLE public.discipline_governing_bodies TO authenticated;
GRANT ALL ON TABLE public.discipline_governing_bodies TO service_role;


--
-- Name: TABLE disciplines; Type: ACL; Schema: public; Owner: postgres
--

GRANT ALL ON TABLE public.disciplines TO anon;
GRANT ALL ON TABLE public.disciplines TO authenticated;
GRANT ALL ON TABLE public.disciplines TO service_role;


--
-- Name: TABLE eligibility_requirements; Type: ACL; Schema: public; Owner: postgres
--

GRANT ALL ON TABLE public.eligibility_requirements TO anon;
GRANT ALL ON TABLE public.eligibility_requirements TO authenticated;
GRANT ALL ON TABLE public.eligibility_requirements TO service_role;


--
-- Name: TABLE entries; Type: ACL; Schema: public; Owner: postgres
--

GRANT ALL ON TABLE public.entries TO anon;
GRANT ALL ON TABLE public.entries TO authenticated;
GRANT ALL ON TABLE public.entries TO service_role;


--
-- Name: TABLE entry_results; Type: ACL; Schema: public; Owner: postgres
--

GRANT ALL ON TABLE public.entry_results TO anon;
GRANT ALL ON TABLE public.entry_results TO authenticated;
GRANT ALL ON TABLE public.entry_results TO service_role;


--
-- Name: TABLE external_credential_issuers; Type: ACL; Schema: public; Owner: postgres
--

GRANT ALL ON TABLE public.external_credential_issuers TO anon;
GRANT ALL ON TABLE public.external_credential_issuers TO authenticated;
GRANT ALL ON TABLE public.external_credential_issuers TO service_role;


--
-- Name: TABLE external_credential_products; Type: ACL; Schema: public; Owner: postgres
--

GRANT ALL ON TABLE public.external_credential_products TO anon;
GRANT ALL ON TABLE public.external_credential_products TO authenticated;
GRANT ALL ON TABLE public.external_credential_products TO service_role;


--
-- Name: TABLE external_data_snapshot_contacts; Type: ACL; Schema: public; Owner: postgres
--

GRANT ALL ON TABLE public.external_data_snapshot_contacts TO anon;
GRANT ALL ON TABLE public.external_data_snapshot_contacts TO authenticated;
GRANT ALL ON TABLE public.external_data_snapshot_contacts TO service_role;


--
-- Name: TABLE external_data_snapshot_horses; Type: ACL; Schema: public; Owner: postgres
--

GRANT ALL ON TABLE public.external_data_snapshot_horses TO anon;
GRANT ALL ON TABLE public.external_data_snapshot_horses TO authenticated;
GRANT ALL ON TABLE public.external_data_snapshot_horses TO service_role;


--
-- Name: TABLE external_data_snapshots; Type: ACL; Schema: public; Owner: postgres
--

GRANT ALL ON TABLE public.external_data_snapshots TO anon;
GRANT ALL ON TABLE public.external_data_snapshots TO authenticated;
GRANT ALL ON TABLE public.external_data_snapshots TO service_role;


--
-- Name: TABLE external_data_sources; Type: ACL; Schema: public; Owner: postgres
--

GRANT ALL ON TABLE public.external_data_sources TO anon;
GRANT ALL ON TABLE public.external_data_sources TO authenticated;
GRANT ALL ON TABLE public.external_data_sources TO service_role;


--
-- Name: TABLE external_source_governing_bodies; Type: ACL; Schema: public; Owner: postgres
--

GRANT ALL ON TABLE public.external_source_governing_bodies TO anon;
GRANT ALL ON TABLE public.external_source_governing_bodies TO authenticated;
GRANT ALL ON TABLE public.external_source_governing_bodies TO service_role;


--
-- Name: TABLE governing_bodies; Type: ACL; Schema: public; Owner: postgres
--

GRANT ALL ON TABLE public.governing_bodies TO anon;
GRANT ALL ON TABLE public.governing_bodies TO authenticated;
GRANT ALL ON TABLE public.governing_bodies TO service_role;


--
-- Name: TABLE horse_contacts; Type: ACL; Schema: public; Owner: postgres
--

GRANT ALL ON TABLE public.horse_contacts TO anon;
GRANT ALL ON TABLE public.horse_contacts TO authenticated;
GRANT ALL ON TABLE public.horse_contacts TO service_role;


--
-- Name: TABLE horse_documents; Type: ACL; Schema: public; Owner: postgres
--

GRANT ALL ON TABLE public.horse_documents TO anon;
GRANT ALL ON TABLE public.horse_documents TO authenticated;
GRANT ALL ON TABLE public.horse_documents TO service_role;


--
-- Name: TABLE horse_external_identifiers; Type: ACL; Schema: public; Owner: postgres
--

GRANT ALL ON TABLE public.horse_external_identifiers TO anon;
GRANT ALL ON TABLE public.horse_external_identifiers TO authenticated;
GRANT ALL ON TABLE public.horse_external_identifiers TO service_role;


--
-- Name: TABLE horse_similarity_dismissals; Type: ACL; Schema: public; Owner: postgres
--

GRANT ALL ON TABLE public.horse_similarity_dismissals TO anon;
GRANT ALL ON TABLE public.horse_similarity_dismissals TO authenticated;
GRANT ALL ON TABLE public.horse_similarity_dismissals TO service_role;


--
-- Name: TABLE horses; Type: ACL; Schema: public; Owner: postgres
--

GRANT ALL ON TABLE public.horses TO anon;
GRANT ALL ON TABLE public.horses TO authenticated;
GRANT ALL ON TABLE public.horses TO service_role;


--
-- Name: TABLE incentive_programs; Type: ACL; Schema: public; Owner: postgres
--

GRANT ALL ON TABLE public.incentive_programs TO anon;
GRANT ALL ON TABLE public.incentive_programs TO authenticated;
GRANT ALL ON TABLE public.incentive_programs TO service_role;


--
-- Name: TABLE invoice_line_items; Type: ACL; Schema: public; Owner: postgres
--

GRANT ALL ON TABLE public.invoice_line_items TO anon;
GRANT ALL ON TABLE public.invoice_line_items TO authenticated;
GRANT ALL ON TABLE public.invoice_line_items TO service_role;


--
-- Name: TABLE invoices; Type: ACL; Schema: public; Owner: postgres
--

GRANT ALL ON TABLE public.invoices TO anon;
GRANT ALL ON TABLE public.invoices TO authenticated;
GRANT ALL ON TABLE public.invoices TO service_role;


--
-- Name: TABLE manual_sales; Type: ACL; Schema: public; Owner: postgres
--

GRANT ALL ON TABLE public.manual_sales TO anon;
GRANT ALL ON TABLE public.manual_sales TO authenticated;
GRANT ALL ON TABLE public.manual_sales TO service_role;


--
-- Name: TABLE nrha_rider_rankings; Type: ACL; Schema: public; Owner: postgres
--

GRANT ALL ON TABLE public.nrha_rider_rankings TO anon;
GRANT ALL ON TABLE public.nrha_rider_rankings TO authenticated;
GRANT ALL ON TABLE public.nrha_rider_rankings TO service_role;


--
-- Name: TABLE organization_deadline_policies; Type: ACL; Schema: public; Owner: postgres
--

GRANT ALL ON TABLE public.organization_deadline_policies TO anon;
GRANT ALL ON TABLE public.organization_deadline_policies TO authenticated;
GRANT ALL ON TABLE public.organization_deadline_policies TO service_role;


--
-- Name: TABLE organization_discipline_governing_bodies; Type: ACL; Schema: public; Owner: postgres
--

GRANT ALL ON TABLE public.organization_discipline_governing_bodies TO anon;
GRANT ALL ON TABLE public.organization_discipline_governing_bodies TO authenticated;
GRANT ALL ON TABLE public.organization_discipline_governing_bodies TO service_role;


--
-- Name: TABLE organization_external_credential_requirements; Type: ACL; Schema: public; Owner: postgres
--

GRANT ALL ON TABLE public.organization_external_credential_requirements TO anon;
GRANT ALL ON TABLE public.organization_external_credential_requirements TO authenticated;
GRANT ALL ON TABLE public.organization_external_credential_requirements TO service_role;


--
-- Name: TABLE organization_governing_bodies; Type: ACL; Schema: public; Owner: postgres
--

GRANT ALL ON TABLE public.organization_governing_bodies TO anon;
GRANT ALL ON TABLE public.organization_governing_bodies TO authenticated;
GRANT ALL ON TABLE public.organization_governing_bodies TO service_role;


--
-- Name: TABLE organization_membership_types; Type: ACL; Schema: public; Owner: postgres
--

GRANT ALL ON TABLE public.organization_membership_types TO anon;
GRANT ALL ON TABLE public.organization_membership_types TO authenticated;
GRANT ALL ON TABLE public.organization_membership_types TO service_role;


--
-- Name: TABLE organization_products; Type: ACL; Schema: public; Owner: postgres
--

GRANT ALL ON TABLE public.organization_products TO anon;
GRANT ALL ON TABLE public.organization_products TO authenticated;
GRANT ALL ON TABLE public.organization_products TO service_role;


--
-- Name: TABLE payments; Type: ACL; Schema: public; Owner: postgres
--

GRANT ALL ON TABLE public.payments TO anon;
GRANT ALL ON TABLE public.payments TO authenticated;
GRANT ALL ON TABLE public.payments TO service_role;


--
-- Name: TABLE payout_awards; Type: ACL; Schema: public; Owner: postgres
--

GRANT ALL ON TABLE public.payout_awards TO anon;
GRANT ALL ON TABLE public.payout_awards TO authenticated;
GRANT ALL ON TABLE public.payout_awards TO service_role;


--
-- Name: TABLE payout_calculations; Type: ACL; Schema: public; Owner: postgres
--

GRANT ALL ON TABLE public.payout_calculations TO anon;
GRANT ALL ON TABLE public.payout_calculations TO authenticated;
GRANT ALL ON TABLE public.payout_calculations TO service_role;


--
-- Name: TABLE payout_schedule_brackets; Type: ACL; Schema: public; Owner: postgres
--

GRANT ALL ON TABLE public.payout_schedule_brackets TO anon;
GRANT ALL ON TABLE public.payout_schedule_brackets TO authenticated;
GRANT ALL ON TABLE public.payout_schedule_brackets TO service_role;


--
-- Name: TABLE payout_schedules; Type: ACL; Schema: public; Owner: postgres
--

GRANT ALL ON TABLE public.payout_schedules TO anon;
GRANT ALL ON TABLE public.payout_schedules TO authenticated;
GRANT ALL ON TABLE public.payout_schedules TO service_role;


--
-- Name: TABLE platform_admins; Type: ACL; Schema: public; Owner: postgres
--

GRANT ALL ON TABLE public.platform_admins TO anon;
GRANT ALL ON TABLE public.platform_admins TO authenticated;
GRANT ALL ON TABLE public.platform_admins TO service_role;


--
-- Name: TABLE sanctioning_bodies; Type: ACL; Schema: public; Owner: postgres
--

GRANT ALL ON TABLE public.sanctioning_bodies TO anon;
GRANT ALL ON TABLE public.sanctioning_bodies TO authenticated;
GRANT ALL ON TABLE public.sanctioning_bodies TO service_role;


--
-- Name: TABLE scored_runs; Type: ACL; Schema: public; Owner: postgres
--

GRANT ALL ON TABLE public.scored_runs TO anon;
GRANT ALL ON TABLE public.scored_runs TO authenticated;
GRANT ALL ON TABLE public.scored_runs TO service_role;


--
-- Name: TABLE show_announcements; Type: ACL; Schema: public; Owner: postgres
--

GRANT ALL ON TABLE public.show_announcements TO anon;
GRANT ALL ON TABLE public.show_announcements TO authenticated;
GRANT ALL ON TABLE public.show_announcements TO service_role;


--
-- Name: TABLE show_roles; Type: ACL; Schema: public; Owner: postgres
--

GRANT ALL ON TABLE public.show_roles TO anon;
GRANT ALL ON TABLE public.show_roles TO authenticated;
GRANT ALL ON TABLE public.show_roles TO service_role;


--
-- Name: TABLE show_score_announcer_live_sessions; Type: ACL; Schema: public; Owner: postgres
--

GRANT SELECT,REFERENCES,TRIGGER,TRUNCATE,MAINTAIN ON TABLE public.show_score_announcer_live_sessions TO anon;
GRANT SELECT,REFERENCES,TRIGGER,TRUNCATE,MAINTAIN ON TABLE public.show_score_announcer_live_sessions TO authenticated;
GRANT ALL ON TABLE public.show_score_announcer_live_sessions TO service_role;


--
-- Name: TABLE show_score_block_setups; Type: ACL; Schema: public; Owner: postgres
--

GRANT ALL ON TABLE public.show_score_block_setups TO anon;
GRANT ALL ON TABLE public.show_score_block_setups TO authenticated;
GRANT ALL ON TABLE public.show_score_block_setups TO service_role;


--
-- Name: TABLE show_score_championship_seasons; Type: ACL; Schema: public; Owner: postgres
--

GRANT ALL ON TABLE public.show_score_championship_seasons TO anon;
GRANT ALL ON TABLE public.show_score_championship_seasons TO authenticated;
GRANT ALL ON TABLE public.show_score_championship_seasons TO service_role;


--
-- Name: TABLE show_score_championship_update_campaigns; Type: ACL; Schema: public; Owner: postgres
--

GRANT ALL ON TABLE public.show_score_championship_update_campaigns TO authenticated;
GRANT ALL ON TABLE public.show_score_championship_update_campaigns TO service_role;


--
-- Name: TABLE show_score_championship_update_deliveries; Type: ACL; Schema: public; Owner: postgres
--

GRANT ALL ON TABLE public.show_score_championship_update_deliveries TO authenticated;
GRANT ALL ON TABLE public.show_score_championship_update_deliveries TO service_role;


--
-- Name: TABLE show_score_championship_update_subscribers; Type: ACL; Schema: public; Owner: postgres
--

GRANT ALL ON TABLE public.show_score_championship_update_subscribers TO authenticated;
GRANT ALL ON TABLE public.show_score_championship_update_subscribers TO service_role;


--
-- Name: TABLE show_score_class_documents; Type: ACL; Schema: public; Owner: postgres
--

GRANT ALL ON TABLE public.show_score_class_documents TO anon;
GRANT ALL ON TABLE public.show_score_class_documents TO authenticated;
GRANT ALL ON TABLE public.show_score_class_documents TO service_role;


--
-- Name: TABLE show_score_judge_sessions; Type: ACL; Schema: public; Owner: postgres
--

GRANT ALL ON TABLE public.show_score_judge_sessions TO anon;
GRANT ALL ON TABLE public.show_score_judge_sessions TO authenticated;
GRANT ALL ON TABLE public.show_score_judge_sessions TO service_role;


--
-- Name: TABLE show_score_official_results; Type: ACL; Schema: public; Owner: postgres
--

GRANT ALL ON TABLE public.show_score_official_results TO anon;
GRANT ALL ON TABLE public.show_score_official_results TO authenticated;
GRANT ALL ON TABLE public.show_score_official_results TO service_role;


--
-- Name: TABLE show_score_paid_warmups; Type: ACL; Schema: public; Owner: postgres
--

GRANT ALL ON TABLE public.show_score_paid_warmups TO anon;
GRANT ALL ON TABLE public.show_score_paid_warmups TO authenticated;
GRANT ALL ON TABLE public.show_score_paid_warmups TO service_role;


--
-- Name: TABLE show_score_public_championship_seasons; Type: ACL; Schema: public; Owner: postgres
--

GRANT ALL ON TABLE public.show_score_public_championship_seasons TO anon;
GRANT ALL ON TABLE public.show_score_public_championship_seasons TO authenticated;
GRANT ALL ON TABLE public.show_score_public_championship_seasons TO service_role;


--
-- Name: TABLE show_score_publication_states; Type: ACL; Schema: public; Owner: postgres
--

GRANT ALL ON TABLE public.show_score_publication_states TO anon;
GRANT ALL ON TABLE public.show_score_publication_states TO authenticated;
GRANT ALL ON TABLE public.show_score_publication_states TO service_role;


--
-- Name: TABLE show_score_scoring_sessions; Type: ACL; Schema: public; Owner: postgres
--

GRANT ALL ON TABLE public.show_score_scoring_sessions TO anon;
GRANT ALL ON TABLE public.show_score_scoring_sessions TO authenticated;
GRANT ALL ON TABLE public.show_score_scoring_sessions TO service_role;


--
-- Name: TABLE shows; Type: ACL; Schema: public; Owner: postgres
--

GRANT ALL ON TABLE public.shows TO anon;
GRANT ALL ON TABLE public.shows TO authenticated;
GRANT ALL ON TABLE public.shows TO service_role;


--
-- Name: SEQUENCE showscore_public_broadcast_seq; Type: ACL; Schema: public; Owner: postgres
--

GRANT ALL ON SEQUENCE public.showscore_public_broadcast_seq TO service_role;


--
-- Name: TABLE slates; Type: ACL; Schema: public; Owner: postgres
--

GRANT ALL ON TABLE public.slates TO anon;
GRANT ALL ON TABLE public.slates TO authenticated;
GRANT ALL ON TABLE public.slates TO service_role;


--
-- Name: TABLE stall_bookings; Type: ACL; Schema: public; Owner: postgres
--

GRANT ALL ON TABLE public.stall_bookings TO anon;
GRANT ALL ON TABLE public.stall_bookings TO authenticated;
GRANT ALL ON TABLE public.stall_bookings TO service_role;


--
-- Name: TABLE stall_options; Type: ACL; Schema: public; Owner: postgres
--

GRANT ALL ON TABLE public.stall_options TO anon;
GRANT ALL ON TABLE public.stall_options TO authenticated;
GRANT ALL ON TABLE public.stall_options TO service_role;


--
-- Name: TABLE team_eligibility_decisions; Type: ACL; Schema: public; Owner: postgres
--

GRANT ALL ON TABLE public.team_eligibility_decisions TO anon;
GRANT ALL ON TABLE public.team_eligibility_decisions TO authenticated;
GRANT ALL ON TABLE public.team_eligibility_decisions TO service_role;


--
-- Name: TABLE team_eligibility_snapshots; Type: ACL; Schema: public; Owner: postgres
--

GRANT ALL ON TABLE public.team_eligibility_snapshots TO anon;
GRANT ALL ON TABLE public.team_eligibility_snapshots TO authenticated;
GRANT ALL ON TABLE public.team_eligibility_snapshots TO service_role;


--
-- Name: DEFAULT PRIVILEGES FOR SEQUENCES; Type: DEFAULT ACL; Schema: public; Owner: postgres
--

ALTER DEFAULT PRIVILEGES FOR ROLE postgres IN SCHEMA public GRANT ALL ON SEQUENCES TO postgres;
ALTER DEFAULT PRIVILEGES FOR ROLE postgres IN SCHEMA public GRANT ALL ON SEQUENCES TO anon;
ALTER DEFAULT PRIVILEGES FOR ROLE postgres IN SCHEMA public GRANT ALL ON SEQUENCES TO authenticated;
ALTER DEFAULT PRIVILEGES FOR ROLE postgres IN SCHEMA public GRANT ALL ON SEQUENCES TO service_role;


--
-- Name: DEFAULT PRIVILEGES FOR SEQUENCES; Type: DEFAULT ACL; Schema: public; Owner: supabase_admin
--

ALTER DEFAULT PRIVILEGES FOR ROLE supabase_admin IN SCHEMA public GRANT ALL ON SEQUENCES TO postgres;
ALTER DEFAULT PRIVILEGES FOR ROLE supabase_admin IN SCHEMA public GRANT ALL ON SEQUENCES TO anon;
ALTER DEFAULT PRIVILEGES FOR ROLE supabase_admin IN SCHEMA public GRANT ALL ON SEQUENCES TO authenticated;
ALTER DEFAULT PRIVILEGES FOR ROLE supabase_admin IN SCHEMA public GRANT ALL ON SEQUENCES TO service_role;


--
-- Name: DEFAULT PRIVILEGES FOR FUNCTIONS; Type: DEFAULT ACL; Schema: public; Owner: postgres
--

ALTER DEFAULT PRIVILEGES FOR ROLE postgres IN SCHEMA public GRANT ALL ON FUNCTIONS TO postgres;
ALTER DEFAULT PRIVILEGES FOR ROLE postgres IN SCHEMA public GRANT ALL ON FUNCTIONS TO anon;
ALTER DEFAULT PRIVILEGES FOR ROLE postgres IN SCHEMA public GRANT ALL ON FUNCTIONS TO authenticated;
ALTER DEFAULT PRIVILEGES FOR ROLE postgres IN SCHEMA public GRANT ALL ON FUNCTIONS TO service_role;


--
-- Name: DEFAULT PRIVILEGES FOR FUNCTIONS; Type: DEFAULT ACL; Schema: public; Owner: supabase_admin
--

ALTER DEFAULT PRIVILEGES FOR ROLE supabase_admin IN SCHEMA public GRANT ALL ON FUNCTIONS TO postgres;
ALTER DEFAULT PRIVILEGES FOR ROLE supabase_admin IN SCHEMA public GRANT ALL ON FUNCTIONS TO anon;
ALTER DEFAULT PRIVILEGES FOR ROLE supabase_admin IN SCHEMA public GRANT ALL ON FUNCTIONS TO authenticated;
ALTER DEFAULT PRIVILEGES FOR ROLE supabase_admin IN SCHEMA public GRANT ALL ON FUNCTIONS TO service_role;


--
-- Name: DEFAULT PRIVILEGES FOR TABLES; Type: DEFAULT ACL; Schema: public; Owner: postgres
--

ALTER DEFAULT PRIVILEGES FOR ROLE postgres IN SCHEMA public GRANT ALL ON TABLES TO postgres;
ALTER DEFAULT PRIVILEGES FOR ROLE postgres IN SCHEMA public GRANT ALL ON TABLES TO anon;
ALTER DEFAULT PRIVILEGES FOR ROLE postgres IN SCHEMA public GRANT ALL ON TABLES TO authenticated;
ALTER DEFAULT PRIVILEGES FOR ROLE postgres IN SCHEMA public GRANT ALL ON TABLES TO service_role;


--
-- Name: DEFAULT PRIVILEGES FOR TABLES; Type: DEFAULT ACL; Schema: public; Owner: supabase_admin
--

ALTER DEFAULT PRIVILEGES FOR ROLE supabase_admin IN SCHEMA public GRANT ALL ON TABLES TO postgres;
ALTER DEFAULT PRIVILEGES FOR ROLE supabase_admin IN SCHEMA public GRANT ALL ON TABLES TO anon;
ALTER DEFAULT PRIVILEGES FOR ROLE supabase_admin IN SCHEMA public GRANT ALL ON TABLES TO authenticated;
ALTER DEFAULT PRIVILEGES FOR ROLE supabase_admin IN SCHEMA public GRANT ALL ON TABLES TO service_role;


--
-- PostgreSQL database dump complete
--

\unrestrict 4AVKlu1aoqmlsyQ7Fbo2u34ickffGciVNwoKp6N0BJFsVik0CcTsOfRk3SLg9Ox

